frame,sim_time,motor_drive,left_drive,right_drive,contact_fraction,force_drive,proprioceptive_drive,velocity_drive,recovery_scale,height,roll_deg,pitch_deg,wing_motion,wing_drive
0,0.034999999999999976,0.0,0.0,0.0,1.0,0.2591537535190582,0.0,1.33998988169826,0.8681509760009984,0.9474803683005787,0.0055629301968099865,-4.353446582963229,0.0,0.0
1,0.04000000000000012,0.016116652637720108,0.018575850874185562,0.01386748906224966,1.0,0.254202663898468,3.9803496221997064e-05,0.8799392926946512,0.9032567426008171,0.9118975028967673,-0.020869338586254952,-5.4173138213608265,0.0,0.0
2,0.04500000000000026,0.40445125102996826,0.43653249740600586,0.37288138270378113,0.8333333134651184,0.14768420159816742,0.0015136045826743636,2.3606160693303004,0.8796152484142039,0.8854975171829733,-0.003469153027355466,-5.599793485267507,0.0,0.0
3,0.050000000000000405,0.8986952900886536,0.891640841960907,0.9044684171676636,0.6666666865348816,0.12011770904064178,0.005900843853196867,2.0241845958047437,0.8755601447718332,0.8688881510667698,0.010276491934054131,-5.480203016462222,0.0,0.0
4,0.05500000000000055,0.9831158518791199,0.9798761606216431,0.9861325621604919,0.8333333134651184,0.1359243541955948,0.011063467092149391,1.8700579531805268,0.878217710745284,0.8532457361224846,0.0032583377548085052,-5.364313437320553,0.0,0.0
5,0.06000000000000069,0.9884880781173706,0.9891640543937683,0.9876734018325806,1.0,0.18245449662208557,0.018026490536740165,1.4299906902505044,0.88079303472621,0.8381987545908105,0.005614499296184565,-5.258012858803437,0.0,0.0
6,0.06500000000000083,0.9892555475234985,0.9876160621643066,0.990755021572113,0.6666666865348816,0.10385779291391373,0.025156452967107716,1.7451253981816384,0.8831552698043681,0.8241993422444763,0.025172846905549155,-5.1632659482693315,0.0,0.0
7,0.07000000000000098,0.9915578961372375,0.99071204662323,0.9922958612442017,0.6666666865348816,0.10273067653179169,0.030097834898748583,1.7301757321535618,0.8852607567051259,0.8107601836661417,0.04058740893297392,-5.060386209832031,0.0,0.0
8,0.07500000000000112,0.9877206087112427,0.986068069934845,0.9892141819000244,0.6666666865348816,0.07684677094221115,0.036545044028166565,1.062269575099549,0.8875469731148438,0.7984931026029173,0.07180537866146862,-4.947684661490329,0.0,0.0
9,0.08000000000000126,0.9900230169296265,0.9891640543937683,0.990755021572113,1.0,0.17919233441352844,0.04286119204491031,0.4014802902527927,0.8900514519668816,0.7895069516519297,0.10650734457617736,-4.839430550615469,0.0,0.0
10,0.08500000000000141,0.9892555475234985,0.9876160621643066,0.990755021572113,1.0,0.16938234865665436,0.052210297228942056,0.25650938268326856,0.8924570988752119,0.7866645747014062,0.16557397824580652,-4.81656278832369,0.0,0.0
11,0.09000000000000155,0.9907904267311096,0.9891640543937683,0.9922958612442017,1.0,0.12927135825157166,0.058281740447842116,0.12150800594745854,0.8929652713705847,0.7874524837920446,0.2210001327621005,-4.873997996468151,0.0,0.0
12,0.0950000000000017,0.9884880781173706,0.9876160621643066,0.9892141819000244,1.0,0.1677524894475937,0.06383960562469079,0.2692925749527929,0.8916889334118189,0.7882110691232019,0.27526109118489583,-4.933586012085615,0.0,0.0
13,0.10000000000000184,0.9900230169296265,0.9891640543937683,0.990755021572113,1.0,0.1709020584821701,0.06900379357563505,0.06852049039338143,0.8903647552869863,0.7889131690989324,0.32129996212836553,-4.989214263256327,0.0,0.0
14,0.10500000000000198,0.9869531393051147,0.986068069934845,0.9876734018325806,0.6666666865348816,0.1199573278427124,0.07372431980475166,0.2006542400298126,0.8891285719276372,0.7896686356583846,0.3860877218658229,-5.047210472133457,0.0,0.0
15,0.11000000000000212,0.9923253655433655,0.99071204662323,0.9938367009162903,0.8333333134651184,0.13260775804519653,0.07565752348335053,0.331169642588389,0.8878397672859232,0.7903924476764462,0.4486823319164006,-5.101903558103366,0.0,0.0
16,0.11500000000000227,0.9877206087112427,0.9845200777053833,0.990755021572113,1.0,0.1867382824420929,0.08079718507184315,0.21479364329936806,0.8866243653754807,0.7911494303244413,0.5071894244214264,-5.160150167427237,0.0,0.0
17,0.12000000000000241,0.9907904267311096,0.9922600388526917,0.9892141819000244,1.0,0.16015119850635529,0.08545157141274817,0.20312341037174267,0.8853299962793947,0.7918463995962465,0.5797527080227329,-5.213192176922329,0.0,0.0
18,0.12500000000000255,0.9877206087112427,0.986068069934845,0.9892141819000244,1.0,0.15379084646701813,0.0884935505444236,0.1651075619886586,0.8841512849572816,0.7921654097780075,0.6518724808600608,-5.2410353911035745,0.0,0.0
19,0.130000000000002,0.9923253655433655,0.99071204662323,0.9938367009162903,1.0,0.17224812507629395,0.0912379154427585,0.5377126322771076,0.883532546864365,0.7926047194152654,0.7341005976191022,-5.278055313067933,0.0,0.0
20,0.13500000000000145,0.9869531393051147,0.986068069934845,0.9876734018325806,1.0,0.15319080650806427,0.09347709317289905,0.24764940587186055,0.8827098819318238,0.7933989672824212,0.8266182499475938,-5.337453229727795,0.0,0.0
21,0.1400000000000009,0.9900230169296265,0.9891640543937683,0.990755021572113,1.0,0.1464879810810089,0.09530175185131057,0.37346694662378077,0.8813899282282712,0.7938603382180007,0.8946250907057325,-5.374772195322894,0.0,0.0
22,0.14500000000000035,0.9900230169296265,0.9891640543937683,0.990755021572113,1.0,0.16710223257541656,0.09677451024587107,0.2505975351261932,0.8805606178817135,0.7941912010958794,0.9747542896624475,-5.406838341006529,0.0,0.0
23,0.1499999999999998,0.9907904267311096,0.9891640543937683,0.9922958612442017,1.0,0.1602170467376709,0.09787122908825392,0.19335341283462287,0.8798480368665216,0.7947676432542726,1.0512364276443955,-5.452904538101038,0.0,0.0
24,0.15499999999999925,0.9877206087112427,0.986068069934845,0.9892141819000244,1.0,0.15141814947128296,0.09849619328485161,0.49391585132762994,0.8788243435977547,0.7952272563535606,1.1389759414309992,-5.487880756706735,0.0,0.0
25,0.1599999999999987,0.9900230169296265,0.9891640543937683,0.990755021572113,1.0,0.1684149205684662,0.09879581425138198,0.2791839212634403,0.8780470942954058,0.7957871578448963,1.204375267638278,-5.531687301906542,0.0,0.0
26,0.16499999999999815,0.9877206087112427,0.9876160621643066,0.9876734018325806,1.0,0.1487458199262619,0.09865799169572313,0.15407517951075633,0.877073615513188,0.796461086136676,1.2658218004597088,-5.585092716455141,0.0,0.0
27,0.1699999999999976,0.9923253655433655,0.99071204662323,0.9938367009162903,1.0,0.16821670532226562,0.09818503661658606,0.23168677555711847,0.8758868285232191,0.796917770257472,1.3229388082694946,-5.625883576972033,0.0,0.0
28,0.17499999999999705,0.9884880781173706,0.986068069934845,0.990755021572113,1.0,0.15662126243114471,0.09731443195493272,0.08592891163661216,0.874980364956177,0.7972215668006071,1.3647513299661673,-5.651063940737191,0.0,0.0
29,0.1799999999999965,0.9892555475234985,0.9891640543937683,0.9892141819000244,0.8333333134651184,0.14634838700294495,0.09613153184719271,0.21619952409673382,0.8744208013169513,0.7976385668243152,1.4231621620294932,-5.6862648083013365,0.0,0.0
30,0.18499999999999595,0.9884880781173706,0.9876160621643066,0.9892141819000244,1.0,0.17519359290599823,0.08956111615665026,0.17070713191752163,0.8736385598155259,0.7979670589971246,1.4670730530737517,-5.713980011182095,0.0,0.0
31,0.1899999999999954,0.9915578961372375,0.9891640543937683,0.9938367009162903,0.8333333134651184,0.13314186036586761,0.09269882660500225,0.2365399424093974,0.8730226664181757,0.7981083425975972,1.5195152352596943,-5.724759141229652,0.0,0.0
32,0.19499999999999484,0.9877206087112427,0.9876160621643066,0.9876734018325806,1.0,0.1569960117340088,0.089073316990437,0.0821376543538101,0.8727831301948966,0.7982596410329915,1.5460563247135313,-5.738208335782272,0.0,0.0
33,0.1999999999999943,0.9900230169296265,0.9891640543937683,0.990755021572113,1.0,0.1449400931596756,0.08796716468667748,0.06513382869248237,0.8724842592048384,0.7983529401771433,1.5857948979795222,-5.744388177131759,0.0,0.0
34,0.20499999999999374,0.9892555475234985,0.9876160621643066,0.990755021572113,0.8333333134651184,0.1366552859544754,0.08513478965040806,0.11909978983667309,0.872346929397072,0.7988357372319809,1.6267590196580834,-5.785001616328136,0.0,0.0
35,0.2099999999999932,0.9915578961372375,0.99071204662323,0.9922958612442017,1.0,0.15651017427444458,0.07761379502780562,0.2570896354248821,0.8714444085260414,0.7990358563942309,1.645566824360761,-5.798638130997376,0.0,0.0
36,0.21499999999999264,0.9869531393051147,0.9845200777053833,0.9892141819000244,1.0,0.18115410208702087,0.07846651962689424,0.13025717832372735,0.8711413748667249,0.7994323597367098,1.6593821720657629,-5.831863962479988,0.0,0.0
37,0.2199999999999921,0.9915578961372375,0.9922600388526917,0.990755021572113,1.0,0.15786418318748474,0.07472040750485644,0.09168317379729123,0.8704030230560003,0.7998977196529922,1.692283097005763,-5.863830443801852,0.0,0.0
38,0.22499999999999154,0.9869531393051147,0.986068069934845,0.9876734018325806,1.0,0.15952172875404358,0.07066245714483607,0.08874417484432447,0.8696926568044032,0.8003621821217706,1.718048154270455,-5.896447573394133,0.0,0.0
39,0.229999999999991,0.9923253655433655,0.99071204662323,0.9938367009162903,1.0,0.1624917834997177,0.06640983114487256,0.053851347730799956,0.8689678317023526,0.8007542580669851,1.7310089868752923,-5.924050438457799,0.0,0.0
40,0.23499999999999044,0.9877206087112427,0.9845200777053833,0.990755021572113,1.0,0.17555007338523865,0.06188546226195363,0.020777400510270758,0.8683544347009378,0.8011218371801413,1.7401842662850642,-5.9504050697451305,0.0,0.0
41,0.2399999999999899,0.9900230169296265,0.99071204662323,0.9892141819000244,1.0,0.1640772819519043,0.05716822041586204,0.10492155656305735,0.867768776227886,0.801405893545024,1.7401578475679207,-5.9709472681116065,0.0,0.0
42,0.24499999999998934,0.9884880781173706,0.9876160621643066,0.9892141819000244,1.0,0.16066671907901764,0.05224664591114593,0.1687100055530061,0.8673122829308532,0.8016595341997028,1.7361224326197964,-5.990170467689297,0.0,0.0
43,0.2499999999999888,0.9923253655433655,0.99071204662323,0.9938367009162903,1.0,0.15310487151145935,0.04717015410237986,0.12147855538609659,0.8668851007180156,0.8018372349424278,1.7137546725728514,-6.00138678226412,0.0,0.0
44,0.25499999999998824,0.9869531393051147,0.986068069934845,0.9876734018325806,1.0,0.16346481442451477,0.041899481078845835,0.18268252896623655,0.8666358492830195,0.8019129879237795,1.673371426660561,-6.009292194909401,0.0,0.0
45,0.2599999999999877,0.9900230169296265,0.9891640543937683,0.990755021572113,1.0,0.18661823868751526,0.03650584113910717,0.04220427117647188,0.8664601734464578,0.8019660647528495,1.6448659008392597,-6.016126530890229,0.0,0.0
46,0.26499999999998713,0.9892555475234985,0.9876160621643066,0.990755021572113,1.0,0.16528008878231049,0.030978916049949932,0.2722900738893707,0.8663082993135505,0.8021170024488508,1.6258548622804132,-6.024100890875143,0.0,0.0
47,0.2699999999999866,0.9907904267311096,0.99071204662323,0.990755021572113,0.8333333134651184,0.1486400067806244,0.025347003254025054,0.018177478769617793,0.8661310913138857,0.8021873702611746,1.6034517913264312,-6.02874080581384,0.0,0.0
48,0.27499999999998603,0.9884880781173706,0.986068069934845,0.990755021572113,0.8333333134651184,0.13390690088272095,0.018581766525423704,0.13095612160579007,0.8660279820930258,0.8022737530505232,1.562157618509339,-6.029880521349328,0.0,0.0
49,0.2799999999999855,0.9900230169296265,0.9891640543937683,0.990755021572113,1.0,0.16282787919044495,0.01363149898626683,0.31962997164211754,0.8660026550811261,0.8022548539259882,1.5313423513337951,-6.027488555100042,0.0,0.0
50,0.28499999999998493,0.9877206087112427,0.9876160621643066,0.9876734018325806,1.0,0.1600678563117981,0.007984761042153524,0.07218843741247614,0.8660558098866658,0.8023047312945272,1.4865159715762297,-6.02520228930707,0.0,0.0
51,0.2899999999999844,0.9915578961372375,0.9891640543937683,0.9938367009162903,1.0,0.1634203940629959,0.00211607329151978,0.28940874386662596,0.8661066157931763,0.8022556354063256,1.4356452350571405,-6.019878741891348,0.0,0.0
52,0.29499999999998383,0.9892555475234985,0.9876160621643066,0.990755021572113,1.0,0.1793086677789688,0.003763455537240098,0.17812031593752362,0.866224916846859,0.8022393808730324,1.386197192780297,-6.015036987342928,0.0,0.0
53,0.2999999999999833,0.9892555475234985,0.9891640543937683,0.9892141819000244,1.0,0.16048026084899902,0.009630377367645892,0.31591237252174914,0.8663325113923794,0.802251942186393,1.3239391587479832,-6.010320490220842,0.0,0.0
54,0.30499999999998273,0.9884880781173706,0.9876160621643066,0.9892141819000244,0.6666666865348816,0.11594489961862564,0.015462100254852737,0.30315052201005294,0.8664373224395369,0.8021751940832511,1.2665529820759673,-6.002007508461234,0.0,0.0
55,0.3099999999999822,0.9915578961372375,0.9891640543937683,0.9938367009162903,1.0,0.18424555659294128,0.020619428047347968,0.2453183315509567,0.8666220553675281,0.802187332384192,1.2034307818614687,-5.997989014278956,0.0,0.0
56,0.31499999999998163,0.9869531393051147,0.986068069934845,0.9876734018325806,0.8333333134651184,0.13444748520851135,0.02694456965107424,0.28998234167215675,0.8667113552382454,0.8023625509004194,1.1211842536738057,-6.003247173469621,0.0,0.0
57,0.3199999999999811,0.9907904267311096,0.99071204662323,0.990755021572113,1.0,0.16150841116905212,0.030968331346158274,0.46393381381864496,0.8665945072562307,0.8025361537784347,1.0414040661990605,-6.009299268690674,0.0,0.0
58,0.3249999999999805,0.9892555475234985,0.9876160621643066,0.990755021572113,1.0,0.16976569592952728,0.03803160664764256,0.39519155166598174,0.8664600162513183,0.8027532750523154,0.965993775733819,-6.021806878560474,0.0,0.0
59,0.32999999999998,0.9907904267311096,0.9891640543937683,0.9922958612442017,1.0,0.17062009871006012,0.04337485979965786,0.39927100575443075,0.8661820693653228,0.8030097546639908,0.8815634709008753,-6.036942565185862,0.0,0.0
60,0.3349999999999794,0.9877206087112427,0.986068069934845,0.9892141819000244,1.0,0.1744491457939148,0.048535636519319594,0.31307186635585615,0.8658457207736475,0.8033288948095292,0.8003717444270257,-6.055441106454179,0.0,0.0
61,0.3399999999999789,0.9900230169296265,0.9891640543937683,0.990755021572113,0.8333333134651184,0.15612846612930298,0.05352985894125244,0.3566561221659777,0.8654346420787961,0.8035360566301075,0.7129402358831805,-6.067192476528212,0.0,0.0
62,0.3449999999999783,0.9884880781173706,0.9891640543937683,0.9876734018325806,1.0,0.15033861994743347,0.05742435120992922,0.5436049909032286,0.8651735005215953,0.8038771286171237,0.6253796174437488,-6.087108012572647,0.0,0.0
63,0.3499999999999778,0.9915578961372375,0.9891640543937683,0.9938367009162903,1.0,0.15591953694820404,0.06291980043237237,0.27623781772425404,0.8647309330539412,0.8040831431655431,0.5300314310271305,-6.099621686153016,0.0,0.0
64,0.3549999999999772,0.9884880781173706,0.986068069934845,0.990755021572113,1.0,0.1548129916191101,0.06726742507668279,0.17390824724193485,0.8644528514188219,0.804349085546271,0.440822662391262,-6.118643020978257,0.0,0.0
65,0.35999999999997667,0.9900230169296265,0.99071204662323,0.9892141819000244,1.0,0.15060043334960938,0.07137459145627405,0.2851435971786467,0.8640301550893721,0.8044303035702663,0.3514117214581346,-6.124146439286716,0.0,0.0
66,0.3649999999999761,0.9877206087112427,0.986068069934845,0.9892141819000244,1.0,0.16668912768363953,0.0752229044222967,0.45924339652287677,0.8639078569047396,0.8044546771346924,0.26580657268698593,-6.1265324946545725,0.0,0.0
67,0.36999999999997557,0.9930928349494934,0.9922600388526917,0.9938367009162903,0.6666666865348816,0.10855841636657715,0.07886448288807556,0.37879060966601164,0.8638548334521206,0.8049540290052166,0.16636622005247345,-6.161699246621992,0.0,0.0
68,0.374999999999975,0.9861856698989868,0.9845200777053833,0.9876734018325806,1.0,0.16504386067390442,0.07964012681667725,0.39449880976978485,0.8630733500750669,0.8050865941484303,0.07429544109138221,-6.172959999689182,0.0,0.0
69,0.37999999999997447,0.9907904267311096,0.99071204662323,0.990755021572113,1.0,0.14803029596805573,0.08508848156214088,0.34650869437036685,0.8628231111180182,0.8053900611810432,-0.013522572617374998,-6.195602926171347,0.0,0.0
70,0.3849999999999739,0.9884880781173706,0.986068069934845,0.990755021572113,1.0,0.14704690873622894,0.08774143108211045,0.38428674248632294,0.8623199349739701,0.8056058437906034,-0.10476416047869222,-6.212279874430495,0.0,0.0
71,0.38999999999997337,0.9907904267311096,0.99071204662323,0.990755021572113,1.0,0.15751595795154572,0.09011970956975848,0.32163942840873266,0.8619493361237668,0.8056735010512478,-0.17925089147211215,-6.220485067118997,0.0,0.0
72,0.3949999999999728,0.9884880781173706,0.986068069934845,0.990755021572113,0.8333333134651184,0.13067518174648285,0.09216009913520817,0.24903533078909085,0.8617669985084667,0.8059356131265446,-0.2713659752874021,-6.24180299326307,0.0,0.0
73,0.39999999999997227,0.9907904267311096,0.99071204662323,0.990755021572113,1.0,0.15305441617965698,0.08891536456831618,0.1005637586159127,0.8612932668163762,0.8061317760146927,-0.3559094898446878,-6.255114173781601,0.0,0.0
74,0.4049999999999717,0.9869531393051147,0.986068069934845,0.9876734018325806,1.0,0.15461888909339905,0.0952042844127082,0.29256064004588966,0.8609974628048533,0.8064605870715494,-0.441703121385783,-6.281542923510876,0.0,0.0
75,0.40999999999997117,0.9923253655433655,0.99071204662323,0.9938367009162903,1.0,0.15688465535640717,0.09623913089071,0.21140301433869785,0.8604101572553139,0.8066103625758825,-0.5130251875569133,-6.29700799275109,0.0,0.0
76,0.4149999999999706,0.9877206087112427,0.9845200777053833,0.990755021572113,1.0,0.15523368120193481,0.09688640565366076,0.2082914803825576,0.8600664890499757,0.8067128854925346,-0.5841768783678649,-6.30709675352246,0.0,0.0
77,0.41999999999997006,0.9907904267311096,0.9922600388526917,0.9892141819000244,1.0,0.13605603575706482,0.09724450686700535,0.2597188453223476,0.8598422943661675,0.8068801536763734,-0.6694334695162819,-6.321390127545701,0.0,0.0
78,0.4249999999999695,0.9877206087112427,0.986068069934845,0.9892141819000244,1.0,0.19370219111442566,0.09719736123369473,0.4235399183763992,0.8595246638323177,0.8070125860475009,-0.7416699378281205,-6.336470631203343,0.0,0.0
79,0.42999999999996896,0.9923253655433655,0.99071204662323,0.9938367009162903,0.8333333134651184,0.12279139459133148,0.0968630946808723,0.3410309214093357,0.8591895415288147,0.8073731716091677,-0.8072652885059748,-6.364694070174435,0.0,0.0
80,0.4349999999999684,0.9869531393051147,0.986068069934845,0.9876734018325806,1.0,0.15305031836032867,0.09470870516061887,0.23030646618295392,0.8585623539961237,0.8075401693359878,-0.8756201826327613,-6.380339696705702,0.0,0.0
81,0.43999999999996786,0.9900230169296265,0.9891640543937683,0.990755021572113,1.0,0.1519751101732254,0.09501253751076887,0.20182601776085887,0.8582146734065399,0.8077314203799411,-0.9423778234047719,-6.396256312573002,0.0,0.0
82,0.4449999999999673,0.9900230169296265,0.9891640543937683,0.990755021572113,1.0,0.16951872408390045,0.09361023638972527,0.1499868278512915,0.8578609708317111,0.8078665795169548,-1.002899595665089,-6.410478504764297,0.0,0.0
83,0.44999999999996676,0.9907904267311096,0.9891640543937683,0.9922958612442017,1.0,0.12829896807670593,0.09188380321082233,0.34245397809348066,0.8575449221163489,0.8078529835343509,-1.0497691030842955,-6.409095805556384,0.0,0.0
84,0.4549999999999662,0.9877206087112427,0.986068069934845,0.9892141819000244,1.0,0.1579633355140686,0.08982411254898807,0.14359376545114688,0.8575756487654137,0.8080565659516782,-1.0894086283924431,-6.42790783934376,0.0,0.0
85,0.45999999999996566,0.9900230169296265,0.9891640543937683,0.990755021572113,1.0,0.15102817118167877,0.0874283853338216,0.08728770617264879,0.8571576035701387,0.8083346932951468,-1.1449278446432347,-6.451060349670111,0.0,0.0
86,0.4649999999999651,0.9884880781173706,0.9876160621643066,0.9892141819000244,1.0,0.17172004282474518,0.08469169854093771,0.12387540450632317,0.8566431033406642,0.8084503390454749,-1.193796003155487,-6.462485677049582,0.0,0.0
87,0.46999999999996456,0.9915578961372375,0.99071204662323,0.9922958612442017,1.0,0.1795375943183899,0.08171487633491092,0.08661669476685463,0.856389207176676,0.8084254617247785,-1.2167650932542764,-6.463364890535778,0.0,0.0
88,0.474999999999964,0.9892555475234985,0.9876160621643066,0.990755021572113,1.0,0.1624404937028885,0.07843642125280932,0.1386731938348691,0.8563696690992049,0.8084547674031011,-1.2441024911393137,-6.462637766351188,0.0,0.0
89,0.47999999999996346,0.9884880781173706,0.9876160621643066,0.9892141819000244,0.8333333134651184,0.12924399971961975,0.07487299217873988,0.023878661696654556,0.856385827414418,0.8085175980586401,-1.261583032198387,-6.469161091232671,0.0,0.0
90,0.4849999999999629,0.9892555475234985,0.9891640543937683,0.9892141819000244,1.0,0.14887097477912903,0.07002972329577146,0.15497650008116828,0.856240864639274,0.8085439058205738,-1.278720056642456,-6.470620448885548,0.0,0.0
91,0.48999999999996235,0.9907904267311096,0.9876160621643066,0.9938367009162903,0.8333333134651184,0.14817455410957336,0.06696966821622478,0.059657054443821286,0.85620843446921,0.80852947025765,-1.2917822530168268,-6.4709385928135,0.0,0.0
92,0.4949999999999618,0.9884880781173706,0.9891640543937683,0.9876734018325806,1.0,0.18194714188575745,0.06167341507654358,0.057039539867590854,0.8562013646041444,0.8085792101557104,-1.3016261677408834,-6.476249663520076,0.0,0.0
93,0.49999999999996125,0.9892555475234985,0.9876160621643066,0.990755021572113,1.0,0.15951700508594513,0.058087907800280225,0.07574535293870621,0.856083340810665,0.8087296875488387,-1.3092313786568028,-6.48461317392766,0.0,0.0
94,0.5049999999999607,0.9900230169296265,0.9891640543937683,0.990755021572113,1.0,0.15055587887763977,0.053328981775830966,0.2100175518496054,0.8558974850238298,0.8088850208539842,-1.3055790048692404,-6.49483265348674,0.0,0.0
95,0.5099999999999602,0.9900230169296265,0.9891640543937683,0.990755021572113,1.0,0.16697755455970764,0.0483762725623202,0.08120209355221658,0.8556703854780725,0.8089463494613595,-1.3116528161840382,-6.5010210647400495,0.0,0.0
96,0.5149999999999596,0.9884880781173706,0.986068069934845,0.990755021572113,1.0,0.16096359491348267,0.04324633175749002,0.08461137459344527,0.8555328652279989,0.8090986884111342,-1.30099814288876,-6.508927774250908,0.0,0.0
97,0.519999999999959,0.9907904267311096,0.99071204662323,0.990755021572113,1.0,0.16472941637039185,0.03797547301698106,0.22145507643195558,0.855357160572202,0.8092477383301918,-1.2820482605694943,-6.520476488095007,0.0,0.0
98,0.5249999999999585,0.9877206087112427,0.9876160621643066,0.9876734018325806,1.0,0.16949482262134552,0.032550472283312676,0.1705204131558666,0.8551005224867776,0.8093008180142567,-1.2710757582199235,-6.52288171918192,0.0,0.0
99,0.529999999999958,0.9915578961372375,0.9891640543937683,0.9938367009162903,0.8333333134651184,0.1341884434223175,0.02703584487829086,0.16985850491065133,0.8550470729070685,0.8094588374938841,-1.246876004567879,-6.531300713658369,0.0,0.0
100,0.5349999999999574,0.9884880781173706,0.986068069934845,0.990755021572113,1.0,0.15990036725997925,0.021104386826085682,0.058637094070611476,0.8548599841409251,0.8094547878977545,-1.224984413260762,-6.530324050704237,0.0,0.0
101,0.5399999999999568,0.9892555475234985,0.9891640543937683,0.9892141819000244,1.0,0.171122208237648,0.015713449428140996,0.22993913703545482,0.854881687762128,0.8094855055768224,-1.1915777630750743,-6.53050537281044,0.0,0.0
102,0.5449999999999563,0.9892555475234985,0.9891640543937683,0.9892141819000244,1.0,0.16573670506477356,0.00996220109509669,0.28245410872956656,0.8548776583819901,0.8095064369982871,-1.1502243543949005,-6.528159714684285,0.0,0.0
103,0.5499999999999557,0.9915578961372375,0.9891640543937683,0.9938367009162903,1.0,0.15723638236522675,0.004176941143108538,0.1635886897307949,0.854929784118127,0.8095205867475388,-1.1122518936262054,-6.526997663897922,0.0,0.0
104,0.5549999999999552,0.9877206087112427,0.9876160621643066,0.9876734018325806,1.0,0.15365023910999298,0.0016264118117282117,0.3226916086884552,0.8549556074689351,0.8095017239581166,-1.0626273446509034,-6.521006832428923,0.0,0.0
105,0.5599999999999546,0.9892555475234985,0.9876160621643066,0.990755021572113,1.0,0.1634168028831482,0.007424008410915315,0.15463906827104798,0.8550887370571351,0.8094661847500132,-1.0179984629245085,-6.514718653001716,0.0,0.0
106,0.5649999999999541,0.9900230169296265,0.9891640543937683,0.990755021572113,1.0,0.15477055311203003,0.013197940056194433,0.3161858489907347,0.8552284743777396,0.8095426574597383,-0.9599127250546989,-6.516189816308152,0.0,0.0
107,0.5699999999999535,0.9907904267311096,0.9891640543937683,0.9922958612442017,1.0,0.1840127855539322,0.0189250652845288,0.24293177463599183,0.8551957818598188,0.8094602609577454,-0.9063603518731836,-6.508351519262478,0.0,0.0
108,0.574999999999953,0.9884880781173706,0.9876160621643066,0.9892141819000244,1.0,0.1555834412574768,0.02458311335308303,0.39600314866395,0.8553699662386116,0.8094894543836225,-0.8443229349239812,-6.506160255221465,0.0,0.0
109,0.5799999999999524,0.9892555475234985,0.9876160621643066,0.990755021572113,1.0,0.15660832822322845,0.03015280793543359,0.326140772019631,0.8554186609950786,0.8096076377954324,-0.7773655964136154,-6.5110113268108325,0.0,0.0
110,0.5849999999999519,0.9884880781173706,0.9891640543937683,0.9876734018325806,1.0,0.16898788511753082,0.03560410530708202,0.46789212952787845,0.8553108594042037,0.809652549987135,-0.7007892124396273,-6.508785458705549,0.0,0.0
111,0.5899999999999513,0.9907904267311096,0.9876160621643066,0.9938367009162903,1.0,0.1686939299106598,0.04094607222517247,0.49440181164886016,0.8553603231398768,0.8096704501473785,-0.6243826614144526,-6.507391897533761,0.0,0.0
112,0.5949999999999508,0.9900230169296265,0.9891640543937683,0.990755021572113,1.0,0.1682584434747696,0.046135552290272074,0.499045501356473,0.8553912911659164,0.8096678548184426,-0.5480744810719173,-6.50439909478649,0.0,0.0
113,0.5999999999999502,0.9884880781173706,0.9876160621643066,0.9892141819000244,1.0,0.16951917111873627,0.05115102639726746,0.5226182433191732,0.8554577978936335,0.8097993239082056,-0.4594747843898071,-6.509158913530699,0.0,0.0
114,0.6049999999999497,0.9892555475234985,0.9891640543937683,0.9892141819000244,0.8333333134651184,0.14943447709083557,0.055977721559665426,0.3530043940456323,0.8553520241437622,0.8099335449347809,-0.3901773459358633,-6.520111603660962,0.0,0.0
115,0.6099999999999491,0.9907904267311096,0.9876160621643066,0.9938367009162903,0.8333333134651184,0.1650676280260086,0.05965988855428828,0.4328844224352119,0.8551086310297564,0.8100058445310343,-0.3187348623335446,-6.5244548099897095,0.0,0.0
116,0.6149999999999486,0.9884880781173706,0.9876160621643066,0.9892141819000244,0.8333333134651184,0.13918517529964447,0.06156473621620764,0.4134015686935316,0.855012115333562,0.8103280785481253,-0.21991500241591821,-6.545128107929563,0.0,0.0
117,0.619999999999948,0.9900230169296265,0.9891640543937683,0.990755021572113,0.8333333134651184,0.1525871902704239,0.0654929637456902,0.32581740945105414,0.8545527087126764,0.8104478047584716,-0.13162952995583146,-6.553904936014368,0.0,0.0
118,0.6249999999999475,0.9900230169296265,0.9891640543937683,0.990755021572113,1.0,0.15393677353858948,0.06951895301002965,0.3533386850210727,0.8543576680885696,0.8106535329800417,-0.04453810248797424,-6.565530488631021,0.0,0.0
119,0.6299999999999469,0.9892555475234985,0.9876160621643066,0.990755021572113,1.0,0.18107351660728455,0.07670296220567233,0.2758057727338533,0.8540993224748662,0.810781021666577,0.041544177823254876,-6.577616494816616,0.0,0.0
120,0.6349999999999464,0.9892555475234985,0.9876160621643066,0.990755021572113,1.0,0.15595412254333496,0.08006198458714615,0.15260786450832142,0.8538307445596307,0.810875863030633,0.11510079743187064,-6.587325028289895,0.0,0.0
121,0.6399999999999458,0.9892555475234985,0.9876160621643066,0.990755021572113,0.8333333134651184,0.13057242333889008,0.08313638990664589,0.2536875559525331,0.8536149993713357,0.810802711707824,0.19537949538269384,-6.5829724108975585,0.0,0.0
122,0.6449999999999453,0.9900230169296265,0.99071204662323,0.9892141819000244,0.8333333134651184,0.1462518274784088,0.0817778920872459,0.2611329438204686,0.8537117242022765,0.8110469037596645,0.3052034361379934,-6.6037208934183145,0.0,0.0
123,0.6499999999999447,0.9900230169296265,0.9876160621643066,0.9922958612442017,1.0,0.16076883673667908,0.08372313843599467,0.3056292769683839,0.8532506468129264,0.8110356402738765,0.3730863616065264,-6.604840710098961,0.0,0.0
124,0.6549999999999442,0.9892555475234985,0.9876160621643066,0.990755021572113,1.0,0.1684092879295349,0.09055979122060734,0.4759808473932827,0.8532257619978009,0.811286958918051,0.4734132580217594,-6.622821716134546,0.0,0.0
125,0.6599999999999436,0.9892555475234985,0.9891640543937683,0.9892141819000244,0.8333333134651184,0.13146091997623444,0.09235602905875853,0.3658190693475148,0.8528261840858989,0.811482587172534,0.5482631736794734,-6.643143567223771,0.0,0.0
126,0.6649999999999431,0.9884880781173706,0.9876160621643066,0.9892141819000244,0.8333333134651184,0.10943397134542465,0.09247094022972342,0.2562568257889858,0.8523745873950273,0.811562027090599,0.623581086732084,-6.651504673299451,0.0,0.0
127,0.6699999999999425,0.9923253655433655,0.99071204662323,0.9938367009162903,0.8333333134651184,0.13664427399635315,0.09038248353364788,0.14120816635670413,0.8521887850377899,0.8115030482961921,0.6956095813906711,-6.649830498750117,0.0,0.0
128,0.674999999999942,0.9869531393051147,0.986068069934845,0.9876734018325806,1.0,0.15715579688549042,0.09114106366759175,0.2839829077431556,0.8522259889166641,0.8115732794399976,0.7846278298067633,-6.654114304430394,0.0,0.0
129,0.6799999999999414,0.9900230169296265,0.9891640543937683,0.990755021572113,1.0,0.18230876326560974,0.09627333249841839,0.28093482154004384,0.8521307932348802,0.8117161869189069,0.8491369800981129,-6.671120163980287,0.0,0.0
130,0.6849999999999409,0.9892555475234985,0.9876160621643066,0.990755021572113,0.6666666865348816,0.13423462212085724,0.09636678475342443,0.017485550438797442,0.8517528852448825,0.8118058390281413,0.9330617617061135,-6.681414780059307,0.0,0.0
131,0.6899999999999403,0.9907904267311096,0.9891640543937683,0.9922958612442017,1.0,0.15549997985363007,0.09000215628817271,0.21035138482851462,0.851524115998682,0.8117934004648204,0.9964658463066387,-6.684427195000316,0.0,0.0
132,0.6949999999999398,0.9884880781173706,0.9876160621643066,0.9892141819000244,1.0,0.1638045608997345,0.09557326710563317,0.25529862850939583,0.8514571734444374,0.8118665487318115,1.0646073133836789,-6.690960938396238,0.0,0.0
133,0.6999999999999392,0.9900230169296265,0.9891640543937683,0.990755021572113,0.8333333134651184,0.16942451894283295,0.09466619824988402,0.2734925524543815,0.8513119791467503,0.8120061652673665,1.121867356553545,-6.707850754595623,0.0,0.0
134,0.7049999999999387,0.9877206087112427,0.9876160621643066,0.9876734018325806,0.8333333134651184,0.154378280043602,0.09203664097784299,0.03479798180068377,0.850936649897875,0.8121927270674087,1.176969967325106,-6.722274183496931,0.0,0.0
135,0.7099999999999381,0.9915578961372375,0.9891640543937683,0.9938367009162903,1.0,0.16380761563777924,0.08732948957872205,0.214552935054575,0.8506161292556238,0.8122982816818183,1.227281308994147,-6.730793196147823,0.0,0.0
136,0.7149999999999376,0.9892555475234985,0.9876160621643066,0.990755021572113,0.8333333134651184,0.10431227833032608,0.08985510947695743,0.13157714619582603,0.8504268178633817,0.8125371956587342,1.2717781782562907,-6.753914018401937,0.0,0.0
137,0.719999999999937,0.9892555475234985,0.9891640543937683,0.9892141819000244,1.0,0.1576579511165619,0.08289710343734143,0.24354305105396637,0.8499130218132903,0.8127604446396579,1.3171707898745681,-6.7711722274137385,0.0,0.0
138,0.7249999999999365,0.9892555475234985,0.9891640543937683,0.9892141819000244,1.0,0.16560062766075134,0.0849889461069594,0.18607468082012568,0.8495295060574725,0.8129602137153292,1.348772695351165,-6.788893568437321,0.0,0.0
139,0.7299999999999359,0.9907904267311096,0.9876160621643066,0.9938367009162903,1.0,0.18616798520088196,0.0821206373300375,0.18223136314911315,0.8491356984791707,0.8131869297383689,1.4021792649784797,-6.806094348588735,0.0,0.0
140,0.7349999999999354,0.9884880781173706,0.9876160621643066,0.9892141819000244,1.0,0.15264390408992767,0.0789319363967479,0.12963534498054366,0.8487534589202503,0.8132029573991395,1.4223135715654716,-6.8074441593209425,0.0,0.0
141,0.7399999999999348,0.9892555475234985,0.9876160621643066,0.990755021572113,1.0,0.16208423674106598,0.07550496145879024,0.09659312507521367,0.8487234631262013,0.8131545297873537,1.4377610970253016,-6.805156654494891,0.0,0.0
142,0.7449999999999343,0.9907904267311096,0.99071204662323,0.990755021572113,1.0,0.15256065130233765,0.07182835542551386,0.09959087929347532,0.8487742965667802,0.8131475626738571,1.454730418274216,-6.806156481785938,0.0,0.0
143,0.7499999999999337,0.9892555475234985,0.9876160621643066,0.990755021572113,1.0,0.15654481947422028,0.06786959750899955,0.13074074407034353,0.8487520781825347,0.8131298928518451,1.457371075606207,-6.805062454307598,0.0,0.0
144,0.7549999999999332,0.9892555475234985,0.9876160621643066,0.990755021572113,1.0,0.1632293164730072,0.0636715140122698,0.10794833002115042,0.8487763899042756,0.813127666895598,1.4670684488365275,-6.803790127080572,0.0,0.0
145,0.7599999999999326,0.9892555475234985,0.9876160621643066,0.990755021572113,1.0,0.15854473412036896,0.059245274033830606,0.15863337697605018,0.848804663842654,0.8131724225249355,1.4624418884869228,-6.808317962587597,0.0,0.0
146,0.7649999999999321,0.9884880781173706,0.9891640543937683,0.9876734018325806,1.0,0.1762487292289734,0.05459204682417923,0.024109680169756027,0.8487040452758312,0.8131620203212434,1.4646793730668928,-6.8086715530218065,0.0,0.0
147,0.7699999999999315,0.9915578961372375,0.9891640543937683,0.9938367009162903,1.0,0.16391892731189728,0.04977237460167599,0.08243276386312728,0.8486961877106265,0.8132804688531482,1.462628587332613,-6.81503554178013,0.0,0.0
148,0.774999999999931,0.9892555475234985,0.9876160621643066,0.990755021572113,1.0,0.14941447973251343,0.044747040120507925,0.13673337046249998,0.8485547657382193,0.8133466740212757,1.453672840089163,-6.818473952976581,0.0,0.0
149,0.7799999999999304,0.9884880781173706,0.9876160621643066,0.9892141819000244,1.0,0.16162225604057312,0.03956241915646788,0.17826184948552187,0.8484783566005204,0.8133417935700681,1.4388940356107929,-6.817647170113898,0.0,0.0
150,0.7849999999999299,0.9892555475234985,0.9891640543937683,0.9892141819000244,1.0,0.15427275002002716,0.03424630993555473,0.21587855565243422,0.8484967295530245,0.8134153307077755,1.4216769391980637,-6.8212306000504945,0.0,0.0
151,0.7899999999999293,0.9907904267311096,0.9876160621643066,0.9938367009162903,1.0,0.16666193306446075,0.028809921254444672,0.09701906839549417,0.8484170977766556,0.8133510635731019,1.4085304758088681,-6.816334314203943,0.0,0.0
152,0.7949999999999288,0.9884880781173706,0.9891640543937683,0.9876734018325806,1.0,0.15845416486263275,0.02326563755483985,0.1508017191092712,0.8485259041288012,0.8133502957060211,1.3837579738615327,-6.81294138390351,0.0,0.0
153,0.7999999999999282,0.9892555475234985,0.9876160621643066,0.990755021572113,1.0,0.15824300050735474,0.01763979591957623,0.06871366378980316,0.848601302579922,0.8133098142190363,1.3523092629221147,-6.80831056518071,0.0,0.0
154,0.8049999999999277,0.9900230169296265,0.9891640543937683,0.990755021572113,1.0,0.1662234216928482,0.01195134104676308,0.24215772045177622,0.8487042096626509,0.8132410272155532,1.3161118508315626,-6.800053577730946,0.0,0.0
155,0.8099999999999271,0.9907904267311096,0.9891640543937683,0.9922958612442017,1.0,0.16067920625209808,0.006218675116773784,0.31010307647244234,0.8488876982726457,0.813141574061476,1.2770933699239015,-6.789334474469544,0.0,0.0
156,0.8149999999999266,0.9877206087112427,0.986068069934845,0.9892141819000244,0.8333333134651184,0.15022645890712738,0.0004590065342691445,0.2891923327637043,0.8491259005673435,0.813015539064824,1.2396007488682348,-6.778230952807466,0.0,0.0
157,0.819999999999926,0.9907904267311096,0.99071204662323,0.990755021572113,0.8333333134651184,0.08969204127788544,0.005229496775026548,0.2846285092401744,0.8493726454931674,0.8129121493371622,1.189853539497442,-6.767339274243302,0.0,0.0
158,0.8249999999999255,0.9877206087112427,0.9876160621643066,0.9876734018325806,1.0,0.161783367395401,0.010893202762621262,0.36799964024558846,0.8496146827945933,0.8128019469101335,1.1381073522432086,-6.7548286585268995,0.0,0.0
159,0.8299999999999249,0.9915578961372375,0.9891640543937683,0.9938367009162903,1.0,0.17458364367485046,0.016765742813340125,0.45316944698537803,0.84989269647718,0.8127829841835081,1.0792906798687447,-6.747764670703909,0.0,0.0
160,0.8349999999999244,0.9884880781173706,0.986068069934845,0.990755021572113,0.8333333134651184,0.14175620675086975,0.02241462177805774,0.33492757617822033,0.8500496739843576,0.8126714381678549,1.0236848858792336,-6.736433401757575,0.0,0.0
161,0.8399999999999238,0.9892555475234985,0.9891640543937683,0.9892141819000244,1.0,0.18645718693733215,0.027553571545697972,0.26003426320266537,0.8503014799609427,0.8123630780065542,0.9721687217877292,-6.7099906270800265,0.0,0.0
162,0.8449999999999233,0.9892555475234985,0.9891640543937683,0.9892141819000244,1.0,0.1863921582698822,0.033481327487470854,0.38509145613373946,0.8508890971759994,0.8124698762322483,0.901079476366134,-6.713088109491531,0.0,0.0
163,0.8499999999999227,0.9915578961372375,0.9891640543937683,0.9938367009162903,1.0,0.18359698355197906,0.03884107277240234,0.2855876601891128,0.8508202642335215,0.8124661704294085,0.8313085908842709,-6.710320939251746,0.0,0.0
164,0.8549999999999222,0.9884880781173706,0.9876160621643066,0.9892141819000244,0.8333333134651184,0.14578436315059662,0.04404962996553804,0.34328433354488486,0.8508817569055167,0.8123519981244625,0.7628375486127118,-6.69728185208276,0.0,0.0
165,0.8599999999999216,0.9892555475234985,0.9876160621643066,0.990755021572113,1.0,0.14944130182266235,0.046527430939722225,0.42260765641235787,0.8511715143981609,0.812511000683481,0.6830160257055581,-6.704989924143637,0.0,0.0
166,0.864999999999921,0.9900230169296265,0.9891640543937683,0.990755021572113,1.0,0.16842339932918549,0.053990198694972624,0.28563344151113756,0.8510002239079192,0.8126218743414276,0.6004521712326469,-6.711745540959469,0.0,0.0
167,0.8699999999999205,0.9900230169296265,0.9891640543937683,0.990755021572113,1.0,0.18307159841060638,0.05866708390407022,0.44528975573997953,0.8508500990897896,0.8125114921493443,0.5239610732418244,-6.702003943846831,0.0,0.0
168,0.87499999999992,0.9892555475234985,0.9876160621643066,0.990755021572113,1.0,0.17761912941932678,0.06315160279573089,0.4717485041654217,0.851066579025626,0.8123849051700589,0.44587611236043556,-6.691959268892533,0.0,0.0
169,0.8799999999999194,0.9892555475234985,0.9876160621643066,0.990755021572113,1.0,0.15247780084609985,0.06741187606530942,0.258232448717313,0.8512897940246104,0.8127458159308343,0.35276272013820265,-6.715894561334585,0.0,0.0
170,0.8849999999999189,0.9884880781173706,0.9891640543937683,0.9876734018325806,1.0,0.15359839797019958,0.07136189461898494,0.2349323553992656,0.8507578986370092,0.8127943617984218,0.27624985088293075,-6.72180848691802,0.0,0.0
171,0.8899999999999183,0.9907904267311096,0.9876160621643066,0.9938367009162903,1.0,0.14758196473121643,0.07510864716418286,0.31780740199692126,0.8506264780684885,0.8127233582355999,0.192745123288452,-6.71773909303528,0.0,0.0
172,0.8949999999999178,0.9900230169296265,0.9891640543937683,0.990755021572113,0.8333333134651184,0.1340310424566269,0.07859544123589196,0.32000016592353003,0.8507169090436605,0.8127122586063281,0.10808351433791008,-6.7166642315663445,0.0,0.0
173,0.8999999999999172,0.9884880781173706,0.9876160621643066,0.9892141819000244,1.0,0.17072248458862305,0.07779869686869391,0.4043344090107036,0.8507407948540813,0.8128394683842153,0.01914155729217974,-6.727912543192359,0.0,0.0
174,0.9049999999999166,0.9892555475234985,0.9891640543937683,0.9892141819000244,0.8333333134651184,0.14560016989707947,0.08464662106066194,0.36973815602257903,0.8504908323735031,0.813208959591672,-0.07415015841538905,-6.756760053438127,0.0,0.0
175,0.9099999999999161,0.9907904267311096,0.9876160621643066,0.9938367009162903,1.0,0.15255770087242126,0.08584025400750928,0.3327204014334345,0.8498497765902638,0.8131028180640006,-0.14258216932729692,-6.751256146153196,0.0,0.0
176,0.9149999999999155,0.9877206087112427,0.9876160621643066,0.9876734018325806,1.0,0.17647093534469604,0.08945364659607989,0.31402549231928123,0.8499720856410401,0.8132270061099117,-0.24458553039716754,-6.760839673249189,0.0,0.0
177,0.919999999999915,0.9900230169296265,0.9891640543937683,0.990755021572113,1.0,0.15000447630882263,0.09139367601958476,0.2391782096839837,0.8497591183722403,0.8135663095142485,-0.3267909845027734,-6.7869959379325575,0.0,0.0
178,0.9249999999999144,0.9900230169296265,0.9891640543937683,0.990755021572113,1.0,0.16664204001426697,0.09296210096376463,0.4587147373114974,0.8491778680459432,0.8137626592093736,-0.4196602181844457,-6.802935339008959,0.0,0.0
179,0.9299999999999139,0.9900230169296265,0.9876160621643066,0.9922958612442017,1.0,0.1884165108203888,0.09421743111342185,0.4207658199649385,0.8488236591331342,0.8140957730034909,-0.5067175064248316,-6.829709207280252,0.0,0.0
180,0.9349999999999133,0.9884880781173706,0.9876160621643066,0.9892141819000244,1.0,0.15515898168087006,0.095085822627014,0.5069011808774615,0.8482286842826611,0.8145095765922962,-0.6002430085778218,-6.858319032698943,0.0,0.0
181,0.9399999999999128,0.9892555475234985,0.9876160621643066,0.990755021572113,1.0,0.15532979369163513,0.09561856553652025,0.3839045270604813,0.8475929103844679,0.8147370062745543,-0.6798483176733346,-6.877007899337631,0.0,0.0
182,0.9449999999999122,0.9892555475234985,0.99071204662323,0.9876734018325806,0.8333333134651184,0.13221898674964905,0.09583288407824703,0.4479470653757912,0.8471776022369415,0.8150836351607811,-0.7852254608437806,-6.902546791738638,0.0,0.0
183,0.9499999999999117,0.9907904267311096,0.9876160621643066,0.9938367009162903,1.0,0.16434088349342346,0.09065467082496971,0.32406724051626257,0.8466100712946969,0.8151640343382185,-0.8521296312115942,-6.911100206057995,0.0,0.0
184,0.9549999999999111,0.9892555475234985,0.9876160621643066,0.990755021572113,1.0,0.1523015797138214,0.09524946600115722,0.1472424615682864,0.8464199954209335,0.815483415504202,-0.9270080237993458,-6.938691286414997,0.0,0.0
185,0.9599999999999106,0.9892555475234985,0.9891640543937683,0.9892141819000244,1.0,0.15628141164779663,0.0944074759604155,0.3689122690686168,0.8458068603018889,0.8153062769490207,-0.9946884667404047,-6.929833679176693,0.0,0.0
186,0.96499999999991,0.9884880781173706,0.9876160621643066,0.9892141819000244,1.0,0.1572001874446869,0.09330741745780319,0.1844905640590345,0.8460036960182957,0.8154532337731587,-1.0802537964751633,-6.942281215613822,0.0,0.0
187,0.9699999999999095,0.9923253655433655,0.99071204662323,0.9938367009162903,1.0,0.16415037214756012,0.09186910059689886,0.08134857827059364,0.8457270840974707,0.815609171804423,-1.1307774889917603,-6.956920958948271,0.0,0.0
188,0.9749999999999089,0.9869531393051147,0.986068069934845,0.9876734018325806,1.0,0.1668858677148819,0.09002326089185723,0.2570095622010601,0.8454017564678162,0.8158112984233398,-1.1820568627915788,-6.975066478489871,0.0,0.0
189,0.9799999999999084,0.9900230169296265,0.9891640543937683,0.990755021572113,1.0,0.16109609603881836,0.08789122955001531,0.2130640928802489,0.8449985227002251,0.8159975674013922,-1.2370462797443291,-6.990760997763037,0.0,0.0
190,0.9849999999999078,0.9892555475234985,0.9876160621643066,0.990755021572113,1.0,0.14861640334129333,0.0854395302016367,0.17225222295132506,0.8446497556052659,0.8160833887083206,-1.2722088556813518,-6.9974068815450075,0.0,0.0
191,0.9899999999999073,0.9907904267311096,0.9891640543937683,0.9922958612442017,1.0,0.15490522980690002,0.08271969671600155,0.064551752839071,0.8445020692989998,0.8161321770760659,-1.307517838777329,-7.005631885913822,0.0,0.0
192,0.9949999999999067,0.9884880781173706,0.9876160621643066,0.9892141819000244,0.8333333134651184,0.14857083559036255,0.079671675215781,0.21306557481181818,0.8443192914241373,0.8162057624861481,-1.3382645378602294,-7.011611999824096,0.0,0.0
193,0.9999999999999062,0.9900230169296265,0.9891640543937683,0.990755021572113,1.0,0.15959247946739197,0.07518215030325144,0.07769019090654902,0.844186400003909,0.8162951419236132,-1.3598435555811768,-7.019342946264703,0.0,0.0
194,1.0049999999999057,0.9877206087112427,0.9876160621643066,0.9876734018325806,1.0,0.1610754430294037,0.07275115677805907,0.23470075910963778,0.8440146011941178,0.8164752081969173,-1.3877874349602346,-7.031160548057008,0.0,0.0
195,1.0099999999999052,0.9915578961372375,0.9891640543937683,0.9938367009162903,1.0,0.15805789828300476,0.06891257227423768,0.16167511060370293,0.8437519878209554,0.8166285571212544,-1.4136034478911872,-7.041488199494645,0.0,0.0
196,1.0149999999999046,0.9884880781173706,0.986068069934845,0.990755021572113,1.0,0.1643560826778412,0.06479799857563734,0.042130064657035594,0.8435224844556746,0.8167652203123638,-1.431110784324028,-7.051402461899475,0.0,0.0
197,1.019999999999904,0.9900230169296265,0.99071204662323,0.9892141819000244,1.0,0.15916410088539124,0.06046946832889925,0.14048981910043523,0.843302167513345,0.8168291401496293,-1.4388437599011565,-7.0563007019972925,0.0,0.0
198,1.0249999999999035,0.9884880781173706,0.9876160621643066,0.9892141819000244,1.0,0.17183910310268402,0.05591957237289216,0.1863449111697124,0.8431933177333935,0.8168531467833179,-1.4485390685041755,-7.058029491730211,0.0,0.0
199,1.029999999999903,0.9915578961372375,0.9891640543937683,0.9938367009162903,1.0,0.1619974970817566,0.05119732779363292,0.06726791497744146,0.843154900183773,0.8169127923992096,-1.43908879134812,-7.061579716612925,0.0,0.0
200,1.0349999999999024,0.9877206087112427,0.9876160621643066,0.9876734018325806,1.0,0.17776867747306824,0.04626024115471157,0.17290481939044414,0.8430760062974906,0.8168010325695167,-1.4153539474305028,-7.054088779401034,0.0,0.0
201,1.039999999999902,0.9892555475234985,0.9876160621643066,0.990755021572113,1.0,0.12292492389678955,0.04118273739934523,0.07416033273569039,0.8432424715688659,0.81672304945741,-1.3920191016728296,-7.050140268314433,0.0,0.0
202,1.0449999999999013,0.9907904267311096,0.99071204662323,0.990755021572113,1.0,0.15330007672309875,0.03595946750141766,0.2488199282157656,0.8433302162596793,0.8166476567979144,-1.3511863627837546,-7.045570196870537,0.0,0.0
203,1.0499999999999008,0.9900230169296265,0.9876160621643066,0.9922958612442017,0.8333333134651184,0.1387910544872284,0.030599541901084704,0.12162882611753867,0.8434317734028769,0.8164328483793912,-1.3055641368205786,-7.033107612283611,0.0,0.0
204,1.0549999999999002,0.9884880781173706,0.9876160621643066,0.9892141819000244,1.0,0.17031361162662506,0.024739457893626377,0.1938664109124827,0.8437087197270309,0.8161601894021163,-1.2410770727818432,-7.014652733042674,0.0,0.0
205,1.0599999999998997,0.9892555475234985,0.9876160621643066,0.990755021572113,0.8333333134651184,0.12964729964733124,0.01956917554295458,0.14766961164547238,0.8441188281546073,0.8159402022550344,-1.2259772830382807,-6.996357388028738,0.0,0.0
206,1.0649999999998991,0.9884880781173706,0.9891640543937683,0.9876734018325806,1.0,0.15381291508674622,0.013736211963404526,0.20955517261234052,0.8445253913771391,0.8156764912689218,-1.1972099695595046,-6.975046375143334,0.0,0.0
207,1.0699999999998986,0.9915578961372375,0.9891640543937683,0.9938367009162903,1.0,0.16145849227905273,0.008248420953273676,0.21133998365442927,0.8449989694412592,0.8154797118416555,-1.1688738038087285,-6.957177623727691,0.0,0.0
208,1.074999999999898,0.9892555475234985,0.9876160621643066,0.990755021572113,1.0,0.19323724508285522,0.0025222745199407525,0.3552227770290405,0.8453960528060513,0.8152224714567644,-1.1226068159821054,-6.937895879711033,0.0,0.0
209,1.0799999999998975,0.9884880781173706,0.9876160621643066,0.9892141819000244,1.0,0.16674567759037018,0.003217583251753856,0.3168491963670186,0.8458245360064215,0.8150200103147922,-1.0774986684857433,-6.917488608823801,0.0,0.0
210,1.084999999999897,0.9900230169296265,0.9891640543937683,0.990755021572113,0.8333333134651184,0.13671144843101501,0.008952396995684285,0.11573852276189801,0.8462780309150266,0.8147833457055951,-1.0395852437038038,-6.898092494183975,0.0,0.0
211,1.0899999999998964,0.9907904267311096,0.9876160621643066,0.9938367009162903,0.8333333134651184,0.12833596765995026,0.014437073365322378,0.45635434042330963,0.8467090556848006,0.8146891885114537,-0.9793428420804374,-6.884598688426382,0.0,0.0
212,1.0949999999998958,0.9884880781173706,0.9891640543937683,0.9876734018325806,0.8333333134651184,0.15000616014003754,0.020029605554923124,0.4603201889024742,0.8470089180349694,0.8144942800448401,-0.9177003702880943,-6.867303405436899,0.0,0.0
213,1.0999999999998953,0.9892555475234985,0.9876160621643066,0.990755021572113,1.0,0.1685633361339569,0.02550952512886335,0.3461506797679844,0.8473932576569578,0.8144517950006976,-0.8610512964106347,-6.861246142288544,0.0,0.0
214,1.1049999999998947,0.9900230169296265,0.9891640543937683,0.990755021572113,1.0,0.1693880558013916,0.031404901228452534,0.15778537647624477,0.847527863504699,0.8140523691880043,-0.8047470306936847,-6.827657845456775,0.0,0.0
215,1.1099999999998942,0.9900230169296265,0.9891640543937683,0.990755021572113,1.0,0.15942835807800293,0.036816437983491115,0.39471209593198825,0.8482742701009606,0.8139534174873996,-0.7339201215994964,-6.815896872302116,0.0,0.0
216,1.1149999999998936,0.9884880781173706,0.986068069934845,0.990755021572113,0.8333333134651184,0.15249022841453552,0.04207248157664941,0.44663061197814624,0.848535625059953,0.8139429982107388,-0.6617423648277642,-6.811135284862762,0.0,0.0
217,1.119999999999893,0.9907904267311096,0.99071204662323,0.990755021572113,1.0,0.15652841329574585,0.046458232084381504,0.21820527659499334,0.8486414381141608,0.8137833761330557,-0.5957616025296479,-6.796787369421237,0.0,0.0
218,1.1249999999998925,0.9877206087112427,0.9876160621643066,0.9876734018325806,0.8333333134651184,0.13709905743598938,0.05212201471705942,0.2576408029349855,0.8489602806795281,0.8137720921481223,-0.5166124626352276,-6.795936322811514,0.0,0.0
219,1.129999999999892,0.9915578961372375,0.9891640543937683,0.9938367009162903,1.0,0.17242732644081116,0.05387640004508271,0.3123378310870676,0.8489791928264108,0.8135967912720403,-0.43638208759919794,-6.7829193820647795,0.0,0.0
220,1.1349999999998914,0.9884880781173706,0.986068069934845,0.990755021572113,1.0,0.14974884688854218,0.061435374801413194,0.18908511710298082,0.8492684581763382,0.8136023973195655,-0.3533532557255282,-6.779924062262437,0.0,0.0
221,1.1399999999998909,0.9892555475234985,0.9891640543937683,0.9892141819000244,1.0,0.16086727380752563,0.06575825136441284,0.4487798031544056,0.8493350208386126,0.813331801549242,-0.27024244538954234,-6.7605013814272015,0.0,0.0
222,1.1449999999998903,0.9892555475234985,0.9891640543937683,0.9892141819000244,1.0,0.16524076461791992,0.06987534853079537,0.5810072654567655,0.8497666359682844,0.8133901188136886,-0.18236593406069687,-6.764423969153541,0.0,0.0
223,1.1499999999998898,0.9915578961372375,0.9891640543937683,0.9938367009162903,0.8333333134651184,0.17629006505012512,0.07372326526332137,0.45182772470101423,0.8496794673521435,0.8133240539754646,-0.10682026868397548,-6.762951312470456,0.0,0.0
224,1.1549999999998892,0.9877206087112427,0.9876160621643066,0.9876734018325806,1.0,0.15200525522232056,0.07617558628971131,0.4713436415164939,0.8497121930562122,0.8134582357217781,-0.018653950645541904,-6.771246694047825,0.0,0.0
225,1.1599999999998887,0.9892555475234985,0.9876160621643066,0.990755021572113,1.0,0.15005365014076233,0.08054512476438871,0.4757378606917814,0.8495278512433817,0.8135946783482914,0.06349573286047051,-6.781229730060263,0.0,0.0
226,1.1649999999998881,0.9900230169296265,0.9891640543937683,0.990755021572113,1.0,0.19833919405937195,0.08353022089904902,0.4236951911044872,0.8493060059986608,0.8136053477581894,0.1478138676406437,-6.785813922707346,0.0,0.0
227,1.1699999999998876,0.9907904267311096,0.9891640543937683,0.9922958612442017,1.0,0.15725454688072205,0.08623341307263505,0.43533121093628513,0.8492041350509478,0.8139686693969177,0.27466161494802815,-6.808573345710189,0.0,0.0
228,1.174999999999887,0.9884880781173706,0.9876160621643066,0.9892141819000244,1.0,0.17218805849552155,0.08855396891113299,0.3288650385078812,0.8486983700953291,0.8141900828968345,0.3437054102200922,-6.831198214745058,0.0,0.0
229,1.1799999999998865,0.9892555475234985,0.9876160621643066,0.990755021572113,1.0,0.15811589360237122,0.09056530189799383,0.4839865005267532,0.8481955952278877,0.8143246167345893,0.4238078023579477,-6.844518129753752,0.0,0.0
230,1.184999999999886,0.9884880781173706,0.9891640543937683,0.9876734018325806,1.0,0.159161776304245,0.09226141154164967,0.3514030857327688,0.8478995971165832,0.8144311237052568,0.4998356550880777,-6.854491993023832,0.0,0.0
231,1.1899999999998854,0.9907904267311096,0.9876160621643066,0.9938367009162903,0.6666666865348816,0.10884630680084229,0.09366441660383618,0.5167143465631688,0.8476779557105815,0.8147449689760078,0.5885274818606704,-6.878519649993078,0.0,0.0
232,1.1949999999998848,0.9900230169296265,0.9891640543937683,0.990755021572113,1.0,0.1534987837076187,0.09187572917116399,0.24841059493528914,0.8471440077779316,0.8150604820517483,0.6661313201968095,-6.903328812839108,0.0,0.0
233,1.1999999999998843,0.9884880781173706,0.9876160621643066,0.9892141819000244,1.0,0.18302549421787262,0.0953333023086494,0.45476746809052665,0.8465926930480199,0.8153928876110152,0.7697007063480371,-6.92802233783413,0.0,0.0
234,1.2049999999998837,0.9900230169296265,0.9891640543937683,0.990755021572113,1.0,0.15281906723976135,0.09566444964892554,0.14421415299880105,0.8460439480481304,0.8156235255909446,0.8477703608305661,-6.947290959460401,0.0,0.0
235,1.2099999999998832,0.9907904267311096,0.9876160621643066,0.9938367009162903,1.0,0.17351295053958893,0.09567357195504875,0.4039460594955101,0.8456157564564355,0.815773005099575,0.9412960170411928,-6.960207662991757,0.0,0.0
236,1.2149999999998826,0.9884880781173706,0.9876160621643066,0.9892141819000244,1.0,0.16574954986572266,0.09532125773972978,0.25476472907074044,0.8453287186001832,0.816118102498284,1.0276216874703543,-6.986417134156228,0.0,0.0
237,1.219999999999882,0.9900230169296265,0.9891640543937683,0.990755021572113,1.0,0.15742400288581848,0.0946159887282138,0.336930887174398,0.8447462859076393,0.8160615228698869,1.075951125790727,-6.986429812673001,0.0,0.0
238,1.2249999999998815,0.9900230169296265,0.9891640543937683,0.990755021572113,1.0,0.14976657927036285,0.09363455089614078,0.23539640185447308,0.8447460041628222,0.8162726121607512,1.1367133564900491,-7.006062991741794,0.0,0.0
239,1.229999999999881,0.9900230169296265,0.9876160621643066,0.9922958612442017,0.8333333134651184,0.13747428357601166,0.0922678095004103,0.25043303465362365,0.8443097112946268,0.8164336173395098,1.1932919300575031,-7.020137984816264,0.0,0.0
240,1.2349999999998804,0.9884880781173706,0.9876160621643066,0.9892141819000244,1.0,0.16588257253170013,0.08577511260309063,0.17620438097117577,0.8439969336707497,0.8164191725202701,1.2428339313959205,-7.020151728013654,0.0,0.0
241,1.2399999999998799,0.9892555475234985,0.9876160621643066,0.990755021572113,1.0,0.16146373748779297,0.0885812257814222,0.13721916552606805,0.8439966282663632,0.8166445272679475,1.3044799098090607,-7.039025644331635,0.0,0.0
242,1.2449999999998793,0.9892555475234985,0.99071204662323,0.9876734018325806,1.0,0.1576625406742096,0.08623687145895122,0.08641164261212136,0.8435772079037415,0.816676297112086,1.3438257131575737,-7.0449456502156,0.0,0.0
243,1.2499999999998788,0.9900230169296265,0.9876160621643066,0.9922958612442017,1.0,0.18707913160324097,0.08362332918441574,0.25046009937234587,0.8434456522174312,0.8165586274708565,1.3690456189680342,-7.04056719313149,0.0,0.0
244,1.2549999999998782,0.9892555475234985,0.9876160621643066,0.990755021572113,0.8333333134651184,0.14489692449569702,0.08072134231031698,0.16009948715660988,0.8435429512637447,0.8167534637404901,1.4034885341817789,-7.056880367670713,0.0,0.0
245,1.2599999999998777,0.9892555475234985,0.9891640543937683,0.9892141819000244,1.0,0.14946237206459045,0.07372526375496138,0.22759374855327716,0.8431804362739841,0.816902368803815,1.4385427525305212,-7.065561965752178,0.0,0.0
246,1.2649999999998771,0.9900230169296265,0.9891640543937683,0.990755021572113,1.0,0.12431881576776505,0.07399870306282617,0.07160098407687505,0.8429875118721738,0.8168918542884551,1.463281332562126,-7.068140104150094,0.0,0.0
247,1.2699999999998766,0.9915578961372375,0.9891640543937683,0.9938367009162903,1.0,0.15367862582206726,0.07027070370378204,0.1989213217715777,0.8429302199077757,0.8170819002990509,1.496713408440734,-7.079599903270961,0.0,0.0
248,1.274999999999876,0.9877206087112427,0.9876160621643066,0.9876734018325806,1.0,0.16201311349868774,0.06623484763255862,0.16177351171097853,0.8426755577050897,0.8171995923605115,1.5177287976450056,-7.088338453277454,0.0,0.0
249,1.2799999999998755,0.9892555475234985,0.9876160621643066,0.990755021572113,0.8333333134651184,0.13405552506446838,0.061986708861398156,0.2677429258439374,0.8424813677049454,0.817252764781157,1.5393081836532683,-7.092120144684675,0.0,0.0
250,1.284999999999875,0.9900230169296265,0.9891640543937683,0.990755021572113,1.0,0.16190367937088013,0.05448991429638551,0.21885227606527713,0.8423973301181183,0.8172313192303793,1.5411233816266348,-7.090254372683253,0.0,0.0
251,1.2899999999998744,0.9900230169296265,0.9876160621643066,0.9922958612442017,1.0,0.17331573367118835,0.052876622545148445,0.23642551178480486,0.84243879171815,0.8171813455468534,1.5382820792602345,-7.086844413070149,0.0,0.0
252,1.2949999999998738,0.9892555475234985,0.9891640543937683,0.9892141819000244,1.0,0.1547863632440567,0.04802658294004682,0.065877258438206,0.8425145685984412,0.8171414584960071,1.5247214296499099,-7.082285310937384,0.0,0.0
253,1.2999999999998733,0.9892555475234985,0.9876160621643066,0.990755021572113,1.0,0.1554856151342392,0.04300535760893979,0.19972811168575053,0.8426158819791693,0.8169946017055209,1.4967984779590175,-7.073257848915262,0.0,0.0
254,1.3049999999998727,0.9884880781173706,0.9891640543937683,0.9876734018325806,0.8333333134651184,0.15334776043891907,0.037829226341470144,0.21689229186878065,0.8428164922463275,0.8168210329821984,1.4611634994013278,-7.065689330940932,0.0,0.0
255,1.3099999999998722,0.9907904267311096,0.9876160621643066,0.9938367009162903,1.0,0.15961970388889313,0.0308060114016393,0.0159258965626775,0.842984681534646,0.8167547594340361,1.4202087287108296,-7.058239982151094,0.0,0.0
256,1.3149999999998716,0.9892555475234985,0.9876160621643066,0.990755021572113,1.0,0.1606336534023285,0.027094403058575592,0.11895680654278999,0.8431502226188645,0.8165561594910352,1.3690181046832208,-7.045719040091038,0.0,0.0
257,1.319999999999871,0.9892555475234985,0.9891640543937683,0.9892141819000244,1.0,0.1726832091808319,0.021566700732528664,0.2688896873674002,0.8434284657757547,0.8163004485167075,1.34576050908004,-7.026122451331782,0.0,0.0
258,1.3249999999998705,0.9892555475234985,0.9891640543937683,0.9892141819000244,1.0,0.18514558672904968,0.01596126268874863,0.36015241484562194,0.8438639455259604,0.8159863287789458,1.3176085020071302,-7.00227130421454,0.0,0.0
259,1.32999999999987,0.9907904267311096,0.9876160621643066,0.9938367009162903,1.0,0.1706048548221588,0.010296335359923874,0.4080114051952033,0.8443939710174546,0.8157664520888289,1.281271040959645,-6.981682679028961,0.0,0.0
260,1.3349999999998694,0.9877206087112427,0.9876160621643066,0.9876734018325806,1.0,0.16319212317466736,0.004582598275604693,0.19674062110654983,0.8448514960215786,0.815674107696203,1.2462966062512655,-6.971657912109393,0.0,0.0
261,1.3399999999998689,0.9892555475234985,0.9876160621643066,0.990755021572113,1.0,0.17114438116550446,0.00115070663281978,0.2578122464555298,0.8450742686197913,0.8155591385873464,1.1971664162051898,-6.9578551579956605,0.0,0.0
262,1.3449999999998683,0.9907904267311096,0.99071204662323,0.990755021572113,1.0,0.15121863782405853,0.006884785552270333,0.26685126359037015,0.8453809964889853,0.8154426425913704,1.158376381071338,-6.9462469587549185,0.0,0.0
263,1.3499999999998678,0.9900230169296265,0.9876160621643066,0.9922958612442017,1.0,0.1725456267595291,0.01259793456938954,0.4408491092456039,0.845638956472113,0.8151582425496321,1.110406171922449,-6.923376707284582,0.0,0.0
264,1.3549999999998672,0.9884880781173706,0.9876160621643066,0.9892141819000244,1.0,0.1599896103143692,0.018271379273862395,0.16683201137988876,0.8461471842825649,0.8147964745914268,1.065318147238232,-6.890937820154891,0.0,0.0
265,1.3599999999998666,0.9892555475234985,0.9876160621643066,0.990755021572113,1.0,0.15483149886131287,0.02389318923616135,0.28164107746518974,0.8468680484410024,0.814488644075886,0.9990490312606386,-6.864496467737779,0.0,0.0
266,1.364999999999866,0.9884880781173706,0.9891640543937683,0.9876734018325806,1.0,0.15696364641189575,0.029430929197566985,0.583894990483997,0.8474556340502716,0.8140867693327868,0.9382851919678823,-6.831712747904189,0.0,0.0
267,1.3699999999998655,0.9915578961372375,0.9891640543937683,0.9938367009162903,1.0,0.17899265885353088,0.034889579213922564,0.37407178552030546,0.8481841611576847,0.8140434263836801,0.8705352985971315,-6.824719977467934,0.0,0.0
268,1.374999999999865,0.9892555475234985,0.9876160621643066,0.990755021572113,1.0,0.16490024328231812,0.040193323157782485,0.22593363008519357,0.8483395560562681,0.8141182593133983,0.8014857303191336,-6.827848507832211,0.0,0.0
269,1.3799999999998644,0.9884880781173706,0.9876160621643066,0.9892141819000244,1.0,0.15256986021995544,0.045337703783787035,0.15338092947267018,0.8482700331592842,0.81403152480158,0.7264838462459223,-6.817752137220257,0.0,0.0
270,1.384999999999864,0.9900230169296265,0.9891640543937683,0.990755021572113,1.0,0.15290823578834534,0.05034580751778878,0.1449397307208449,0.848494396950661,0.8139918320274309,0.6417749814781446,-6.811204096600201,0.0,0.0
271,1.3899999999998633,0.9907904267311096,0.9876160621643066,0.9938367009162903,0.8333333134651184,0.14707818627357483,0.05517529844446818,0.5621371926235854,0.84863990896444,0.8140146543991742,0.5558862024416695,-6.813107083936933,0.0,0.0
272,1.3949999999998628,0.9884880781173706,0.9891640543937683,0.9876734018325806,1.0,0.17613539099693298,0.05892881220857721,0.6342937905824848,0.848597620356957,0.8139126162851557,0.4744540255055038,-6.80199972720029,0.0,0.0
273,1.3999999999998622,0.9892555475234985,0.9876160621643066,0.990755021572113,0.6666666865348816,0.12259956449270248,0.06419091129072126,0.43536376642004676,0.8488444505066602,0.8140214755340403,0.3889156334453281,-6.807822124429195,0.0,0.0
274,1.4049999999998617,0.9900230169296265,0.9891640543937683,0.990755021572113,0.8333333134651184,0.13058263063430786,0.06405948676674342,0.508035317488115,0.8487150639015735,0.8141887197088615,0.3014031574922877,-6.819604911949869,0.0,0.0
275,1.4099999999998611,0.9907904267311096,0.9891640543937683,0.9922958612442017,1.0,0.149494469165802,0.07123985534285329,0.22028257477090155,0.8484532241788918,0.8140167638440035,0.22697158901018089,-6.8089781538560485,0.0,0.0
276,1.4149999999998606,0.9884880781173706,0.986068069934845,0.990755021572113,1.0,0.18716716766357422,0.07593320118126233,0.5007837242307837,0.8486893743587545,0.8138023108132494,0.1454090542587437,-6.793246000191531,0.0,0.0
277,1.41999999999986,0.9907904267311096,0.99071204662323,0.990755021572113,1.0,0.16657209396362305,0.07936748547988688,0.33589755848044917,0.8490389777735216,0.8140390664328065,0.050464287911243175,-6.810356145591786,0.0,0.0
278,1.4249999999998595,0.9877206087112427,0.9876160621643066,0.9876734018325806,1.0,0.14921294152736664,0.08241250099593944,0.5831353185389675,0.8486587523201825,0.8141955503215678,-0.04159180876349328,-6.821741389639507,0.0,0.0
279,1.429999999999859,0.9915578961372375,0.9891640543937683,0.9938367009162903,1.0,0.11840011179447174,0.08521701401582431,0.34659112913682993,0.8484057468968998,0.8143046055398067,-0.138927820075262,-6.832404723477128,0.0,0.0
280,1.4349999999998584,0.9884880781173706,0.986068069934845,0.990755021572113,1.0,0.13881626725196838,0.08767554864050207,0.5173293791953543,0.8481687839227305,0.8142913841480188,-0.22038991297371419,-6.83219345179026,0.0,0.0
281,1.4399999999998578,0.9892555475234985,0.9891640543937683,0.9892141819000244,1.0,0.16675719618797302,0.08985513259073374,0.5040008306394831,0.8481734788491053,0.8144853475607207,-0.3048881432118696,-6.847824001091295,0.0,0.0
282,1.4449999999998573,0.9900230169296265,0.9891640543937683,0.990755021572113,1.0,0.17290449142456055,0.09168292975849708,0.34428115930095826,0.8478261333090823,0.8148915985006946,-0.42282527683455123,-6.877622050782738,0.0,0.0
283,1.4499999999998567,0.9915578961372375,0.9891640543937683,0.9938367009162903,1.0,0.147531658411026,0.09316223404165203,0.39699535407653946,0.8471639544270503,0.8151674451981922,-0.5007926023613661,-6.901255552951874,0.0,0.0
284,1.4549999999998562,0.9877206087112427,0.9876160621643066,0.9876734018325806,0.8333333134651184,0.14042869210243225,0.09426773427293857,0.41350346223458084,0.8466387654899583,0.8153741711459113,-0.5761552748088439,-6.921982073081393,0.0,0.0
285,1.4599999999998556,0.9892555475234985,0.9876160621643066,0.990755021572113,1.0,0.1551615297794342,0.09371592644339889,0.24223482295429793,0.8461781761537468,0.8156892724722299,-0.6578067660988555,-6.947415366850454,0.0,0.0
286,1.464999999999855,0.9900230169296265,0.9891640543937683,0.990755021572113,0.8333333134651184,0.15025514364242554,0.0955163157328484,0.3853289739148112,0.8456129918477677,0.8160179101513272,-0.7558790180333547,-6.9683364114934765,0.0,0.0
287,1.4699999999998545,0.9900230169296265,0.9891640543937683,0.990755021572113,0.8333333134651184,0.14202319085597992,0.09415691420563402,0.2913083221009364,0.8451480797445894,0.8161984823490959,-0.8503858990834684,-6.985741640152407,0.0,0.0
288,1.474999999999854,0.9892555475234985,0.9876160621643066,0.990755021572113,1.0,0.16310124099254608,0.09037301412558851,0.48308800426211124,0.844761296885502,0.8165090378785048,-0.9320875839473549,-7.007913692247411,0.0,0.0
289,1.4799999999998534,0.9892555475234985,0.9876160621643066,0.990755021572113,1.0,0.16451573371887207,0.09482380287003465,0.10995994213898526,0.8442685846167242,0.816903184264224,-1.0242646496865262,-7.035519416822425,0.0,0.0
290,1.4849999999998529,0.9884880781173706,0.9891640543937683,0.9876734018325806,1.0,0.15426430106163025,0.09387977668711596,0.18403250791395345,0.8436551240706127,0.8170914764937056,-1.0755200649974346,-7.051294311411282,0.0,0.0
291,1.4899999999998523,0.9907904267311096,0.9876160621643066,0.9938367009162903,1.0,0.16509433090686798,0.09265822384214754,0.12717766883224865,0.8433045708575271,0.8172080628075555,-1.136663551189311,-7.063368565125689,0.0,0.0
292,1.4949999999998518,0.9900230169296265,0.9891640543937683,0.990755021572113,1.0,0.15803812444210052,0.09110064406366677,0.3409808898259989,0.8430362541083181,0.8173700664144286,-1.200466344352556,-7.07761836946461,0.0,0.0
293,1.4999999999998512,0.9884880781173706,0.9876160621643066,0.9892141819000244,0.8333333134651184,0.12774556875228882,0.08919171788966332,0.18502854505841104,0.8427195917896753,0.817601786810919,-1.2591300649844346,-7.0974375527405975,0.0,0.0
294,1.5049999999998507,0.9892555475234985,0.9891640543937683,0.9892141819000244,1.0,0.15033508837223053,0.08572957136901323,0.06740582771572015,0.8422791654946533,0.8174628663006821,-1.3098283966609876,-7.08946823144445,0.0,0.0
295,1.5099999999998501,0.9907904267311096,0.9876160621643066,0.9938367009162903,0.8333333134651184,0.13863348960876465,0.08450275462252528,0.3886038539756276,0.8424562615234567,0.8173804825804004,-1.3627420347839103,-7.0870242013878,0.0,0.0
296,1.5149999999998496,0.9877206087112427,0.9876160621643066,0.9876734018325806,1.0,0.17112092673778534,0.07737970879268918,0.20337439858614045,0.8425105733024933,0.8175060862460859,-1.3996059116179418,-7.098260870492369,0.0,0.0
297,1.519999999999849,0.9900230169296265,0.9891640543937683,0.990755021572113,0.8333333134651184,0.13294997811317444,0.07858179517530524,0.10925678632317853,0.842260869544614,0.8177037247698985,-1.4400286863308254,-7.112257922308903,0.0,0.0
298,1.5249999999998485,0.9900230169296265,0.9891640543937683,0.990755021572113,1.0,0.16434021294116974,0.07152943774654627,0.1203532986360488,0.8419498239486911,0.8177988238930995,-1.4695501823914354,-7.119333642751416,0.0,0.0
299,1.529999999999848,0.9892555475234985,0.9876160621643066,0.990755021572113,1.0,0.16526441276073456,0.07152652601131587,0.04723367770957825,0.8417925857166352,0.8179411543611266,-1.5095251054652876,-7.127727680573305,0.0,0.0
300,1.5349999999998474,0.9892555475234985,0.9876160621643066,0.990755021572113,1.0,0.1634073257446289,0.06760936812932768,0.14563682324898006,0.8416060515428154,0.8180402951035061,-1.5405166997185933,-7.133202216305997,0.0,0.0
301,1.5399999999998468,0.9892555475234985,0.9876160621643066,0.990755021572113,1.0,0.16019567847251892,0.06345626471640207,0.07664947532889547,0.8414843951932001,0.8180859577997345,-1.5579975987520884,-7.13521314885588,0.0,0.0
302,1.5449999999998463,0.9892555475234985,0.99071204662323,0.9876734018325806,1.0,0.1529267430305481,0.05908257919089837,0.098813302318945,0.8414397078032027,0.8180969406449973,-1.5662700573427344,-7.135956275455255,0.0,0.0
303,1.5499999999998457,0.9907904267311096,0.9876160621643066,0.9938367009162903,1.0,0.16008825600147247,0.054509091972963296,0.1932765427400009,0.8414231938787721,0.8180764863170259,-1.5622895836754451,-7.135882098655334,0.0,0.0
304,1.5549999999998452,0.9892555475234985,0.9876160621643066,0.990755021572113,1.0,0.1560414880514145,0.04972729667493558,0.10073522447483114,0.8414248422521037,0.8180240304901762,-1.5491797492955277,-7.131739442205783,0.0,0.0
305,1.5599999999998446,0.9892555475234985,0.9891640543937683,0.9892141819000244,0.8333333134651184,0.1346375048160553,0.04477259252864243,0.061326247903428645,0.841516901284316,0.8179142619747339,-1.5236145490007722,-7.126040151690528,0.0,0.0
306,1.564999999999844,0.9892555475234985,0.9876160621643066,0.990755021572113,0.8333333134651184,0.14454783499240875,0.03909538517367607,0.29507378529526895,0.8416435521846549,0.8177104836549932,-1.4901150009333293,-7.112961568699271,0.0,0.0
307,1.5699999999998435,0.9923253655433655,0.99071204662323,0.9938367009162903,1.0,0.16213306784629822,0.03388816158665284,0.3024731659081531,0.8419341873622385,0.8175362210210935,-1.4437561174027507,-7.101375861578004,0.0,0.0
308,1.574999999999843,0.9869531393051147,0.986068069934845,0.9876734018325806,0.8333333134651184,0.1335620880126953,0.029026752740591275,0.12052582894301127,0.8421916475204888,0.8173726015649183,-1.386585276207488,-7.092580842530837,0.0,0.0
309,1.5799999999998424,0.9900230169296265,0.9891640543937683,0.990755021572113,1.0,0.15762600302696228,0.02320603833477379,0.36078217844352894,0.8423870923882036,0.817095126780687,-1.3230827803367744,-7.075517995205325,0.0,0.0
310,1.5849999999998419,0.9892555475234985,0.9876160621643066,0.990755021572113,1.0,0.18043634295463562,0.017966585253882575,0.4087228445179976,0.842766266773215,0.8167120395101964,-1.2520294715753904,-7.0501944438090804,0.0,0.0
311,1.5899999999998413,0.9907904267311096,0.9891640543937683,0.9922958612442017,1.0,0.18045267462730408,0.012329309368850211,0.22006575981741341,0.8433290123597982,0.8165513877420387,-1.2156543736443057,-7.0348666527507,0.0,0.0
312,1.5949999999998408,0.9884880781173706,0.9876160621643066,0.9892141819000244,1.0,0.16314980387687683,0.006634134336587225,0.29161919101072986,0.8436696299388733,0.8162543867157713,-1.1901898979743226,-7.010544749809865,0.0,0.0
313,1.5999999999998402,0.9900230169296265,0.9891640543937683,0.990755021572113,1.0,0.1245018020272255,0.0009128000908803448,0.179189668963255,0.8442101166708919,0.8161105765962735,-1.1462322194767292,-6.9951495843291625,0.0,0.0
314,1.6049999999998397,0.9877206087112427,0.9876160621643066,0.9876734018325806,1.0,0.14911891520023346,0.00481743578675819,0.360311639487759,0.8445522314593519,0.8159173400186411,-1.0992844548734775,-6.976341461736955,0.0,0.0
315,1.6099999999998391,0.9915578961372375,0.9891640543937683,0.9938367009162903,1.0,0.16012516617774963,0.010539033734471372,0.16159404535758076,0.8449701897391788,0.8155440815810477,-1.060767968138992,-6.946028268405063,0.0,0.0
316,1.6149999999998386,0.9884880781173706,0.986068069934845,0.990755021572113,1.0,0.1494930237531662,0.01622918170024437,0.2404201597221341,0.8456438162576653,0.8152068280011742,-1.0100412826814211,-6.91647457813918,0.0,0.0
317,1.619999999999838,0.9900230169296265,0.99071204662323,0.9892141819000244,1.0,0.1603851467370987,0.021872690859687943,0.11796581993028872,0.8463005649302404,0.8150300743578983,-0.9537623305665655,-6.899604399295727,0.0,0.0
318,1.6249999999998375,0.9884880781173706,0.9876160621643066,0.9892141819000244,1.0,0.16463810205459595,0.027431932856311486,0.4994603150829093,0.8466754577934283,0.8145140037659504,-0.895237229640171,-6.859313510662785,0.0,0.0
319,1.629999999999837,0.9915578961372375,0.9891640543937683,0.9938367009162903,1.0,0.15726874768733978,0.03293050009340657,0.21922571180520947,0.8475708108741603,0.8144750684762948,-0.8233149711548396,-6.851845689870056,0.0,0.0
320,1.6349999999998364,0.9877206087112427,0.9876160621643066,0.9876734018325806,1.0,0.15594634413719177,0.03827016961125757,0.20837190552643745,0.8477367624473321,0.8143283592683818,-0.7535556928453122,-6.838501142492208,0.0,0.0
321,1.6399999999998358,0.9892555475234985,0.9876160621643066,0.990755021572113,0.6666666865348816,0.14113090932369232,0.04348942475031592,0.519954364949928,0.8480333079446176,0.8142166175046478,-0.6713378821147495,-6.827923765285604,0.0,0.0
322,1.6449999999998353,0.9907904267311096,0.99071204662323,0.990755021572113,1.0,0.17181669175624847,0.047123092434519544,0.48494372010194436,0.848268360771431,0.8142222606203577,-0.5896223801742256,-6.824888589277841,0.0,0.0
323,1.6499999999998347,0.9892555475234985,0.9876160621643066,0.990755021572113,1.0,0.17526555061340332,0.05344105303708565,0.42177422103120005,0.8483358091271591,0.8142101723892549,-0.5211109745756842,-6.823457386824991,0.0,0.0
324,1.6549999999998342,0.9892555475234985,0.9876160621643066,0.990755021572113,1.0,0.1555294543504715,0.05812624547746801,0.2590160850004553,0.8483676136261113,0.8142806273532743,-0.44565135354742624,-6.82382155028681,0.0,0.0
325,1.6599999999998336,0.9892555475234985,0.9876160621643066,0.990755021572113,0.8333333134651184,0.14482784271240234,0.0625997782480114,0.21279160154593801,0.8483595211047376,0.8142068601826391,-0.35671795641982695,-6.818941769408987,0.0,0.0
326,1.664999999999833,0.9884880781173706,0.9891640543937683,0.9876734018325806,0.8333333134651184,0.15080589056015015,0.06331695033545667,0.3241464727096381,0.8484679606798002,0.8142782826696455,-0.24730070694288042,-6.82347702436581,0.0,0.0
327,1.6699999999998325,0.9915578961372375,0.9891640543937683,0.9938367009162903,0.8333333134651184,0.10639437288045883,0.06978106433122958,0.2916626108049625,0.8483671772363153,0.8140631695104217,-0.19243920410019266,-6.808222509165997,0.0,0.0
328,1.674999999999832,0.9892555475234985,0.9876160621643066,0.990755021572113,1.0,0.16112953424453735,0.07067029021308355,0.45000169956034,0.8487061664629778,0.8142371753283028,-0.09688599143450664,-6.817588366862453,0.0,0.0
329,1.6799999999998314,0.9884880781173706,0.9876160621643066,0.9892141819000244,1.0,0.15927234292030334,0.0781118339897788,0.24066446093428717,0.8484980362919454,0.8142028389801098,-0.023041719494172212,-6.819597229687192,0.0,0.0
330,1.6849999999998309,0.9900230169296265,0.9891640543937683,0.990755021572113,1.0,0.17147807776927948,0.08132005384323597,0.44310082503404263,0.8484533948958402,0.814172330722979,0.07061645830951523,-6.818282328699443,0.0,0.0
331,1.6899999999998303,0.9907904267311096,0.9876160621643066,0.9938367009162903,1.0,0.15695767104625702,0.08425088103066493,0.32457388352421174,0.8484826149177902,0.8142895680043861,0.15378715562246625,-6.828962267549881,0.0,0.0
332,1.6949999999998298,0.9884880781173706,0.9891640543937683,0.9876734018325806,0.8333333134651184,0.16931891441345215,0.08682178718279,0.2689363997952123,0.848245282943336,0.814551655515976,0.26328635445904325,-6.846815822551859,0.0,0.0
333,1.6999999999998292,0.9892555475234985,0.9876160621643066,0.990755021572113,1.0,0.1526636779308319,0.08770111575061001,0.27939549267800395,0.8478485372766253,0.8147017342886501,0.3254978291255707,-6.8631090245145865,0.0,0.0
334,1.7049999999998287,0.9900230169296265,0.9891640543937683,0.990755021572113,1.0,0.16889594495296478,0.09101711915537404,0.2745165281164891,0.847486466121898,0.8149542404405687,0.41167324617272244,-6.88480937384435,0.0,0.0
335,1.709999999999828,0.9907904267311096,0.9891640543937683,0.9922958612442017,1.0,0.1795085370540619,0.09262647331847429,0.5171884507012059,0.8470042361367922,0.8150733692611487,0.49043502365498665,-6.895769689136581,0.0,0.0
336,1.7149999999998276,0.9877206087112427,0.986068069934845,0.9892141819000244,1.0,0.1617967188358307,0.093886263677622,0.18074723618281938,0.8467606735747426,0.8153973530301867,0.5691585929571048,-6.921797995122778,0.0,0.0
337,1.719999999999827,0.9907904267311096,0.99071204662323,0.990755021572113,1.0,0.15019956231117249,0.09481304529828553,0.42155979861271065,0.8461822667750494,0.8156753577285369,0.6629819712845427,-6.942715385573166,0.0,0.0
338,1.7249999999998264,0.9877206087112427,0.9876160621643066,0.9876734018325806,1.0,0.16588319838047028,0.09536810397896849,0.41781862697244715,0.8457174358761519,0.8158756141302341,0.7515264353151612,-6.958465416593845,0.0,0.0
339,1.729999999999826,0.9915578961372375,0.9891640543937683,0.9938367009162903,1.0,0.1494196355342865,0.09564673847724592,0.2432723797336704,0.8453674351868035,0.8162251818974705,0.8346828936231067,-6.984204106469047,0.0,0.0
340,1.7349999999998253,0.9884880781173706,0.986068069934845,0.990755021572113,1.0,0.20427760481834412,0.09551106597998514,0.40268271668321093,0.8447954643006879,0.8164026320649276,0.9238970500713761,-7.002345501057122,0.0,0.0
341,1.7399999999998248,0.9892555475234985,0.9891640543937683,0.9892141819000244,1.0,0.14755502343177795,0.0950632982845122,0.21805230865953257,0.8443923221987306,0.816600153052402,0.9869479761892116,-7.0161058839258335,0.0,0.0
342,1.7449999999998242,0.9892555475234985,0.9891640543937683,0.9892141819000244,1.0,0.15677708387374878,0.09428552593426051,0.17315812573120576,0.8440865359127593,0.8167309729563319,1.05582123495808,-7.030928815758581,0.0,0.0
343,1.7499999999998237,0.9915578961372375,0.9891640543937683,0.9938367009162903,0.8333333134651184,0.14831113815307617,0.09319622219077411,0.22480304187094727,0.8437571374275871,0.8167052266442199,1.1014162102929632,-7.0336515466159115,0.0,0.0
344,1.7549999999998231,0.9877206087112427,0.9876160621643066,0.9876734018325806,0.8333333134651184,0.1304498314857483,0.09044440760524945,0.46000889135329015,0.8436966322974242,0.8169647422381404,1.1695048918426691,-7.053666469533094,0.0,0.0
345,1.7599999999998226,0.9892555475234985,0.9876160621643066,0.990755021572113,1.0,0.16580981016159058,0.08519852101505931,0.25029856348665086,0.8432518562325979,0.8171863532026333,1.2317343686181603,-7.068456961703034,0.0,0.0
346,1.764999999999822,0.9900230169296265,0.9891640543937683,0.990755021572113,1.0,0.1662973016500473,0.08785938649764209,0.2597939510992251,0.8429231786288215,0.817177076110295,1.2643215349561685,-7.071589533871574,0.0,0.0
347,1.7699999999998215,0.9900230169296265,0.9891640543937683,0.990755021572113,0.8333333134651184,0.1330461949110031,0.0854747635496127,0.37219974330398975,0.842853565913965,0.8173231269917733,1.3183444862123115,-7.085413099320454,0.0,0.0
348,1.774999999999821,0.9892555475234985,0.9876160621643066,0.990755021572113,1.0,0.17159441113471985,0.07837489756063241,0.2502392172445373,0.8425463755706566,0.8173687280621862,1.353423662777153,-7.090848991677461,0.0,0.0
349,1.7799999999998204,0.9892555475234985,0.9876160621643066,0.990755021572113,1.0,0.16020336747169495,0.07974784231529934,0.15323335600150542,0.8424255779627231,0.8175981713893404,1.39543933420441,-7.104301094533682,0.0,0.0
350,1.7849999999998198,0.9892555475234985,0.9891640543937683,0.9892141819000244,1.0,0.16110125184059143,0.07644402558654648,0.10227520707757969,0.8421266423436959,0.8176868935212078,1.4235439296055532,-7.112628919566528,0.0,0.0
351,1.7899999999998193,0.9900230169296265,0.9876160621643066,0.9922958612442017,1.0,0.1578565239906311,0.07288600264193838,0.10357592572326074,0.8419415795651883,0.8178402275208698,1.4590170874324284,-7.122473050315504,0.0,0.0
352,1.7949999999998187,0.9900230169296265,0.9891640543937683,0.990755021572113,1.0,0.17331701517105103,0.06906250017951802,0.13176276470571407,0.8417228211040999,0.8179956604573433,1.4903601466606784,-7.134210108337913,0.0,0.0
353,1.7999999999998182,0.9884880781173706,0.9876160621643066,0.9892141819000244,1.0,0.17293372750282288,0.06497467666802352,0.14553573297515976,0.8414619975924909,0.8179706775842509,1.4936135348069512,-7.135300448823852,0.0,0.0
354,1.8049999999998176,0.9892555475234985,0.9891640543937683,0.9892141819000244,0.8333333134651184,0.15022936463356018,0.06068193290666366,0.03949398291743724,0.8414377678039144,0.8180469755635035,1.5131762919202014,-7.139303180804193,0.0,0.0
355,1.809999999999817,0.9907904267311096,0.9876160621643066,0.9938367009162903,1.0,0.15915146470069885,0.053453140624932054,0.24321475255571526,0.8413488182043513,0.817986471282693,1.5124191399485538,-7.13458943317608,0.0,0.0
356,1.8149999999998165,0.9877206087112427,0.9876160621643066,0.9876734018325806,1.0,0.1682223379611969,0.05146180643882043,0.22680808850653758,0.8414535681516426,0.8179090969350689,1.5035325680335752,-7.129896247762063,0.0,0.0
357,1.819999999999816,0.9900230169296265,0.9891640543937683,0.990755021572113,1.0,0.12453067302703857,0.046577359156061725,0.14151563361000055,0.8415578611608431,0.817822346518298,1.4877626470498546,-7.124246017062725,0.0,0.0
358,1.8249999999998154,0.9900230169296265,0.9891640543937683,0.990755021572113,1.0,0.1549847275018692,0.04152329641455327,0.2680294561496961,0.8416834218430506,0.8177448384263273,1.454791412457828,-7.119772672779961,0.0,0.0
359,1.8299999999998149,0.9900230169296265,0.9876160621643066,0.9922958612442017,1.0,0.16088131070137024,0.03631590068382636,0.24302004134194394,0.8417828294937786,0.8174853512719543,1.4221606263808169,-7.103678466134836,0.0,0.0
360,1.8349999999998143,0.9884880781173706,0.9876160621643066,0.9892141819000244,1.0,0.19139710068702698,0.030978467199537695,0.3129115876308072,0.842140478530337,0.8172490552894145,1.3722740489543594,-7.090206736436334,0.0,0.0
361,1.8399999999998138,0.9892555475234985,0.9876160621643066,0.990755021572113,1.0,0.16377463936805725,0.02552831299609613,0.18541639873957372,0.8424398503014148,0.8170498447135106,1.3293390246041186,-7.073998642086315,0.0,0.0
362,1.8449999999998132,0.9892555475234985,0.99071204662323,0.9876734018325806,1.0,0.15466131269931793,0.0199839372271221,0.25735964563062774,0.8428000301758597,0.8169242881458674,1.3040181014152472,-7.062377518439885,0.0,0.0
363,1.8499999999998127,0.9900230169296265,0.9876160621643066,0.9922958612442017,0.8333333134651184,0.13731476664543152,0.014363081755515159,0.1439147087602285,0.8430582773680025,0.8166944379003184,1.2849608125427654,-7.043930783891649,0.0,0.0
364,1.8549999999998121,0.9892555475234985,0.9876160621643066,0.990755021572113,1.0,0.15798518061637878,0.008227253436563185,0.08797233814949694,0.8434682048024078,0.8164227903959599,1.251685550502434,-7.019570562222448,0.0,0.0
365,1.8599999999998116,0.9892555475234985,0.9891640543937683,0.9892141819000244,1.0,0.151454895734787,0.002973933857517046,0.28369683578818206,0.8440095430617234,0.8162238424519885,1.2115635873282957,-7.002205673939305,0.0,0.0
366,1.864999999999811,0.9892555475234985,0.9891640543937683,0.9892141819000244,0.8333333134651184,0.15454664826393127,0.0027558123749987884,0.27004274365634773,0.8443954294680154,0.8159367907196231,1.168069007909849,-6.979834585038932,0.0,0.0
367,1.8699999999998105,0.9915578961372375,0.9891640543937683,0.9938367009162903,1.0,0.1659834086894989,0.008036632974389274,0.26242034509534823,0.8448925647769125,0.8155422624076537,1.122415999208957,-6.944227883603265,0.0,0.0
368,1.87499999999981,0.9877206087112427,0.9876160621643066,0.9876734018325806,1.0,0.17005367577075958,0.014189181483011706,0.277523558743623,0.8456838248088163,0.8151590804041484,1.0765582464777115,-6.9130409987486106,0.0,0.0
369,1.8799999999998094,0.9892555475234985,0.9876160621643066,0.990755021572113,1.0,0.16375841200351715,0.019853251162036744,0.321003671258714,0.8463768666944753,0.8147876826996451,1.019038218254815,-6.881581457713363,0.0,0.0
370,1.8849999999998088,0.9900230169296265,0.9891640543937683,0.990755021572113,1.0,0.15906324982643127,0.025457792260608653,0.20007176603282736,0.8470759676063697,0.8148385742955265,0.9581060753425575,-6.882009938315438,0.0,0.0
371,1.8899999999998083,0.9900230169296265,0.9876160621643066,0.9922958612442017,0.8333333134651184,0.13916891813278198,0.030954238612050985,0.5625154238372485,0.8470664458152125,0.8145764774914394,0.8870429228111064,-6.856920666154692,0.0,0.0
372,1.8949999999998077,0.9892555475234985,0.9891640543937683,0.9892141819000244,0.8333333134651184,0.17299595475196838,0.03579318739580868,0.25387095661029063,0.8476239851965623,0.8146757830408787,0.8160061260323355,-6.861499103282788,0.0,0.0
373,1.8999999999998072,0.9892555475234985,0.9876160621643066,0.990755021572113,1.0,0.1433531790971756,0.04096695228952623,0.22524773623707442,0.8475222421492714,0.8146409736458897,0.7504769594856618,-6.854209667851115,0.0,0.0
374,1.9049999999998066,0.9884880781173706,0.9891640543937683,0.9876734018325806,1.0,0.16496993601322174,0.0467183895394338,0.37987754924322836,0.8476842296033086,0.8144778818298796,0.6720969389131073,-6.841072314018228,0.0,0.0
375,1.909999999999806,0.9907904267311096,0.9876160621643066,0.9938367009162903,1.0,0.1657879650592804,0.051683911130614234,0.2039952206425795,0.847976170799595,0.8146299221688896,0.584938927223162,-6.850426199344038,0.0,0.0
376,1.9149999999998055,0.9892555475234985,0.9876160621643066,0.990755021572113,1.0,0.16372846066951752,0.05642194162888102,0.1400071321394392,0.8477683066812436,0.8144211615555503,0.5147499748172071,-6.830122572030852,0.0,0.0
377,1.919999999999805,0.9892555475234985,0.9891640543937683,0.9892141819000244,1.0,0.15018126368522644,0.06100247487834457,0.30038536646051234,0.8482194983993144,0.8145863419994239,0.4277156195884405,-6.840259821252299,0.0,0.0
378,1.9249999999998044,0.9892555475234985,0.9891640543937683,0.9892141819000244,0.6666666865348816,0.11873601377010345,0.06531621320332164,0.3648787549217568,0.8479942261943934,0.8143933831199013,0.3601403804635858,-6.829731272289915,0.0,0.0
379,1.9299999999998039,0.9907904267311096,0.9876160621643066,0.9938367009162903,1.0,0.15201912820339203,0.06240213344412095,0.22670766273076948,0.848228193949113,0.8144522428329972,0.2776365636317892,-6.831398534990696,0.0,0.0
380,1.9349999999998033,0.9877206087112427,0.9876160621643066,0.9876734018325806,0.8333333134651184,0.13220718502998352,0.07326996060161695,0.2276643942196703,0.8481911436668734,0.8146333322049955,0.19128078122921285,-6.8453231024399415,0.0,0.0
381,1.9399999999998028,0.9892555475234985,0.9876160621643066,0.990755021572113,1.0,0.18177203834056854,0.07308799433988505,0.26609981940026556,0.847881708834668,0.8144550867371084,0.11355272308642045,-6.8330819652170085,0.0,0.0
382,1.9449999999998022,0.9907904267311096,0.99071204662323,0.990755021572113,1.0,0.16013704240322113,0.08017237265223609,0.2660832207615186,0.8481537341062887,0.8147938428708658,0.012462131019483055,-6.855251656079802,0.0,0.0
383,1.9499999999998017,0.9900230169296265,0.9876160621643066,0.9922958612442017,1.0,0.16992637515068054,0.08314724233348439,0.2509826571026379,0.8476610743093378,0.8149247994751967,-0.06627126968620681,-6.868266279440664,0.0,0.0
384,1.9549999999998011,0.9884880781173706,0.9876160621643066,0.9892141819000244,1.0,0.15143036842346191,0.08582242670355693,0.3486601602280936,0.8473718604568741,0.8149894718558882,-0.1480688886491503,-6.874848475305502,0.0,0.0
385,1.9599999999998006,0.9892555475234985,0.9876160621643066,0.990755021572113,1.0,0.16422928869724274,0.08821264761522467,0.46770343756445276,0.8472255894376555,0.8150218017308595,-0.2453687292442728,-6.878818577461436,0.0,0.0
386,1.9649999999998,0.9884880781173706,0.9891640543937683,0.9876734018325806,1.0,0.15794691443443298,0.0902826249407777,0.3617661604644296,0.8471373649453015,0.8152599008427904,-0.3357742408839506,-6.897130821969776,0.0,0.0
387,1.9699999999997995,0.9915578961372375,0.9891640543937683,0.9938367009162903,1.0,0.1455019861459732,0.092031031953945,0.4138537038029389,0.8467304261784494,0.8154912591782593,-0.43265910607172464,-6.916470531775421,0.0,0.0
388,1.974999999999799,0.9892555475234985,0.9876160621643066,0.990755021572113,0.8333333134651184,0.18172584474086761,0.09341097967131545,0.4902887797995415,0.8463006548494351,0.8155937511068313,-0.5090945769449965,-6.932348866016962,0.0,0.0
389,1.9799999999997984,0.9884880781173706,0.9876160621643066,0.9892141819000244,0.8333333134651184,0.13075579702854156,0.09311417839969598,0.4619856443076721,0.8459478029774008,0.8158600595697225,-0.5916585785625315,-6.951347290951362,0.0,0.0
390,1.9849999999997978,0.9900230169296265,0.9891640543937683,0.990755021572113,1.0,0.20468859374523163,0.09054070169711989,0.414805844385737,0.8455256157566364,0.8161142560544323,-0.6926205387667578,-6.973404750266108,0.0,0.0
391,1.9899999999997973,0.9907904267311096,0.9876160621643066,0.9938367009162903,1.0,0.15154650807380676,0.09554254803071546,0.17196603230809065,0.8450354499940865,0.8165126399826159,-0.7855724159895486,-6.998322097243117,0.0,0.0
392,1.9949999999997967,0.9884880781173706,0.9891640543937683,0.9876734018325806,1.0,0.16515016555786133,0.09553288392261643,0.2299650723709351,0.8444817311723751,0.81667664682989,-0.8482583058494021,-7.01538136556704,0.0,0.0
393,1.9999999999997962,0.9892555475234985,0.9876160621643066,0.990755021572113,1.0,0.1740029901266098,0.09521138839061963,0.21732392378389756,0.8441026363207325,0.816879415099463,-0.9295316752595434,-7.033476273654528,0.0,0.0
394,2.0049999999998067,0.9900230169296265,0.9891640543937683,0.990755021572113,1.0,0.1319534182548523,0.09455567662761978,0.21836181926260687,0.8437005272521216,0.817172507692094,-1.0111932483310766,-7.052858719255178,0.0,0.0
395,2.0099999999998173,0.9907904267311096,0.9891640543937683,0.9922958612442017,1.0,0.16460654139518738,0.09356501285745147,0.21138548208683797,0.8432698062387738,0.8173028029895164,-1.0593424485602458,-7.066650473322529,0.0,0.0
396,2.014999999999828,0.9884880781173706,0.986068069934845,0.990755021572113,1.0,0.1442050039768219,0.09222048925591884,0.3081237526272059,0.8429633228150549,0.8176151154041462,-1.147626654956402,-7.08742500690937,0.0,0.0
397,2.0199999999998384,0.9907904267311096,0.99071204662323,0.990755021572113,1.0,0.17360709607601166,0.09056074866499102,0.0945283705206468,0.8425016665131251,0.81766443568176,-1.1934144732264018,-7.0975283850047575,0.0,0.0
398,2.024999999999849,0.9877206087112427,0.9876160621643066,0.9876734018325806,0.8333333134651184,0.1486474871635437,0.08856212622632616,0.23269161603668903,0.8422771469998943,0.8177673082661531,-1.2445879001765454,-7.108384639787296,0.0,0.0
399,2.0299999999998595,0.9915578961372375,0.9891640543937683,0.9938367009162903,1.0,0.11961746215820312,0.08174112240248611,0.17914990943254683,0.8420358968936157,0.8178176199397682,-1.2896601183786849,-7.115079335088611,0.0,0.0
400,2.03499999999987,0.9884880781173706,0.986068069934845,0.990755021572113,1.0,0.16240529716014862,0.08368452553442207,0.1993253639832274,0.8418871258869197,0.8179098548457716,-1.3186263170033286,-7.124481371107898,0.0,0.0
401,2.0399999999998806,0.9892555475234985,0.9891640543937683,0.9892141819000244,0.8333333134651184,0.15123768150806427,0.08078235454842687,0.19818210868849623,0.8416781917531578,0.818056697004599,-1.3687686558937417,-7.136661193853775,0.0,0.0
402,2.044999999999891,0.9892555475234985,0.9891640543937683,0.9892141819000244,0.8333333134651184,0.13325661420822144,0.07349240576307002,0.2886728626105541,0.8414075290254717,0.8181389297607781,-1.3955905890846052,-7.142762726537961,0.0,0.0
403,2.0499999999999017,0.9915578961372375,0.9891640543937683,0.9938367009162903,0.8333333134651184,0.14511162042617798,0.07309567638403976,0.22353835029599073,0.8412719394102676,0.8183389735741731,-1.4449096371927166,-7.15549327434763,0.0,0.0
404,2.0549999999999122,0.9877206087112427,0.9876160621643066,0.9876734018325806,1.0,0.16391824185848236,0.06696581923922564,0.18066353470157515,0.8409890383478305,0.8183627639077504,-1.4638079868179887,-7.157425976337167,0.0,0.0
405,2.059999999999923,0.9892555475234985,0.9876160621643066,0.990755021572113,1.0,0.15934662520885468,0.06641835602218715,0.16186350054097276,0.8409460894147296,0.8184174295745043,-1.4835895793463352,-7.160812989956257,0.0,0.0
406,2.0649999999999333,0.9900230169296265,0.9891640543937683,0.990755021572113,1.0,0.15145611763000488,0.06221365530476406,0.14469161819046575,0.8408708224454164,0.8184877443654175,-1.5000600257292758,-7.1652733530746975,0.0,0.0
407,2.069999999999944,0.9907904267311096,0.9891640543937683,0.9922958612442017,1.0,0.1587606966495514,0.05778825433646796,0.15370488613299854,0.8407717032650067,0.8184879742912063,-1.5003734312682502,-7.166357980780134,0.0,0.0
408,2.0749999999999544,0.9884880781173706,0.9876160621643066,0.9892141819000244,0.6666666865348816,0.12854759395122528,0.053141237737042976,0.08331854303424607,0.8407476004271082,0.8184535615546095,-1.4957264241794277,-7.16617242169588,0.0,0.0
409,2.079999999999965,0.9892555475234985,0.9876160621643066,0.990755021572113,1.0,0.1629759669303894,0.043414310698246694,0.06345096499044185,0.8407517239623138,0.8184139004978406,-1.4779739606398385,-7.162041395226606,0.0,0.0
410,2.0849999999999755,0.9884880781173706,0.9891640543937683,0.9876734018325806,1.0,0.15985587239265442,0.04331184094307569,0.2275533338317158,0.8408435245505199,0.8182307203783192,-1.4510394836014586,-7.150830625781703,0.0,0.0
411,2.089999999999986,0.9907904267311096,0.9876160621643066,0.9938367009162903,0.8333333134651184,0.1579953134059906,0.038174315686961634,0.2845951810451735,0.8410926527604066,0.8179816068238848,-1.4119654678138818,-7.135480774237307,0.0,0.0
412,2.0949999999999966,0.9900230169296265,0.9891640543937683,0.990755021572113,1.0,0.16469526290893555,0.0311582318087354,0.248075052043974,0.8414337605725043,0.8177877036702883,-1.3669256075749627,-7.120247904968938,0.0,0.0
413,2.100000000000007,0.9884880781173706,0.9876160621643066,0.9892141819000244,1.0,0.15383380651474,0.027483229164691612,0.2642035239560859,0.8417722687784681,0.817559029749369,-1.3129079737863159,-7.108107629957041,0.0,0.0
414,2.1050000000000177,0.9892555475234985,0.9891640543937683,0.9892141819000244,0.8333333134651184,0.13522487878799438,0.021972560760458,0.16474861640789465,0.8420420526676213,0.8173427938943434,-1.2848285959337102,-7.091467274474718,0.0,0.0
415,2.1100000000000283,0.9907904267311096,0.9876160621643066,0.9938367009162903,0.8333333134651184,0.09492655098438263,0.015520449195622633,0.19439236555966338,0.8424118383450063,0.817106799382122,-1.2570798575951767,-7.072009632734389,0.0,0.0
416,2.115000000000039,0.9877206087112427,0.9876160621643066,0.9876734018325806,1.0,0.15764150023460388,0.010205264752689751,0.2609912792578324,0.8428442303836803,0.8168241593707993,-1.228078417664662,-7.047238348692771,0.0,0.0
417,2.1200000000000494,0.9900230169296265,0.9891640543937683,0.990755021572113,0.8333333134651184,0.1562565714120865,0.00503026468252831,0.2597853754515819,0.8433947033623829,0.8164367158253774,-1.2056346078111388,-7.017553960110144,0.0,0.0
418,2.12500000000006,0.9900230169296265,0.9891640543937683,0.990755021572113,1.0,0.15569229423999786,0.0006565997140551049,0.12271753121564438,0.8440543564419968,0.8160994309240251,-1.1651999262828745,-6.988506458282555,0.0,0.0
419,2.1300000000000705,0.9892555475234985,0.9876160621643066,0.990755021572113,1.0,0.16299523413181305,0.00642341365540273,0.19156364514020513,0.8446998564826098,0.8157784203069491,-1.122856943511996,-6.9601717237487195,0.0,0.0
420,2.135000000000081,0.9892555475234985,0.9876160621643066,0.990755021572113,1.0,0.1625702977180481,0.012138636152187719,0.28565574176129904,0.8453295172500285,0.8153617612103293,-1.0775701460972085,-6.925942545259656,0.0,0.0
421,2.1400000000000916,0.9892555475234985,0.9876160621643066,0.990755021572113,0.8333333134651184,0.14567908644676208,0.01782117123825546,0.3383571805820079,0.8460901656608966,0.8151276660247475,-1.022103160538719,-6.905511673105754,0.0,0.0
422,2.145000000000102,0.9892555475234985,0.99071204662323,0.9876734018325806,1.0,0.18426714837551117,0.023075235706478184,0.23672337574789754,0.8465441850420944,0.8151609219632596,-0.9697182390721847,-6.904660787996001,0.0,0.0
423,2.1500000000001127,0.9907904267311096,0.9876160621643066,0.9938367009162903,1.0,0.15528926253318787,0.028973419807248275,0.19721935206580055,0.8465630936000889,0.8152224444124975,-0.90056765552789,-6.902821635902462,0.0,0.0
424,2.1550000000001233,0.9892555475234985,0.9876160621643066,0.990755021572113,1.0,0.15303969383239746,0.034396455809699834,0.16030572568028156,0.846603963646612,0.8150339553742711,-0.8326892056430522,-6.8868551173194,0.0,0.0
425,2.160000000000134,0.9892555475234985,0.9891640543937683,0.9892141819000244,1.0,0.1774892807006836,0.039710625534404395,0.6704224382175815,0.84695877517068,0.8145409141919348,-0.770480740954933,-6.8483294345789805,0.0,0.0
426,2.1650000000001444,0.9892555475234985,0.9876160621643066,0.990755021572113,1.0,0.1527852863073349,0.04491293687432382,0.29634195116929696,0.8478149014538005,0.8145462099357306,-0.6965930441931455,-6.844391520987233,0.0,0.0
427,2.170000000000155,0.9923253655433655,0.99071204662323,0.9938367009162903,1.0,0.15083160996437073,0.049939034199924584,0.21855021704102592,0.8479024106447282,0.8143050547863672,-0.621613963137747,-6.8230928928323475,0.0,0.0
428,2.1750000000001655,0.9869531393051147,0.986068069934845,0.9876734018325806,1.0,0.16273191571235657,0.054771596700060356,0.16679282292340822,0.8483757134926144,0.8142968496497784,-0.5486760340861472,-6.822513283491217,0.0,0.0
429,2.180000000000176,0.9900230169296265,0.9891640543937683,0.990755021572113,1.0,0.15437377989292145,0.05940536192063752,0.22427898582036288,0.8483885937001951,0.8142158313860657,-0.4687858989226578,-6.8140821018323114,0.0,0.0
430,2.1850000000001866,0.9892555475234985,0.9876160621643066,0.990755021572113,1.0,0.16527505218982697,0.063831905867107,0.30437194392449995,0.8485759532926154,0.8141713160736588,-0.38658837550110786,-6.811428144130062,0.0,0.0
431,2.190000000000197,0.9907904267311096,0.9891640543937683,0.9922958612442017,0.8333333134651184,0.13663271069526672,0.06803442544877687,0.4918798238762016,0.8486349301304431,0.8142390801214807,-0.2949733614560688,-6.8150028682584765,0.0,0.0
432,2.1950000000002077,0.9884880781173706,0.9876160621643066,0.9892141819000244,1.0,0.18655462563037872,0.0709348122297894,0.20396826965599957,0.8485554918164783,0.8142151442585085,-0.21002597467738662,-6.813612263316647,0.0,0.0
433,2.2000000000002182,0.9900230169296265,0.9891640543937683,0.990755021572113,1.0,0.1203109622001648,0.07564765476153597,0.4060183618481508,0.848586394148519,0.8143976325029688,-0.11950073230397294,-6.827363817668937,0.0,0.0
434,2.2050000000002288,0.9877206087112427,0.9876160621643066,0.9876734018325806,1.0,0.15657857060432434,0.07900935704593794,0.43662690322189895,0.8482808040518014,0.8144509323971375,-0.027205959715760748,-6.829926539821086,0.0,0.0
435,2.2100000000002393,0.9915578961372375,0.9891640543937683,0.9938367009162903,0.8333333134651184,0.15499448776245117,0.08215345896515945,0.3102122055858982,0.8482238546706425,0.8146536384561955,0.05941153324373255,-6.848319982931776,0.0,0.0
436,2.21500000000025,0.9884880781173706,0.986068069934845,0.990755021572113,1.0,0.1560986340045929,0.08360340305027279,0.5960616082297797,0.847815111490405,0.8147863618771725,0.14111057910376193,-6.857959934691419,0.0,0.0
437,2.2200000000002604,0.9900230169296265,0.99071204662323,0.9892141819000244,1.0,0.1612188220024109,0.08743348558889114,0.10482356292589413,0.8476008903401907,0.8149405513221779,0.22686084250304975,-6.872878010775602,0.0,0.0
438,2.225000000000271,0.9884880781173706,0.9876160621643066,0.9892141819000244,1.0,0.1532624065876007,0.08959179982382379,0.49460566580433263,0.84726937753832,0.8149247330919226,0.31118646244934695,-6.873184269565488,0.0,0.0
439,2.2300000000002815,0.9915578961372375,0.9891640543937683,0.9938367009162903,1.0,0.19290228188037872,0.0915009886944282,0.3663745150597881,0.8472625717874336,0.8152340048708743,0.40515480130584697,-6.8990628193421895,0.0,0.0
440,2.235000000000292,0.9877206087112427,0.9876160621643066,0.9876734018325806,1.0,0.15020856261253357,0.09296577481150751,0.3655322513708359,0.8466874929035069,0.8156120673829329,0.4765679877670902,-6.929518857041423,0.0,0.0
441,2.2400000000003026,0.9892555475234985,0.9876160621643066,0.990755021572113,1.0,0.14667345583438873,0.09410694778031377,0.31203306959515836,0.8460106920657462,0.8157711637398753,0.5714414346331704,-6.942982678728685,0.0,0.0
442,2.245000000000313,0.9907904267311096,0.99071204662323,0.990755021572113,1.0,0.1660151183605194,0.09496942624840007,0.4170186948828169,0.8457114960282515,0.8160819441991689,0.6755028222499443,-6.964363202645926,0.0,0.0
443,2.2500000000003237,0.9900230169296265,0.9876160621643066,0.9922958612442017,1.0,0.19646553695201874,0.09545723971385602,0.3335198375728908,0.8452363732745349,0.8164375055803549,0.7728340995797335,-6.992471250820802,0.0,0.0
444,2.2550000000003343,0.9884880781173706,0.9876160621643066,0.9892141819000244,0.8333333134651184,0.14208388328552246,0.0955632207685318,0.4132413467561249,0.8446117499817599,0.8165695234213757,0.8415125514591295,-7.004649261284043,0.0,0.0
445,2.260000000000345,0.9892555475234985,0.9876160621643066,0.990755021572113,1.0,0.1611693799495697,0.09390830675446622,0.19804180674535965,0.8443411275270213,0.8170034706979251,0.942341530403321,-7.033049520516468,0.0,0.0
446,2.2650000000003554,0.9884880781173706,0.9891640543937683,0.9876734018325806,1.0,0.14243964850902557,0.09480015142621412,0.3265496913143731,0.8437100106551896,0.817254717224622,1.0118889142763223,-7.053152429281962,0.0,0.0
447,2.270000000000366,0.9915578961372375,0.9891640543937683,0.9938367009162903,1.0,0.16877788305282593,0.09394415966264473,0.14612957080618547,0.8432632793492898,0.817318193858662,1.0606706057721744,-7.065173237562302,0.0,0.0
448,2.2750000000003765,0.9892555475234985,0.9876160621643066,0.990755021572113,0.8333333134651184,0.13694000244140625,0.092735794601085,0.1964910757438617,0.8429961502763933,0.8175603664458705,1.1306863296952139,-7.084227518346031,0.0,0.0
449,2.280000000000387,0.9884880781173706,0.9876160621643066,0.9892141819000244,1.0,0.1732759028673172,0.08634933940673772,0.24465366495506924,0.8425727218145327,0.8176002906932082,1.189154254792869,-7.08950483456502,0.0,0.0
450,2.2850000000003976,0.9900230169296265,0.9891640543937683,0.990755021572113,1.0,0.14487667381763458,0.08933037117046735,0.12680904500926807,0.8424554481207773,0.8177764362763932,1.2453678754987212,-7.104234259294244,0.0,0.0
451,2.290000000000408,0.9907904267311096,0.9876160621643066,0.9938367009162903,1.0,0.15428903698921204,0.08715640564948994,0.32583002341608736,0.842128127571239,0.8177954148018408,1.2883422329160557,-7.1088327087715095,0.0,0.0
452,2.2950000000004187,0.9884880781173706,0.9891640543937683,0.9876734018325806,1.0,0.146974116563797,0.08466256060204158,0.2991543011777224,0.8420259398050776,0.8179653735452297,1.33213867869734,-7.121887111979243,0.0,0.0
453,2.3000000000004293,0.9892555475234985,0.9876160621643066,0.990755021572113,1.0,0.15497907996177673,0.08185909803460112,0.2894973890440661,0.8417358419560168,0.8181724153183377,1.3777558808880568,-7.136451015802052,0.0,0.0
454,2.30500000000044,0.9900230169296265,0.9891640543937683,0.990755021572113,1.0,0.17086909711360931,0.07876850565171256,0.20322657084955287,0.8414121996488433,0.8182105720315271,1.412068467394281,-7.1428460923350885,0.0,0.0
455,2.3100000000004504,0.9907904267311096,0.9891640543937683,0.9922958612442017,0.8333333134651184,0.13255764544010162,0.0754194494247461,0.11761982903714992,0.841270086836998,0.8183710184588213,1.4457680825234926,-7.1546970304115645,0.0,0.0
456,2.315000000000461,0.9877206087112427,0.986068069934845,0.9892141819000244,1.0,0.1599961370229721,0.06827510972763247,0.4081679550188361,0.8410067326575208,0.818392797579481,1.4643904421591014,-7.156139787378146,0.0,0.0
457,2.3200000000004715,0.9907904267311096,0.99071204662323,0.990755021572113,1.0,0.15791665017604828,0.06789057774502366,0.1622422662716284,0.8409746713915968,0.8184870242140008,1.4905131679490742,-7.162406201466007,0.0,0.0
458,2.325000000000482,0.9877206087112427,0.9876160621643066,0.9876734018325806,0.8333333134651184,0.1434033215045929,0.06374218867220816,0.14155504778445294,0.8408354177451999,0.8185612257169188,1.5097441866686017,-7.16864118351306,0.0,0.0
459,2.3300000000004926,0.9915578961372375,0.9891640543937683,0.9938367009162903,1.0,0.16321703791618347,0.05626109827587632,0.19522423971240166,0.8406968625885987,0.8185965390237091,1.508970343979824,-7.171509542072914,0.0,0.0
460,2.335000000000503,0.9884880781173706,0.986068069934845,0.990755021572113,1.0,0.18118709325790405,0.054825747356731236,0.2013027035345068,0.8406331212872686,0.8185488578613593,1.5133795022848837,-7.169325542855558,0.0,0.0
461,2.3400000000005137,0.9892555475234985,0.9891640543937683,0.9892141819000244,1.0,0.16277584433555603,0.05006759072422863,0.16747908097700712,0.8406816546032099,0.8185685186072952,1.4990928425660834,-7.168782812776752,0.0,0.0
462,2.345000000000524,0.9892555475234985,0.9891640543937683,0.9892141819000244,1.0,0.16504515707492828,0.04512737875871642,0.2169297626609439,0.8406937152716277,0.8184203476226256,1.479376584415096,-7.158676818097593,0.0,0.0
463,2.3500000000005348,0.9915578961372375,0.9891640543937683,0.9938367009162903,1.0,0.1708558052778244,0.04004776746168536,0.05696963850621319,0.8409182929311646,0.8182773222420165,1.4483813760258342,-7.151702152857587,0.0,0.0
464,2.3550000000005453,0.9877206087112427,0.9876160621643066,0.9876734018325806,1.0,0.16056916117668152,0.03479534493117299,0.01833230527027458,0.8410732854920536,0.8181379791909548,1.407322007282029,-7.141300068793722,0.0,0.0
465,2.360000000000556,0.9892555475234985,0.9876160621643066,0.990755021572113,0.8333333134651184,0.13617059588432312,0.02942924559497251,0.1168997733351661,0.8413044429156951,0.8179369958870624,1.348077157801179,-7.130469393600535,0.0,0.0
466,2.3650000000005664,0.9900230169296265,0.9891640543937683,0.990755021572113,1.0,0.17400583624839783,0.02361674700134797,0.2910527157811725,0.8415451245866548,0.8175222339017553,1.296895593199043,-7.10301065793759,0.0,0.0
467,2.370000000000577,0.9907904267311096,0.9891640543937683,0.9922958612442017,1.0,0.18458104133605957,0.018404563789418356,0.3531392720173789,0.8421553187124979,0.8172017605884804,1.2650702511472414,-7.0781073884836045,0.0,0.0
468,2.3750000000005875,0.9884880781173706,0.9876160621643066,0.9892141819000244,1.0,0.11636229604482651,0.012770373370641934,0.31930097913207983,0.8427087247003644,0.816902256724746,1.2352129106371186,-7.0540551485708365,0.0,0.0
469,2.380000000000598,0.9892555475234985,0.9876160621643066,0.990755021572113,1.0,0.1609375774860382,0.007085541038103685,0.32046940179197375,0.843243218920648,0.8166980630004885,1.2015113388326237,-7.034440274949581,0.0,0.0
470,2.3850000000006086,0.9884880781173706,0.9891640543937683,0.9876734018325806,1.0,0.15162387490272522,0.0013680474761730021,0.09663364467337544,0.8436791050011204,0.8163582649214037,1.1766308826629217,-7.004955734119319,0.0,0.0
471,2.390000000000619,0.9907904267311096,0.9876160621643066,0.9938367009162903,0.8333333134651184,0.1507568061351776,0.004361211618542159,0.14378896788327442,0.8443343170195707,0.8159712418670206,1.1366496961672816,-6.97513964761592,0.0,0.0
472,2.3950000000006297,0.9900230169296265,0.9891640543937683,0.990755021572113,0.8333333134651184,0.1307748258113861,0.009552602384223789,0.24353473078646698,0.8449968967196462,0.8155852588521149,1.0916821911542411,-6.942260919854635,0.0,0.0
473,2.4000000000006403,0.9884880781173706,0.9876160621643066,0.9892141819000244,1.0,0.17498038709163666,0.015555420658023834,0.476437957330355,0.8457275351143414,0.8153396232339256,1.0350101033796848,-6.9200189840487765,0.0,0.0
474,2.405000000000651,0.9892555475234985,0.9891640543937683,0.9892141819000244,1.0,0.16570228338241577,0.02142194753768431,0.32956188358760063,0.8462218003544717,0.8153021390827782,0.9790771714941666,-6.913102603645606,0.0,0.0
475,2.4100000000006614,0.9907904267311096,0.9876160621643066,0.9938367009162903,1.0,0.16886994242668152,0.02698841153939524,0.37492781228655486,0.8463754976967643,0.8149565897540271,0.9290538491976372,-6.88502155989685,0.0,0.0
476,2.415000000000672,0.9877206087112427,0.9876160621643066,0.9876734018325806,0.8333333134651184,0.14908799529075623,0.03246564561739075,0.49650752447656255,0.8469995208911811,0.8146595701786714,0.8683089700852256,-6.8583900720765465,0.0,0.0
477,2.4200000000006825,0.9900230169296265,0.9891640543937683,0.990755021572113,1.0,0.1744653284549713,0.03730651513212504,0.1671157379932616,0.8475913317316324,0.814750831636911,0.800803798781586,-6.861159824794639,0.0,0.0
478,2.425000000000693,0.9900230169296265,0.9891640543937683,0.990755021572113,0.8333333134651184,0.14095191657543182,0.04305901932156396,0.29704859347128504,0.8475297816712303,0.814595223477135,0.7312391788576877,-6.848816751561819,0.0,0.0
479,2.4300000000007036,0.9900230169296265,0.9876160621643066,0.9922958612442017,1.0,0.17243142426013947,0.04559873187881682,0.3506705013935697,0.8478040721875151,0.8144055068105821,0.662761958155818,-6.830698253864111,0.0,0.0
480,2.435000000000714,0.9884880781173706,0.9876160621643066,0.9892141819000244,1.0,0.17098139226436615,0.05304429219060291,0.31286777299971663,0.8482067054696865,0.8143407733646535,0.5813626746282172,-6.824609480455992,0.0,0.0
481,2.4400000000007247,0.9892555475234985,0.9876160621643066,0.990755021572113,1.0,0.15482063591480255,0.057752126459866146,0.2075494475686224,0.8483420115454224,0.8144300305792581,0.4982376992882634,-6.828252389498522,0.0,0.0
482,2.4450000000007353,0.9892555475234985,0.99071204662323,0.9876734018325806,1.0,0.1582590639591217,0.0622384269757389,0.48944931617789683,0.8482610580111439,0.8143276246678229,0.416364161369322,-6.8201139382629075,0.0,0.0
483,2.450000000000746,0.9907904267311096,0.9876160621643066,0.9938367009162903,1.0,0.15279103815555573,0.06653304195055695,0.15366646437285844,0.8484419124830465,0.8143246212310292,0.3308128381788959,-6.8207591656461855,0.0,0.0
484,2.4550000000007564,0.9892555475234985,0.9876160621643066,0.990755021572113,0.8333333134651184,0.14048238098621368,0.07055861504877776,0.23278471616330818,0.8484275740967514,0.8143435107165468,0.24167125229425684,-6.82171381574106,0.0,0.0
485,2.460000000000767,0.9892555475234985,0.9891640543937683,0.9892141819000244,1.0,0.15294194221496582,0.0707150880828481,0.40733804809868235,0.8484063596501986,0.8144724395773024,0.1506044248400908,-6.831884090260436,0.0,0.0
486,2.4650000000007775,0.9892555475234985,0.9891640543937683,0.9892141819000244,1.0,0.1587008535861969,0.07781576378768858,0.33153487958337235,0.8481803535497681,0.8146348943643098,0.05672485750167098,-6.843920959443023,0.0,0.0
487,2.470000000000788,0.9915578961372375,0.9891640543937683,0.9938367009162903,1.0,0.16969522833824158,0.08103995752286475,0.45403123607971896,0.8479128675679328,0.8146646718570663,-0.030537419182031178,-6.845265464559052,0.0,0.0
488,2.4750000000007986,0.9877206087112427,0.9876160621643066,0.9876734018325806,0.8333333134651184,0.14799103140830994,0.0839488692057086,0.5345354330913048,0.8478829896764655,0.8148290685425037,-0.11627744698735737,-6.8610607446686975,0.0,0.0
489,2.480000000000809,0.9892555475234985,0.9876160621643066,0.990755021572113,1.0,0.17583538591861725,0.08520636167444649,0.3514963184676826,0.8475319834518067,0.8148448068897063,-0.20887165299563915,-6.864670228796347,0.0,0.0
490,2.4850000000008197,0.9900230169296265,0.9891640543937683,0.990755021572113,0.8333333134651184,0.14632123708724976,0.08886220454651032,0.3260369944047827,0.8474517726934145,0.8149130594525559,-0.28957606664715985,-6.872890462442844,0.0,0.0
491,2.49000000000083,0.9900230169296265,0.9876160621643066,0.9922958612442017,1.0,0.15053504705429077,0.0860562625251215,0.36717864992483634,0.8472691008346035,0.8152926600984004,-0.3842926674352532,-6.900812977754966,0.0,0.0
492,2.4950000000008408,0.9892555475234985,0.9891640543937683,0.9892141819000244,1.0,0.1627083420753479,0.0924492329747669,0.4454128180257594,0.8466486004943341,0.8154077340179343,-0.45709359288302054,-6.916107794985624,0.0,0.0
493,2.5000000000008513,0.9892555475234985,0.9876160621643066,0.990755021572113,0.8333333134651184,0.16638118028640747,0.09374654259641194,0.2596533542215531,0.8463087156669862,0.8157260864037597,-0.5624550100267665,-6.938417385059247,0.0,0.0
494,2.505000000000862,0.9884880781173706,0.9891640543937683,0.9876734018325806,1.0,0.16065001487731934,0.09321770511215519,0.3102381030314319,0.8458129469986834,0.8158989284768913,-0.6322732829104527,-6.9539856586281426,0.0,0.0
495,2.5100000000008724,0.9907904267311096,0.9876160621643066,0.9938367009162903,1.0,0.12236257642507553,0.09531851034069619,0.23786180956593844,0.845466985363819,0.8162042408175558,-0.7248359667202353,-6.977032702374315,0.0,0.0
496,2.515000000000883,0.9892555475234985,0.9876160621643066,0.990755021572113,0.8333333134651184,0.1327528953552246,0.09557241122925397,0.2474982441114904,0.8449548288361264,0.8165482632001432,-0.7995968923743821,-7.003286936782826,0.0,0.0
497,2.5200000000008935,0.9892555475234985,0.9891640543937683,0.9892141819000244,1.0,0.15977811813354492,0.09083175959260206,0.48610930553630266,0.844371401404826,0.8167381492856314,-0.8824589497359755,-7.0175587516651055,0.0,0.0
498,2.525000000000904,0.9892555475234985,0.9891640543937683,0.9892141819000244,0.6666666865348816,0.13161246478557587,0.09506583318206824,0.11834437503519213,0.8440542499629977,0.8170115840214219,-0.9622007043462033,-7.039529311449725,0.0,0.0
499,2.5300000000009146,0.9907904267311096,0.9876160621643066,0.9938367009162903,1.0,0.1608690619468689,0.0882678844524268,0.5159139650091124,0.8435660153011172,0.8170342697183837,-1.0080305394273354,-7.046522605420089,0.0,0.0
500,2.535000000000925,0.9877206087112427,0.9876160621643066,0.9876734018325806,1.0,0.11332014948129654,0.09322012894829536,0.2923392886476576,0.8434106087684425,0.817320261589439,-1.092354603266818,-7.068559830564094,0.0,0.0
501,2.5400000000009357,0.9892555475234985,0.9876160621643066,0.990755021572113,1.0,0.15540872514247894,0.09177837729341191,0.10738304088682889,0.8429208926541313,0.8173181234064278,-1.165568683596827,-7.071663717899187,0.0,0.0
502,2.5450000000009463,0.9907904267311096,0.99071204662323,0.990755021572113,1.0,0.14762195944786072,0.09007214031539139,0.2692352846967664,0.8428519173800181,0.8170800947180409,-1.2313991933416542,-7.055654382080698,0.0,0.0
503,2.550000000000957,0.9900230169296265,0.9876160621643066,0.9922958612442017,1.0,0.17087429761886597,0.08807239152922024,0.12961933463005806,0.8432076803982067,0.8169709579553129,-1.2535896545234957,-7.054644576605681,0.0,0.0
504,2.5550000000009674,0.9884880781173706,0.9876160621643066,0.9892141819000244,0.8333333134651184,0.14391788840293884,0.08570172036505734,0.5184460787368274,0.8432301205198738,0.8171893158980676,-1.3112891968246465,-7.071737110956463,0.0,0.0
505,2.560000000000978,0.9892555475234985,0.9876160621643066,0.990755021572113,1.0,0.17055124044418335,0.07861691757634752,0.30988651420748503,0.8428502864231897,0.8173196199680403,-1.356195419931727,-7.081794102123246,0.0,0.0
506,2.5650000000009885,0.9892555475234985,0.9891640543937683,0.9892141819000244,1.0,0.12612922489643097,0.0800070616052518,0.17423469646461054,0.8426267977305946,0.8173582380819542,-1.3775222656589028,-7.085655189900466,0.0,0.0
507,2.570000000000999,0.9907904267311096,0.9891640543937683,0.9922958612442017,1.0,0.15472441911697388,0.07676146710061488,0.29970653935142383,0.8425409957799896,0.8176069256949158,-1.4245090790159711,-7.101310591209607,0.0,0.0
508,2.5750000000010096,0.9892555475234985,0.9876160621643066,0.990755021572113,0.8333333134651184,0.13760843873023987,0.0731985462935513,0.04754628514149407,0.8421930979731198,0.817766852295871,-1.451342132360501,-7.115219857220004,0.0,0.0
509,2.58000000000102,0.9884880781173706,0.9876160621643066,0.9892141819000244,0.8333333134651184,0.15041011571884155,0.06838889179154192,0.11359223199632933,0.8418840031728888,0.8179113884083458,-1.4927532116490485,-7.1238621932079,0.0,0.0
510,2.5850000000010307,0.9900230169296265,0.9891640543937683,0.990755021572113,1.0,0.16434694826602936,0.06214810104161345,0.0888858429567362,0.8416919512620467,0.8180071321479556,-1.516212737154883,-7.12921954419541,0.0,0.0
511,2.5900000000010412,0.9907904267311096,0.9876160621643066,0.9938367009162903,1.0,0.17341043055057526,0.06105425416629862,0.08705475280519204,0.8415728990178798,0.8180168600531023,-1.5312795066921063,-7.12844756792776,0.0,0.0
512,2.595000000001052,0.9884880781173706,0.9891640543937683,0.9876734018325806,1.0,0.15618544816970825,0.05655376529719896,0.09114750363374839,0.8415900540460498,0.8180817658044327,-1.535101416129709,-7.132035263319115,0.0,0.0
513,2.6000000000010624,0.9892555475234985,0.9876160621643066,0.990755021572113,1.0,0.16219334304332733,0.05185163998561417,0.22093906043989384,0.8415103274817974,0.8180282999585443,-1.5264553588218441,-7.128711587585929,0.0,0.0
514,2.605000000001073,0.9900230169296265,0.9891640543937683,0.990755021572113,1.0,0.15364907681941986,0.046977960004061944,0.0702756848949241,0.8415841869425349,0.8179636378688064,-1.5102320137941192,-7.124292686739038,0.0,0.0
515,2.6100000000010835,0.9907904267311096,0.9891640543937683,0.9922958612442017,1.0,0.15623506903648376,0.0419383136762104,0.1808533158983206,0.8416823847391325,0.8178603060450027,-1.4792944066175744,-7.119246036124551,0.0,0.0
516,2.615000000001094,0.9884880781173706,0.986068069934845,0.990755021572113,1.0,0.16296640038490295,0.03673293986450924,0.22460461012116734,0.8417945325305656,0.8176827843524553,-1.4485706517273578,-7.106757569190084,0.0,0.0
517,2.6200000000011046,0.9907904267311096,0.99071204662323,0.990755021572113,1.0,0.19123242795467377,0.03141303517247986,0.29856429017115,0.8420720540179981,0.81744893317096,-1.3996270758028175,-7.0943007179929,0.0,0.0
518,2.625000000001115,0.9877206087112427,0.9876160621643066,0.9876734018325806,1.0,0.1352674663066864,0.025963157833054036,0.10701767826395576,0.8423488729334911,0.8173011657420848,-1.3438255100274177,-7.080634448615384,0.0,0.0
519,2.6300000000011257,0.9915578961372375,0.9891640543937683,0.9938367009162903,1.0,0.14722706377506256,0.020431274698357003,0.3550424374022728,0.842652567808547,0.8170801804947848,-1.271673920177586,-7.069041264650539,0.0,0.0
520,2.635000000001136,0.9884880781173706,0.986068069934845,0.990755021572113,0.8333333134651184,0.14908045530319214,0.014810936995320847,0.16651085966272844,0.8429101941188769,0.8168490920054345,-1.2503378531751324,-7.051434088199457,0.0,0.0
521,2.6400000000011468,0.9892555475234985,0.9891640543937683,0.9892141819000244,1.0,0.20603983104228973,0.008694129894981138,0.2441625814483277,0.8433014647066788,0.816485335454228,-1.2143536680002405,-7.023712424472971,0.0,0.0
522,2.6450000000011573,0.9892555475234985,0.9891640543937683,0.9892141819000244,1.0,0.16122254729270935,0.003429551594079957,0.13582079364196573,0.8439175016783784,0.8163350632654733,-1.176400786212193,-7.006440002786368,0.0,0.0
523,2.650000000001168,0.9915578961372375,0.9891640543937683,0.9938367009162903,1.0,0.14816823601722717,0.002300094048248782,0.02651191216501017,0.844301333271414,0.816158681119276,-1.1351536608319173,-6.9912040268267885,0.0,0.0
524,2.6550000000011784,0.9877206087112427,0.9876160621643066,0.9876734018325806,1.0,0.16143812239170074,0.008024993986706468,0.2972741400550891,0.8446399105149602,0.8157521808000306,-1.0901166672863563,-6.95652358446185,0.0,0.0
525,2.660000000001189,0.9892555475234985,0.9876160621643066,0.990755021572113,1.0,0.17852887511253357,0.013732964062597318,0.2852665068447907,0.8454105870119588,0.8153295491796361,-1.0460816214327757,-6.923386272071225,0.0,0.0
526,2.6650000000011995,0.9900230169296265,0.9891640543937683,0.990755021572113,1.0,0.16600464284420013,0.01940284648772192,0.3409153619290175,0.8461469717317506,0.8149356706891273,-0.9919513634463292,-6.889466067328753,0.0,0.0
527,2.67000000000121,0.9907904267311096,0.9891640543937683,0.9922958612442017,1.0,0.15596172213554382,0.025016323639882238,0.27438039578642187,0.846900754059361,0.8149616288404895,-0.931295078116669,-6.887930123014884,0.0,0.0
528,2.6750000000012206,0.9884880781173706,0.9876160621643066,0.9892141819000244,1.0,0.14543560147285461,0.030515138078333663,0.21769904372947177,0.8469348861552248,0.8148029072175696,-0.8685164917585706,-6.8716552608572545,0.0,0.0
529,2.680000000001231,0.9892555475234985,0.9876160621643066,0.990755021572113,1.0,0.17039431631565094,0.03592156079719503,0.5013807341218025,0.8472965497587277,0.814670858461117,-0.7971736051661054,-6.858245259426126,0.0,0.0
530,2.6850000000012417,0.9884880781173706,0.9891640543937683,0.9876734018325806,1.0,0.16699190437793732,0.04119560485819797,0.43173347016630853,0.8475945497905305,0.8144335484121261,-0.7363549474051808,-6.840679812030867,0.0,0.0
531,2.6900000000012523,0.9907904267311096,0.9876160621643066,0.9938367009162903,1.0,0.16487446427345276,0.04634463144494777,0.44673979005294223,0.8479848930659808,0.8143104306813179,-0.6543606549786284,-6.829826742127049,0.0,0.0
532,2.695000000001263,0.9900230169296265,0.9891640543937683,0.990755021572113,1.0,0.15723523497581482,0.05131688034638016,0.30982848670672203,0.8482260723971766,0.8142983276370447,-0.5724359459898811,-6.823562271869753,0.0,0.0
533,2.7000000000012734,0.9884880781173706,0.9876160621643066,0.9892141819000244,1.0,0.1728249192237854,0.05608891027631042,0.30617928866886635,0.8483652828473388,0.8142073640454366,-0.50267638745722,-6.81668088258552,0.0,0.0
534,2.705000000001284,0.9892555475234985,0.9891640543937683,0.9892141819000244,1.0,0.1504867970943451,0.06066810814074438,0.2738633904344558,0.8485182026092106,0.8140534396318938,-0.43289975679488846,-6.804498192252575,0.0,0.0
535,2.7100000000012945,0.9907904267311096,0.9876160621643066,0.9938367009162903,0.8333333134651184,0.1368720382452011,0.06505355540177765,0.38680685248236185,0.8487889290610539,0.8141017132089768,-0.3415535985264594,-6.804749824338807,0.0,0.0
536,2.715000000001305,0.9877206087112427,0.9876160621643066,0.9876734018325806,0.8333333134651184,0.1741970032453537,0.06579907191016211,0.22362259419356903,0.8487833372369153,0.813944425086354,-0.27289294385920765,-6.796095978607459,0.0,0.0
537,2.7200000000013156,0.9900230169296265,0.9891640543937683,0.990755021572113,1.0,0.17499157786369324,0.07192307999798044,0.2498038561953491,0.8489756449198342,0.8140319009945691,-0.1751366820090272,-6.800933216919763,0.0,0.0
538,2.725000000001326,0.9900230169296265,0.9891640543937683,0.990755021572113,1.0,0.17055238783359528,0.07665414285648761,0.20922548753950165,0.8488681507351163,0.8141741882998169,-0.09502116616318305,-6.812392077929707,0.0,0.0
539,2.7300000000013367,0.9892555475234985,0.9876160621643066,0.990755021572113,1.0,0.14886948466300964,0.07995977293212253,0.3362344672802957,0.8486135093793399,0.8144197599155063,0.008134951358308839,-6.827661772570741,0.0,0.0
540,2.7350000000013472,0.9892555475234985,0.9876160621643066,0.990755021572113,1.0,0.15442553162574768,0.08296782375965824,0.3232491726422018,0.8482741828317613,0.8144858218361515,0.0913969447216994,-6.83772049886328,0.0,0.0
541,2.740000000001358,0.9892555475234985,0.9876160621643066,0.990755021572113,1.0,0.16391800343990326,0.08568700858334102,0.42781620148285315,0.848050655580816,0.8147105892487492,0.19011543940386405,-6.852874263801899,0.0,0.0
542,2.7450000000013683,0.9892555475234985,0.99071204662323,0.9876734018325806,1.0,0.16829556226730347,0.08808424454752903,0.4009736013127455,0.8477139052488467,0.814600500190558,0.26223882618749733,-6.850851491949752,0.0,0.0
543,2.750000000001379,0.9907904267311096,0.9876160621643066,0.9938367009162903,1.0,0.16664081811904907,0.09022323696841572,0.1767924142693735,0.84775885573445,0.8149639781007245,0.3550935203544888,-6.876910526991935,0.0,0.0
544,2.7550000000013894,0.9892555475234985,0.9876160621643066,0.990755021572113,1.0,0.14974170923233032,0.0919479736115128,0.23344181659999605,0.8471797660668459,0.8152236562262025,0.43784810562717424,-6.901900309380698,0.0,0.0
545,2.7600000000014,0.9892555475234985,0.9891640543937683,0.9892141819000244,1.0,0.16127395629882812,0.09334262173119295,0.4294601591228396,0.8466244375693178,0.8152747507071417,0.5255814318118548,-6.906812610729275,0.0,0.0
546,2.7650000000014106,0.9892555475234985,0.9876160621643066,0.990755021572113,0.8333333134651184,0.12934818863868713,0.09445058172811992,0.44502885951578813,0.8465152753171272,0.8156384784984636,0.6240293925357463,-6.933094958623273,0.0,0.0
547,2.770000000001421,0.9923253655433655,0.99071204662323,0.9938367009162903,1.0,0.196801096200943,0.0937368041619904,0.26093108374079294,0.8459312231417051,0.8157922360113369,0.6947334402212951,-6.951571977937567,0.0,0.0
548,2.7750000000014317,0.9869531393051147,0.986068069934845,0.9876734018325806,0.8333333134651184,0.14219930768013,0.09555894449084927,0.3459020959155772,0.8455206227124985,0.8159785687133406,0.7718234946423997,-6.966065535129455,0.0,0.0
549,2.780000000001442,0.9900230169296265,0.9891640543937683,0.990755021572113,1.0,0.15562936663627625,0.09098494496201441,0.3416352697007383,0.8451985436637899,0.8160762086174116,0.8415355076914636,-6.976941182443201,0.0,0.0
550,2.7850000000014528,0.9892555475234985,0.9876160621643066,0.990755021572113,0.8333333134651184,0.10393489897251129,0.09534713040306997,0.20741637400800841,0.8449568626123733,0.8164282999954007,0.9338557482761813,-7.00269376284443,0.0,0.0
551,2.7900000000014633,0.9907904267311096,0.9891640543937683,0.9922958612442017,1.0,0.15852090716362,0.08965408142971071,0.5862114567726237,0.8443845830479015,0.816613413611991,0.9912976583824279,-7.01779771024595,0.0,0.0
552,2.795000000001474,0.9884880781173706,0.9876160621643066,0.9892141819000244,1.0,0.16960029304027557,0.09372337354711495,0.218070919670682,0.8440489397723122,0.816912065684366,1.0564825571982932,-7.040823023452222,0.0,0.0
553,2.8000000000014844,0.9900230169296265,0.9891640543937683,0.990755021572113,1.0,0.16379913687705994,0.09240515626408653,0.4062754980960712,0.8435372661455062,0.817039864948827,1.1125356136114863,-7.053704204628051,0.0,0.0
554,2.805000000001495,0.9877206087112427,0.9876160621643066,0.9876734018325806,1.0,0.15805058181285858,0.09075088219375095,0.302746338300591,0.8432510176749322,0.8172264314579039,1.1929733656615404,-7.0705465252395046,0.0,0.0
555,2.8100000000015055,0.9907904267311096,0.9891640543937683,0.9922958612442017,1.0,0.15278178453445435,0.08880402742220768,0.052983965947544814,0.8428767438835666,0.8172421742317252,1.2572820850330457,-7.072736798918338,0.0,0.0
556,2.815000000001516,0.9884880781173706,0.986068069934845,0.990755021572113,1.0,0.1549469530582428,0.08654195867292384,0.10601036185058399,0.842828071135148,0.816950489146076,1.3105469266746312,-7.053713425154021,0.0,0.0
557,2.8200000000015266,0.9900230169296265,0.99071204662323,0.9892141819000244,1.0,0.15676775574684143,0.08403510234520048,0.2300307099602095,0.8432508127743551,0.817060000052643,1.3608990879948955,-7.061363335207976,0.0,0.0
558,2.825000000001537,0.9884880781173706,0.9876160621643066,0.9892141819000244,1.0,0.11843749135732651,0.08114789069471422,0.13309734337094248,0.8430808147731561,0.8171764339356847,1.387030845598164,-7.0743625795442755,0.0,0.0
559,2.8300000000015477,0.9915578961372375,0.9891640543937683,0.9938367009162903,1.0,0.1603362113237381,0.07799389785544722,0.3941760022738391,0.8427919426767939,0.8173165940984143,1.4113334679713112,-7.0863333915243985,0.0,0.0
560,2.8350000000015583,0.9877206087112427,0.9876160621643066,0.9876734018325806,1.0,0.15022090077400208,0.07451826652093706,0.041208611149282294,0.8425259246327912,0.8175254129158526,1.4509822794093206,-7.101782698195169,0.0,0.0
561,2.840000000001569,0.9892555475234985,0.9876160621643066,0.990755021572113,1.0,0.15994063019752502,0.07079075230467735,0.16183894387253853,0.842182606706774,0.8173961750518999,1.4736160522463526,-7.091647701497226,0.0,0.0
562,2.8450000000015794,0.9907904267311096,0.99071204662323,0.990755021572113,1.0,0.14903570711612701,0.06687026400972997,0.12288133154289783,0.8424078288556172,0.8174085402136186,1.4864541360309185,-7.093011281764338,0.0,0.0
563,2.85000000000159,0.9892555475234985,0.9876160621643066,0.990755021572113,1.0,0.1569216549396515,0.06267136022408992,0.04500656649002762,0.8423775270719036,0.8173024149618625,1.4996101300859657,-7.086247137661877,0.0,0.0
564,2.8550000000016005,0.9892555475234985,0.9876160621643066,0.990755021572113,1.0,0.16008540987968445,0.058260618697760266,0.13476241756240318,0.8425278413852917,0.8173039445686291,1.508412931511439,-7.085402468640701,0.0,0.0
565,2.860000000001611,0.9892555475234985,0.9876160621643066,0.990755021572113,1.0,0.15530811250209808,0.05363092555101654,0.1479652569391843,0.8425466118079844,0.8173172464677275,1.5047810626783296,-7.087321340339932,0.0,0.0
566,2.8650000000016216,0.9884880781173706,0.9891640543937683,0.9876734018325806,1.0,0.1591387689113617,0.04879970659669025,0.16234470465449974,0.8425039702146682,0.8172235446543914,1.4996786678875627,-7.079605876865503,0.0,0.0
567,2.870000000001632,0.9915578961372375,0.9891640543937683,0.9938367009162903,1.0,0.15211302042007446,0.043825224088030725,0.2183265121199208,0.8426754249585444,0.8172089816304066,1.4750677183740564,-7.080239887657579,0.0,0.0
568,2.8750000000016427,0.9892555475234985,0.9876160621643066,0.990755021572113,1.0,0.16271457076072693,0.03866491585424875,0.027291168243657685,0.8426613358298316,0.8169871831662466,1.4516213282579853,-7.064212368594861,0.0,0.0
569,2.8800000000016532,0.9884880781173706,0.9876160621643066,0.9892141819000244,1.0,0.1583665907382965,0.03337782146275972,0.3538733166220558,0.8430175029201142,0.8169221802589675,1.4010477061857534,-7.0620913041099564,0.0,0.0
570,2.885000000001664,0.9900230169296265,0.9891640543937683,0.990755021572113,1.0,0.169161856174469,0.027964015960182134,0.27638010522055234,0.8430646376864455,0.8167028955055737,1.350802195549346,-7.0478974927783735,0.0,0.0
571,2.8900000000016743,0.9907904267311096,0.9876160621643066,0.9938367009162903,1.0,0.1985110193490982,0.022457256086086324,0.2595645515760642,0.8433800557160361,0.8164719632090134,1.3077858519523278,-7.03257305075801,0.0,0.0
572,2.895000000001685,0.9884880781173706,0.9891640543937683,0.9876734018325806,1.0,0.154930979013443,0.01685813297649139,0.21699863781600792,0.8437205988720442,0.816348851071678,1.2787153293742899,-7.018927496845367,0.0,0.0
573,2.9000000000016954,0.9892555475234985,0.9876160621643066,0.990755021572113,1.0,0.1750190258026123,0.01119690183395992,0.29223519783744384,0.8440238334034362,0.816076238311279,1.244792425193821,-6.996157167052275,0.0,0.0
574,2.905000000001706,0.9900230169296265,0.9891640543937683,0.990755021572113,1.0,0.15874601900577545,0.005493570573187001,0.2397178796826398,0.8445298407321716,0.8159959462073629,1.196254241369099,-6.986116575689314,0.0,0.0
575,2.9100000000017165,0.9907904267311096,0.9891640543937683,0.9922958612442017,1.0,0.15521155297756195,0.0002371618824530588,0.1843406996818998,0.8447529649846819,0.8156311614456052,1.168089731005994,-6.955648369832932,0.0,0.0
576,2.915000000001727,0.9877206087112427,0.986068069934845,0.9892141819000244,0.8333333134651184,0.12964287400245667,0.0059723019001555406,0.23763295950678268,0.8454300362259348,0.815226135956395,1.126638598291511,-6.922401678044134,0.0,0.0
577,2.9200000000017377,0.9907904267311096,0.99071204662323,0.990755021572113,1.0,0.186699777841568,0.011532324009859471,0.23277380176893414,0.8461688515990192,0.8147575377551075,1.085965066836597,-6.8853539831072705,0.0,0.0
578,2.925000000001748,0.9877206087112427,0.9876160621643066,0.9876734018325806,0.8333333134651184,0.14925779402256012,0.01738817990412755,0.3562399818920703,0.8469921337087273,0.8148695723266998,1.022114095540917,-6.887565278590117,0.0,0.0
579,2.9300000000017588,0.9915578961372375,0.9891640543937683,0.9938367009162903,1.0,0.14447703957557678,0.021798583397480895,0.3569990430988975,0.8469429938091085,0.8148179658729429,0.9565214953258837,-6.877917225779531,0.0,0.0
580,2.9350000000017693,0.9884880781173706,0.986068069934845,0.990755021572113,1.0,0.1686304658651352,0.028552526879043413,0.26017159371948473,0.8471573949826771,0.8147429749011162,0.8898926160599284,-6.868922047633294,0.0,0.0
581,2.94000000000178,0.9892555475234985,0.9891640543937683,0.9892141819000244,1.0,0.1679266095161438,0.03399483922335302,0.2706500521722253,0.8473572878303712,0.8146351604519111,0.8191155301821713,-6.857884577061548,0.0,0.0
582,2.9450000000017904,0.9892555475234985,0.9891640543937683,0.9892141819000244,0.8333333134651184,0.14842376112937927,0.03931937045584232,0.2222878496480553,0.8476025649541878,0.8147018135481884,0.7411205800796754,-6.860538970647426,0.0,0.0
583,2.950000000001801,0.9915578961372375,0.9891640543937683,0.9938367009162903,1.0,0.1686094105243683,0.04215493328250596,0.43490106073416857,0.8475435784300572,0.8145607344723317,0.6695540523448354,-6.846274109513892,0.0,0.0
584,2.9550000000018115,0.9877206087112427,0.9876160621643066,0.9876734018325806,0.8333333134651184,0.1354145109653473,0.04952232996169574,0.28070297268284217,0.8478605753441357,0.8143815537226321,0.5914749686845151,-6.832498623319175,0.0,0.0
585,2.960000000001822,0.9892555475234985,0.9876160621643066,0.990755021572113,1.0,0.13688625395298004,0.05150919997926431,0.32568813098996063,0.8481666972595738,0.8144367628183952,0.5196616413290001,-6.83261729568469,0.0,0.0
586,2.9650000000018326,0.9900230169296265,0.9891640543937683,0.990755021572113,1.0,0.13266275823116302,0.05902575853792696,0.4181043490106753,0.8481640600958957,0.814521305846137,0.41609806530548443,-6.835448382268762,0.0,0.0
587,2.970000000001843,0.9900230169296265,0.9891640543937683,0.990755021572113,1.0,0.15283426642417908,0.06345643151667558,0.16695991460639414,0.8481011470606942,0.8144651661823081,0.3482993793487523,-6.83331375884562,0.0,0.0
588,2.9750000000018537,0.9892555475234985,0.9876160621643066,0.990755021572113,1.0,0.15867921710014343,0.0676594609973103,0.45347705750086187,0.848148583136764,0.8143943240620068,0.26505005448336466,-6.826163869079657,0.0,0.0
589,2.9800000000018643,0.9892555475234985,0.9876160621643066,0.990755021572113,1.0,0.16606712341308594,0.0716291615519505,0.3607803926120384,0.8483074695760076,0.8144370270369808,0.1915785184209509,-6.83089657491584,0.0,0.0
590,2.985000000001875,0.9884880781173706,0.9891640543937683,0.9876734018325806,0.8333333134651184,0.1278003752231598,0.07531223210635955,0.4033655822116546,0.8482022983352036,0.8146765676019205,0.09449778554582138,-6.846284443736145,0.0,0.0
591,2.9900000000018854,0.9907904267311096,0.9876160621643066,0.9938367009162903,1.0,0.1797773391008377,0.0775091277676887,0.2477157920718895,0.8478603456947523,0.814634822626986,0.009305185590761038,-6.8456447564207865,0.0,0.0
592,2.995000000001896,0.9900230169296265,0.9891640543937683,0.990755021572113,0.8333333134651184,0.1259559541940689,0.08187779765878081,0.5901462598688999,0.847874560968427,0.8147169038051207,-0.07561018407368668,-6.852947682335086,0.0,0.0
593,3.0000000000019065,0.9884880781173706,0.9876160621643066,0.9892141819000244,1.0,0.1575283706188202,0.08349859967664747,0.5645858765577754,0.847712273725887,0.8148072946251335,-0.17356647137095318,-6.860836083421506,0.0,0.0
594,3.005000000001917,0.9892555475234985,0.9891640543937683,0.9892141819000244,1.0,0.1666727066040039,0.08722559934372356,0.30152182989585935,0.8475369759239666,0.8149957541738884,-0.25294461438376853,-6.877634199846976,0.0,0.0
595,3.0100000000019276,0.9907904267311096,0.9876160621643066,0.9938367009162903,1.0,0.15134592354297638,0.08943325669242513,0.19003237878004964,0.847163684447845,0.8152095445435807,-0.3447598314278669,-6.895895851681298,0.0,0.0
596,3.015000000001938,0.9877206087112427,0.9876160621643066,0.9876734018325806,1.0,0.15362100303173065,0.09127479057300128,0.42754595095223713,0.8467578699626378,0.8153536359089658,-0.43746738279830777,-6.908301258185724,0.0,0.0
597,3.0200000000019487,0.9900230169296265,0.9891640543937683,0.990755021572113,1.0,0.1727094054222107,0.09283256465970983,0.19983058054460098,0.8464821942625395,0.8154198066016627,-0.5242404461012192,-6.91649988563601,0.0,0.0
598,3.0250000000019592,0.9900230169296265,0.9891640543937683,0.990755021572113,1.0,0.1598338484764099,0.09406412400319557,0.7558538032811866,0.846300002541422,0.8155339311758402,-0.6132356570934786,-6.927855919117167,0.0,0.0
599,3.03000000000197,0.9900230169296265,0.9876160621643066,0.9922958612442017,0.8333333134651184,0.12614335119724274,0.0949469918460455,0.3963887803784306,0.8460476462418407,0.8158845880663896,-0.7286422159889948,-6.953673787498183,0.0,0.0
600,3.0350000000019803,0.9884880781173706,0.9876160621643066,0.9892141819000244,0.8333333134651184,0.1388535499572754,0.09039743644168982,0.48783495350574513,0.8454739158333737,0.8161004003767861,-0.8150022227095777,-6.968509357829311,0.0,0.0
601,3.040000000001991,0.9892555475234985,0.9876160621643066,0.990755021572113,1.0,0.191074401140213,0.0941344475367995,0.1765084500438523,0.845144236492682,0.8163192121634284,-0.8943912336469985,-6.988525266578349,0.0,0.0
602,3.0450000000020014,0.9892555475234985,0.99071204662323,0.9876734018325806,1.0,0.16850827634334564,0.09543636760937446,0.18326657812226482,0.8446994385204811,0.8165654523079141,-0.9607254344122241,-7.007449999629884,0.0,0.0
603,3.050000000002012,0.9907904267311096,0.9876160621643066,0.9938367009162903,1.0,0.18711122870445251,0.09493867395999406,0.5035128189700613,0.8442788888971137,0.8166964504727501,-1.032617819914737,-7.019843977618885,0.0,0.0
604,3.0550000000020225,0.9892555475234985,0.9876160621643066,0.990755021572113,1.0,0.15171150863170624,0.09409366932203664,0.4154741542118809,0.8440034671640247,0.8169633599452251,-1.1006077082551535,-7.041407429377056,0.0,0.0
605,3.060000000002033,0.9892555475234985,0.9891640543937683,0.9892141819000244,1.0,0.16581200063228607,0.09288979962756781,0.3542272294324324,0.8435242793471766,0.8171741035978115,-1.1886994397963824,-7.058744000842767,0.0,0.0
606,3.0650000000020436,0.9892555475234985,0.9891640543937683,0.9892141819000244,0.8333333134651184,0.12631112337112427,0.09136408228577073,0.23747629277615642,0.843139022203494,0.8170109638778484,-1.248216056952092,-7.050850216701104,0.0,0.0
607,3.070000000002054,0.9915578961372375,0.9891640543937683,0.9938367009162903,1.0,0.15406504273414612,0.08832721897795627,0.14283540509460493,0.8433144396288643,0.8170859820558194,-1.3172984800374525,-7.058514027144671,0.0,0.0
608,3.0750000000020647,0.9877206087112427,0.9876160621643066,0.9876734018325806,1.0,0.15842404961585999,0.08742292542132564,0.2597802295277441,0.8431441327301185,0.8171024966749216,-1.3605146345503096,-7.062746771266432,0.0,0.0
609,3.0800000000020753,0.9892555475234985,0.9876160621643066,0.990755021572113,0.8333333134651184,0.1386938989162445,0.08496486287761591,0.10381139675405361,0.8430500717496349,0.81728357879773,-1.4051414781680398,-7.077809967402821,0.0,0.0
610,3.085000000002086,0.9900230169296265,0.9891640543937683,0.990755021572113,1.0,0.1697719246149063,0.08102162272053591,0.17079318669647403,0.8427153340577151,0.817427478904393,-1.4466015476217582,-7.091135099043712,0.0,0.0
611,3.0900000000020964,0.9900230169296265,0.9876160621643066,0.9922958612442017,1.0,0.16192570328712463,0.07911775184354568,0.3341031136454425,0.8424192200212508,0.8174463055892445,-1.4671093175786165,-7.0916893599633655,0.0,0.0
612,3.095000000002107,0.9892555475234985,0.9891640543937683,0.9892141819000244,1.0,0.1559959352016449,0.07578271505477015,0.11445552425104735,0.8424069031119252,0.8175744236485851,-1.4937208786705471,-7.101789084298316,0.0,0.0
613,3.1000000000021175,0.9892555475234985,0.9876160621643066,0.990755021572113,1.0,0.15663060545921326,0.07215747246971305,0.20482090803335745,0.8421824647933708,0.8177748790601866,-1.5272149603144347,-7.115430715244724,0.0,0.0
614,3.105000000002128,0.9884880781173706,0.9891640543937683,0.9876734018325806,1.0,0.15995648503303528,0.06826257244364922,0.1719425085945872,0.8418793174390061,0.8179025820640722,-1.5535048883361933,-7.123954024443867,0.0,0.0
615,3.1100000000021386,0.9907904267311096,0.9876160621643066,0.9938367009162903,0.8333333134651184,0.1494859755039215,0.0641550577178615,0.09981461954211591,0.8416899105679141,0.8179839434142266,-1.5829070387339719,-7.129123665961815,0.0,0.0
616,3.115000000002149,0.9892555475234985,0.9876160621643066,0.990755021572113,1.0,0.16187287867069244,0.056898266968214574,0.0492795649733148,0.841575029645293,0.8179977174566953,-1.590855361460046,-7.129384865002698,0.0,0.0
617,3.1200000000021597,0.9892555475234985,0.9891640543937683,0.9892141819000244,1.0,0.17604881525039673,0.055255295323631666,0.22590268421436402,0.8415692252221623,0.817968662500196,-1.5922911854623676,-7.12756673012118,0.0,0.0
618,3.1250000000021703,0.9892555475234985,0.9891640543937683,0.9892141819000244,1.0,0.15730151534080505,0.050507173698892294,0.08349134719147502,0.8416096282195293,0.8179569385829514,-1.5803744152651726,-7.1254231323544035,0.0,0.0
619,3.130000000002181,0.9907904267311096,0.9876160621643066,0.9938367009162903,1.0,0.1572946012020111,0.04558653853978109,0.26243391262348803,0.8416572637254577,0.8178292477771306,-1.555049545734611,-7.118505038186242,0.0,0.0
620,3.1350000000021914,0.9877206087112427,0.9876160621643066,0.9876734018325806,0.8333333134651184,0.14552001655101776,0.04048707846729137,0.30679547421012276,0.8418109991514169,0.8176684871428516,-1.5228278779618607,-7.109862145198555,0.0,0.0
621,3.140000000002202,0.9892555475234985,0.9876160621643066,0.990755021572113,1.0,0.15693067014217377,0.03339364564292996,0.007015478056818205,0.8420030634400322,0.817592573929802,-1.4889537659873011,-7.101649566084838,0.0,0.0
622,3.1450000000022125,0.9907904267311096,0.99071204662323,0.990755021572113,0.8333333134651184,0.13188666105270386,0.02989602631536601,0.10371551356279135,0.8421855651981147,0.8174318125096613,-1.4324373472793082,-7.093659465582052,0.0,0.0
623,3.150000000002223,0.9900230169296265,0.9876160621643066,0.9922958612442017,1.0,0.16403783857822418,0.02407657190155501,0.36973040265703544,0.8423631229870655,0.8170919961205874,-1.370647428273125,-7.070481504227733,0.0,0.0
624,3.1550000000022336,0.9884880781173706,0.9876160621643066,0.9892141819000244,1.0,0.17156070470809937,0.018862605408057342,0.39090019718874636,0.8428781887949393,0.8168142358587474,-1.3126231456562676,-7.051128456329997,0.0,0.0
625,3.160000000002244,0.9892555475234985,0.9876160621643066,0.990755021572113,1.0,0.15731029212474823,0.01322971873672274,0.27405480008392197,0.843308256526,0.8167223919963554,-1.286116204418339,-7.041350708602012,0.0,0.0
626,3.1650000000022547,0.9884880781173706,0.9891640543937683,0.9876734018325806,0.8333333134651184,0.14817121624946594,0.007541161582901219,0.3863587173234877,0.8435255398088441,0.8163277964633674,-1.252762637594077,-7.011410265294608,0.0,0.0
627,3.1700000000022652,0.9915578961372375,0.9891640543937683,0.9938367009162903,0.8333333134651184,0.14037641882896423,0.0017973758319254215,0.2918250271654821,0.8441908829934531,0.8162614139647903,-1.2062547736426033,-7.001706740221576,0.0,0.0
628,3.175000000002276,0.9892555475234985,0.9876160621643066,0.990755021572113,1.0,0.15876711905002594,0.003699212388575023,0.1264497619461409,0.844406516883965,0.8160007005082998,-1.1715830346901646,-6.979220184097019,0.0,0.0
629,3.1800000000022863,0.9884880781173706,0.9876160621643066,0.9892141819000244,1.0,0.16814884543418884,0.00962768042202033,0.47406436383026557,0.8449062181311774,0.8158888831483234,-1.1146878124052162,-6.965628311804861,0.0,0.0
630,3.185000000002297,0.9900230169296265,0.9891640543937683,0.990755021572113,1.0,0.1687345802783966,0.015320022407516946,0.2799031430998438,0.8452082597376698,0.8156642426042624,-1.065276163490675,-6.945465171108319,0.0,0.0
631,3.1900000000023074,0.9907904267311096,0.9876160621643066,0.9938367009162903,1.0,0.1607665717601776,0.02096777648793801,0.427717413365117,0.8456563295309263,0.8157078710287917,-0.9994994729218085,-6.943065222306464,0.0,0.0
632,3.195000000002318,0.9884880781173706,0.9891640543937683,0.9876734018325806,0.6666666865348816,0.1263660341501236,0.02652624531870427,0.45287757075454343,0.8457096617265231,0.8154993535504753,-0.9418730855738229,-6.92619848313941,0.0,0.0
633,3.2000000000023285,0.9892555475234985,0.9876160621643066,0.990755021572113,1.0,0.18610766530036926,0.029857758501479394,0.4111841434543837,0.8460844781524576,0.8152280391534192,-0.8723061915090405,-6.902283755520924,0.0,0.0
634,3.205000000002339,0.9900230169296265,0.9891640543937683,0.990755021572113,1.0,0.15374597907066345,0.03738343881714792,0.1460403615581515,0.8466159165439795,0.8150921731729385,-0.816285038121133,-6.887391261875698,0.0,0.0
635,3.2100000000023496,0.9907904267311096,0.9891640543937683,0.9922958612442017,1.0,0.1535014510154724,0.042628728982239544,0.4109829081154973,0.8469468608472067,0.8150075705155623,-0.7388087906941948,-6.880274927562923,0.0,0.0
636,3.21500000000236,0.9884880781173706,0.986068069934845,0.990755021572113,0.8333333134651184,0.13846978545188904,0.04770048770988638,0.3418633962170446,0.8471050016097128,0.8147853483712836,-0.6792328172258998,-6.861430448399519,0.0,0.0
637,3.2200000000023707,0.9907904267311096,0.99071204662323,0.990755021572113,1.0,0.1502382606267929,0.05182312344142976,0.5090910849370794,0.847523767813344,0.814874930652002,-0.5883363528660618,-6.861951157365962,0.0,0.0
638,3.2250000000023813,0.9877206087112427,0.9876160621643066,0.9876734018325806,0.8333333134651184,0.14354848861694336,0.057331017036979744,0.2010554215706109,0.8475121965029786,0.8148243752910819,-0.5210071439602125,-6.859119965141094,0.0,0.0
639,3.230000000002392,0.9915578961372375,0.9891640543937683,0.9938367009162903,1.0,0.17062924802303314,0.05858824459957014,0.2892814463781256,0.8475751118857535,0.8148311777638404,-0.4344561801860308,-6.8577473714106185,0.0,0.0
640,3.2350000000024024,0.9884880781173706,0.986068069934845,0.990755021572113,0.8333333134651184,0.1513831466436386,0.06613488748883037,0.31026613879402937,0.847605613968653,0.8148790220038599,-0.3498867773697013,-6.859791969442179,0.0,0.0
641,3.240000000002413,0.9892555475234985,0.9891640543937683,0.9892141819000244,0.8333333134651184,0.14698180556297302,0.06917669918410892,0.44776918393699705,0.8475601784568405,0.814835531547771,-0.2687351061093953,-6.857143427105207,0.0,0.0
642,3.2450000000024235,0.9892555475234985,0.9891640543937683,0.9892141819000244,1.0,0.17707028985023499,0.07282938567683209,0.5320583346013346,0.8476190349532177,0.8147141610121762,-0.19427824491132992,-6.849128644606882,0.0,0.0
643,3.250000000002434,0.9915578961372375,0.9891640543937683,0.9938367009162903,0.8333333134651184,0.1612623780965805,0.07753519858845762,0.3385433459112996,0.8477971412309582,0.8147881187839582,-0.10121402081336175,-6.854616983536979,0.0,0.0
644,3.2550000000024446,0.9877206087112427,0.9876160621643066,0.9876734018325806,0.8333333134651184,0.1372763216495514,0.079490459909767,0.5730136850121809,0.8476751781436227,0.8147614254104382,-0.026055013402243254,-6.854997085931429,0.0,0.0
645,3.260000000002455,0.9892555475234985,0.9876160621643066,0.990755021572113,1.0,0.15854057669639587,0.08251525114028915,0.3330740908301718,0.847666731423746,0.8151347745227009,0.07027019702552076,-6.8813451072523035,0.0,0.0
646,3.2650000000024657,0.9900230169296265,0.9891640543937683,0.990755021572113,1.0,0.15416477620601654,0.08630866323203096,0.44263741495882736,0.8470812198388377,0.815167289249085,0.15832014029393204,-6.885143711952792,0.0,0.0
647,3.2700000000024763,0.9907904267311096,0.9891640543937683,0.9922958612442017,1.0,0.15576563775539398,0.08865900742744563,0.35205870561152364,0.8469968064010491,0.8152435557204117,0.2405692696493478,-6.89571427274578,0.0,0.0
648,3.275000000002487,0.9884880781173706,0.9876160621643066,0.9892141819000244,0.8333333134651184,0.13563524186611176,0.09064338759971097,0.3928683090585094,0.8467619050500939,0.8153187883688823,0.31824755703895646,-6.903918587449373,0.0,0.0
649,3.2800000000024974,0.9892555475234985,0.9876160621643066,0.990755021572113,1.0,0.15352259576320648,0.09087856591693752,0.22363675771049543,0.8465795869455695,0.8155754576303886,0.42125833707301175,-6.922602541069426,0.0,0.0
650,3.285000000002508,0.9884880781173706,0.9891640543937683,0.9876734018325806,0.8333333134651184,0.13503316044807434,0.09362518872445796,0.24547728786116366,0.8461643879762349,0.8156998233999749,0.49183321853363987,-6.937111070846531,0.0,0.0
651,3.2900000000025185,0.9907904267311096,0.9876160621643066,0.9938367009162903,1.0,0.16276344656944275,0.09004417864126832,0.22568402149901043,0.8458419762034104,0.8158384711283948,0.5825625077554194,-6.946225106547142,0.0,0.0
652,3.295000000002529,0.9900230169296265,0.9891640543937683,0.990755021572113,1.0,0.12937507033348083,0.09530603924933802,0.3774600043901257,0.8456394420767301,0.8160343778066796,0.6626024802822518,-6.9637309930942735,0.0,0.0
653,3.3000000000025396,0.9884880781173706,0.9876160621643066,0.9892141819000244,1.0,0.17634554207324982,0.09559066149242267,0.45939217501796564,0.8452504223756828,0.8161133658478293,0.7307944744718806,-6.975139162298592,0.0,0.0
654,3.30500000000255,0.9892555475234985,0.9891640543937683,0.9892141819000244,1.0,0.15419331192970276,0.09555897202292997,0.20907206627272035,0.8449969075044758,0.8164423168250851,0.8024120931356553,-7.001416450844142,0.0,0.0
655,3.3100000000025607,0.9907904267311096,0.9876160621643066,0.9938367009162903,1.0,0.15501022338867188,0.09516701064685361,0.4971047581374112,0.8444129677590191,0.8166867833310816,0.8952111118930174,-7.018071373250141,0.0,0.0
656,3.3150000000025712,0.9877206087112427,0.9876160621643066,0.9876734018325806,1.0,0.17067480087280273,0.09441392964134114,0.2284551982729828,0.844042858372219,0.816991365290338,0.9673745749080213,-7.041514790670047,0.0,0.0
657,3.3200000000025818,0.9900230169296265,0.9891640543937683,0.990755021572113,0.8333333134651184,0.14070484042167664,0.09333935212584445,0.4105946238880956,0.8435218935406656,0.817157347120169,1.0271250669393517,-7.058135167574716,0.0,0.0
658,3.3250000000025923,0.9900230169296265,0.9891640543937683,0.990755021572113,0.8333333134651184,0.17386919260025024,0.087084307366647,0.26991692158669106,0.8431525518316729,0.8173057382306584,1.099794998337897,-7.070620775533437,0.0,0.0
659,3.330000000002603,0.9892555475234985,0.9876160621643066,0.990755021572113,1.0,0.12308615446090698,0.08882915183754818,0.14025583974341213,0.8428750938770347,0.8174179349500765,1.1383219611298392,-7.0820483290182725,0.0,0.0
660,3.3350000000026134,0.9892555475234985,0.9876160621643066,0.990755021572113,1.0,0.15693214535713196,0.08817469764534752,0.3795630655283512,0.8426211482440384,0.817607543315239,1.2001650723275543,-7.096159246249859,0.0,0.0
661,3.340000000002624,0.9892555475234985,0.9876160621643066,0.990755021572113,1.0,0.17276301980018616,0.08580808178432527,0.10318622197797948,0.8423075723055586,0.8177264763570558,1.2423081202964354,-7.107844417875342,0.0,0.0
662,3.3450000000026345,0.9892555475234985,0.99071204662323,0.9876734018325806,0.8333333134651184,0.13755273818969727,0.0831396463801666,0.2744419147208601,0.8420479018249925,0.8179093561262295,1.29676557561936,-7.122566435829397,0.0,0.0
663,3.350000000002645,0.9907904267311096,0.9876160621643066,0.9938367009162903,1.0,0.15903587639331818,0.07594534640515044,0.12013486158567256,0.8417207458704579,0.8180203780928639,1.3306259945012833,-7.131309321942368,0.0,0.0
664,3.3550000000026556,0.9892555475234985,0.9876160621643066,0.990755021572113,1.0,0.1560046374797821,0.07693663779576396,0.04661300441749514,0.8415264595123918,0.8180929956219598,1.3815250317335723,-7.136742053645139,0.0,0.0
665,3.360000000002666,0.9892555475234985,0.9891640543937683,0.9892141819000244,1.0,0.1587141454219818,0.07341988708192393,0.19978414901347197,0.8414057321412192,0.8179922506376567,1.4111329789770817,-7.129541707126572,0.0,0.0
666,3.3650000000026767,0.9892555475234985,0.9876160621643066,0.990755021572113,1.0,0.15375277400016785,0.06966446174523558,0.08977696420185914,0.8415657398416317,0.817917454627271,1.428687223900367,-7.125868986656294,0.0,0.0
667,3.3700000000026873,0.9923253655433655,0.99071204662323,0.9938367009162903,1.0,0.15694518387317657,0.06567826560992492,0.21276603306030273,0.8416473558520823,0.8178100722592032,1.4501049542058204,-7.117228429331059,0.0,0.0
668,3.375000000002698,0.9869531393051147,0.986068069934845,0.9876734018325806,1.0,0.15162721276283264,0.06141100638522472,0.15560387350126767,0.8418393682370876,0.8178455610522083,1.456891381846229,-7.1210126062800105,0.0,0.0
669,3.3800000000027084,0.9900230169296265,0.9891640543937683,0.990755021572113,1.0,0.16184601187705994,0.05693363395642306,0.11686757874792589,0.8417552754159998,0.8177696358307369,1.468445998436529,-7.115243802913071,0.0,0.0
670,3.385000000002719,0.9892555475234985,0.9876160621643066,0.990755021572113,1.0,0.15005707740783691,0.05225865896730776,0.15742419693037765,0.8418834710463762,0.8178156083324287,1.4632169220259452,-7.118804136082792,0.0,0.0
671,3.3900000000027295,0.9907904267311096,0.9891640543937683,0.9922958612442017,1.0,0.1581876575946808,0.047392869166702226,0.09235877445362042,0.8418043525314935,0.8176686889089416,1.4534839729973226,-7.109542239711865,0.0,0.0
672,3.39500000000274,0.9884880781173706,0.9876160621643066,0.9892141819000244,1.0,0.1610243171453476,0.04235547925863968,0.12312363672527865,0.8420101724508474,0.8175566860089647,1.4353164599351034,-7.101651533678674,0.0,0.0
673,3.4000000000027506,0.9900230169296265,0.9891640543937683,0.990755021572113,0.8333333134651184,0.16355428099632263,0.03717238559529286,0.32829411736386294,0.8421855214738072,0.8172638874781021,1.3959127938423277,-7.085363139311769,0.0,0.0
674,3.405000000002761,0.9877206087112427,0.9876160621643066,0.9876734018325806,1.0,0.16897700726985931,0.030166048431354703,0.3414213600362533,0.8425474857930718,0.8171267511185493,1.3489496553159328,-7.073069376892734,0.0,0.0
675,3.4100000000027717,0.9907904267311096,0.9891640543937683,0.9922958612442017,1.0,0.15299734473228455,0.026419281475055522,0.2559276677761869,0.8428206805134948,0.8169957176330414,1.2998579797781362,-7.066050324383571,0.0,0.0
676,3.4150000000027823,0.9884880781173706,0.986068069934845,0.990755021572113,1.0,0.15565600991249084,0.020878099898938747,0.2086908810864393,0.8429766594581429,0.8166938686676571,1.2716279338189225,-7.0422764516294185,0.0,0.0
677,3.420000000002793,0.9900230169296265,0.99071204662323,0.9892141819000244,1.0,0.17540177702903748,0.015271383029799085,0.2891859371052148,0.8435049677415685,0.8164114399928899,1.2432348139703708,-7.019174366074472,0.0,0.0
678,3.4250000000028034,0.9884880781173706,0.9876160621643066,0.9892141819000244,1.0,0.1730823516845703,0.009599384848704914,0.3131519218917507,0.8440183474205674,0.8162378976648111,1.2050805626878776,-7.002855107828783,0.0,0.0
679,3.430000000002814,0.9915578961372375,0.9891640543937683,0.9938367009162903,1.0,0.15921354293823242,0.003888409283644134,0.2355878237778308,0.8443809976038048,0.8161736344914307,1.1639374561729323,-6.994100076264553,0.0,0.0
680,3.4350000000028245,0.9877206087112427,0.9876160621643066,0.9876734018325806,1.0,0.17156854271888733,0.001843525116314255,0.17748007181726813,0.8445755538607878,0.8160355101398804,1.1284093740974213,-6.980739985597622,0.0,0.0
681,3.440000000002835,0.9892555475234985,0.9876160621643066,0.990755021572113,1.0,0.17925557494163513,0.007571132362427366,0.42686898198552103,0.8448724447644973,0.8158787346004719,1.0719700179279208,-6.965588940246311,0.0,0.0
682,3.4450000000028456,0.9907904267311096,0.99071204662323,0.990755021572113,1.0,0.16842174530029297,0.013278814491538315,0.27423207203512967,0.8452091346611931,0.8155740572270215,1.030427693549017,-6.939167339828878,0.0,0.0
683,3.450000000002856,0.9892555475234985,0.9876160621643066,0.990755021572113,1.0,0.15621235966682434,0.018946389998727452,0.10138012248334972,0.845796281337136,0.8152002059079126,0.9827261126938426,-6.907260499106952,0.0,0.0
684,3.4550000000028667,0.9892555475234985,0.9876160621643066,0.990755021572113,0.8333333134651184,0.15114717185497284,0.02455681046453185,0.3446129914625686,0.8465053222420678,0.8150415727584588,0.9137914054504188,-6.891813762447374,0.0,0.0
685,3.460000000002877,0.9892555475234985,0.9876160621643066,0.990755021572113,0.8333333134651184,0.13369369506835938,0.029648493474772976,0.47737547760952287,0.8468485830567251,0.8150071893028723,0.8422196155359364,-6.883940277710435,0.0,0.0
686,3.4650000000028878,0.9884880781173706,0.9891640543937683,0.9876734018325806,1.0,0.18046286702156067,0.034925312755756416,0.3063031595744868,0.8470235493842125,0.8149961574832447,0.7741492148398474,-6.8797234437629875,0.0,0.0
687,3.4700000000028983,0.9915578961372375,0.9891640543937683,0.9938367009162903,1.0,0.15665054321289062,0.04076913715441591,0.3714640890634447,0.847117256805267,0.8150024872031978,0.7048759906327584,-6.876906949676167,0.0,0.0
688,3.475000000002909,0.9892555475234985,0.9876160621643066,0.990755021572113,0.8333333134651184,0.13032826781272888,0.045898657415171025,0.3678299728086332,0.8471798455627518,0.8150203195283677,0.6294334071848647,-6.87525359819547,0.0,0.0
689,3.4800000000029194,0.9884880781173706,0.9876160621643066,0.9892141819000244,1.0,0.15545257925987244,0.048174386414754085,0.3013613646134401,0.8472165867067674,0.8148772131331506,0.5593159569699482,-6.863428276427149,0.0,0.0
690,3.48500000000293,0.9900230169296265,0.9891640543937683,0.990755021572113,0.8333333134651184,0.1548372209072113,0.05565940695573432,0.08135804061965336,0.8474793716349522,0.8146302938317941,0.4884272593804529,-6.844165229919575,0.0,0.0
691,3.4900000000029405,0.9907904267311096,0.9876160621643066,0.9938367009162903,1.0,0.15415731072425842,0.057347935451427544,0.26725180451633224,0.8479074393351205,0.8146891763600539,0.40213279471956725,-6.845246958129412,0.0,0.0
692,3.495000000002951,0.9884880781173706,0.9891640543937683,0.9876734018325806,1.0,0.15995179116725922,0.06463706407370567,0.3143049933720548,0.8478834009304574,0.8147599777586922,0.3088570663830872,-6.847733128009581,0.0,0.0
693,3.5000000000029616,0.9892555475234985,0.9876160621643066,0.990755021572113,1.0,0.15839490294456482,0.06876458881671793,0.49621374931221934,0.8478281527108982,0.8149515874299094,0.21897393565748574,-6.862368878072794,0.0,0.0
694,3.505000000002972,0.9900230169296265,0.9891640543937683,0.990755021572113,1.0,0.150776669383049,0.07262882928467948,0.15232577250670953,0.8475029138206046,0.8151294712163706,0.1376916641267364,-6.877360198124391,0.0,0.0
695,3.5100000000029827,0.9907904267311096,0.9891640543937683,0.9922958612442017,1.0,0.134129136800766,0.0762351010704655,0.34636154952041853,0.8471697733750135,0.815229075518656,0.030196424325281485,-6.881464356308632,0.0,0.0
696,3.5150000000029933,0.9877206087112427,0.986068069934845,0.9892141819000244,1.0,0.17870911955833435,0.07955301116229954,0.34120637336370013,0.8470785698598082,0.8152919810872012,-0.04331009881540446,-6.89123524098309,0.0,0.0
697,3.520000000003004,0.9907904267311096,0.99071204662323,0.990755021572113,1.0,0.1595304161310196,0.08260870674242657,0.3612025897408169,0.8468614390892646,0.8152955862579435,-0.1244633926869766,-6.893522147573596,0.0,0.0
698,3.5250000000030144,0.9877206087112427,0.9876160621643066,0.9876734018325806,1.0,0.1758979707956314,0.08534531945741507,0.3225832759671408,0.846810618942809,0.815303821207028,-0.21107275165022238,-6.896011750525536,0.0,0.0
699,3.530000000003025,0.9915578961372375,0.9891640543937683,0.9938367009162903,1.0,0.17293070256710052,0.08782140353906985,0.42233560373380113,0.8467552944327659,0.8153757754800808,-0.29697475077958524,-6.900727732557547,0.0,0.0
700,3.5350000000030355,0.9884880781173706,0.986068069934845,0.990755021572113,0.8333333134651184,0.15188907086849213,0.08993508735359715,0.32456759821204023,0.8466504948320546,0.8158426131063524,-0.38705827474699844,-6.937788093112856,0.0,0.0
701,3.540000000003046,0.9892555475234985,0.9891640543937683,0.9892141819000244,0.8333333134651184,0.1325489580631256,0.09024323708828468,0.4851144718454392,0.8458269312641588,0.8158509973137745,-0.4567237269040567,-6.941368374710598,0.0,0.0
702,3.5450000000030566,0.9892555475234985,0.9891640543937683,0.9892141819000244,0.8333333134651184,0.17383718490600586,0.08860378315918577,0.30012011245140596,0.8457473694508756,0.8160023969455978,-0.5490804797309001,-6.957824991677271,0.0,0.0
703,3.550000000003067,0.9915578961372375,0.9891640543937683,0.9938367009162903,1.0,0.16260606050491333,0.08968120840096207,0.2537318994643631,0.8453816668516162,0.8160343698920812,-0.6167917519206285,-6.9615518739462905,0.0,0.0
704,3.5550000000030777,0.9877206087112427,0.9876160621643066,0.9876734018325806,1.0,0.17478226125240326,0.09504106163912188,0.34783048298323777,0.845298847245638,0.816145062181239,-0.7001383786805468,-6.973017977345846,0.0,0.0
705,3.5600000000030882,0.9892555475234985,0.9876160621643066,0.990755021572113,1.0,0.14927181601524353,0.09547714220831181,0.13230583422947367,0.8450440449478701,0.8163539030415796,-0.7771587684746902,-6.990340506444131,0.0,0.0
706,3.565000000003099,0.9900230169296265,0.9891640543937683,0.990755021572113,0.8333333134651184,0.1449076235294342,0.09556515472718402,0.24616499062881111,0.8446590998567971,0.8165172120710489,-0.8545759307784311,-7.006167025102719,0.0,0.0
707,3.5700000000031094,0.9907904267311096,0.9891640543937683,0.9922958612442017,1.0,0.1770859807729721,0.09029198778968932,0.4927572730935313,0.8443073994421618,0.8166109395446209,-0.9289833090148923,-7.015877421422965,0.0,0.0
708,3.57500000000312,0.9884880781173706,0.9876160621643066,0.9892141819000244,0.8333333134651184,0.13474640250205994,0.09471696099298588,0.11346956468049144,0.8440916128572675,0.8169598978461424,-1.0083027992047726,-7.04102698778371,0.0,0.0
709,3.5800000000031305,0.9892555475234985,0.9876160621643066,0.990755021572113,1.0,0.15684637427330017,0.08918697405744194,0.19464736225185092,0.8435327336048064,0.8169841776456823,-1.057811107093107,-7.0476493374512135,0.0,0.0
710,3.585000000003141,0.9884880781173706,0.9891640543937683,0.9876734018325806,1.0,0.17292489111423492,0.09247860873801284,0.1680521422597526,0.843385570278862,0.8171659776378385,-1.1283752293038893,-7.061957917250225,0.0,0.0
711,3.5900000000031516,0.9907904267311096,0.9876160621643066,0.9938367009162903,1.0,0.1588095724582672,0.09088858346898201,0.34932854860670703,0.8430676018388839,0.8174554067137366,-1.2000692110646585,-7.083280058308649,0.0,0.0
712,3.595000000003162,0.9900230169296265,0.9891640543937683,0.990755021572113,1.0,0.1525413691997528,0.08894373434153101,0.34343390942881175,0.84259377648203,0.8173353360283573,-1.26052207059815,-7.077267422777646,0.0,0.0
713,3.6000000000031727,0.9884880781173706,0.9876160621643066,0.9892141819000244,1.0,0.15614017844200134,0.08672455218628113,0.1066274776178919,0.8427273906049412,0.8172740278702059,-1.3095790777640863,-7.07676363050998,0.0,0.0
714,3.605000000003183,0.9892555475234985,0.9891640543937683,0.9892141819000244,1.0,0.17180204391479492,0.08419244470105393,0.32777774386602737,0.8427385859886671,0.8174942999898142,-1.361997957167446,-7.095059368347273,0.0,0.0
715,3.6100000000031938,0.9907904267311096,0.9876160621643066,0.9938367009162903,1.0,0.1626076102256775,0.0813331467769753,0.37799690890770027,0.8423320140367273,0.8175274580533525,-1.391365554831483,-7.098818988258322,0.0,0.0
716,3.6150000000032043,0.9877206087112427,0.9876160621643066,0.9876734018325806,1.0,0.16029372811317444,0.07817895228255463,0.08935088799578705,0.8422484669275929,0.8176651443099867,-1.4248754366480785,-7.10940397945531,0.0,0.0
717,3.620000000003215,0.9900230169296265,0.9891640543937683,0.990755021572113,1.0,0.1556701809167862,0.07475882645604576,0.08149658982751036,0.8420132449009932,0.8178103330762639,-1.4567327753829198,-7.119511970532599,0.0,0.0
718,3.6250000000032254,0.9900230169296265,0.9891640543937683,0.990755021572113,1.0,0.16127032041549683,0.07107039576260746,0.17621731867590348,0.8417886228770534,0.8178973653623008,-1.4765136326483368,-7.127031200516204,0.0,0.0
719,3.630000000003236,0.9900230169296265,0.9876160621643066,0.9922958612442017,1.0,0.17973695695400238,0.06713078117725613,0.17779454371376577,0.8416215288774177,0.8180266919323503,-1.5058145445517654,-7.136318081944371,0.0,0.0
720,3.6350000000032465,0.9884880781173706,0.9876160621643066,0.9892141819000244,0.8333333134651184,0.1356036514043808,0.062934473304007,0.05059207969180004,0.8414151537345695,0.8181074063961874,-1.518507831758814,-7.141195700348097,0.0,0.0
721,3.640000000003257,0.9892555475234985,0.9876160621643066,0.990755021572113,1.0,0.1644778698682785,0.057699607762731676,0.13572559825177027,0.8413067622144867,0.818126537585529,-1.5305706498287046,-7.141497632036281,0.0,0.0
722,3.6450000000032676,0.9892555475234985,0.99071204662323,0.9876734018325806,0.8333333134651184,0.14824466407299042,0.05392259138005061,0.04333058085536416,0.8413000526214159,0.8181320351920311,-1.5227654972263422,-7.142185122764859,0.0,0.0
723,3.650000000003278,0.9900230169296265,0.9876160621643066,0.9922958612442017,1.0,0.1592533141374588,0.048366821193694794,0.23578603456630634,0.8412847750496698,0.8181027209466573,-1.5078399037370656,-7.139762022218736,0.0,0.0
724,3.6550000000032887,0.9892555475234985,0.9876160621643066,0.990755021572113,0.8333333134651184,0.12997028231620789,0.044149889419513734,0.16231189699809365,0.8413386217284725,0.8180337639044913,-1.4817487754943524,-7.136083349542507,0.0,0.0
725,3.6600000000032993,0.9892555475234985,0.9891640543937683,0.9892141819000244,1.0,0.1618560254573822,0.03711922435321182,0.031531790601906334,0.8414203700101666,0.8179206379347752,-1.4540156955595012,-7.128493350229873,0.0,0.0
726,3.66500000000331,0.9892555475234985,0.9891640543937683,0.9892141819000244,0.8333333134651184,0.1360408365726471,0.03374575241722067,0.09691231315305111,0.8415890366615584,0.8177607754474754,-1.4002001893159042,-7.120650316383218,0.0,0.0
727,3.6700000000033204,0.9915578961372375,0.9891640543937683,0.9938367009162903,1.0,0.17448033392429352,0.027957989065135462,0.23598893338605453,0.8417633263025952,0.8174163644267215,-1.3549351198428166,-7.096454896342675,0.0,0.0
728,3.675000000003331,0.9877206087112427,0.9876160621643066,0.9876734018325806,0.8333333134651184,0.15642692148685455,0.02286436895946966,0.2532061779381745,0.8423010023034961,0.8171777384267561,-1.3310291543119848,-7.078582484139226,0.0,0.0
729,3.6800000000033415,0.9892555475234985,0.9876160621643066,0.990755021572113,1.0,0.15832838416099548,0.016443106978842784,0.04954901249666253,0.8426981670191283,0.8169481336452376,-1.307189689791001,-7.05644869165237,0.0,0.0
730,3.685000000003352,0.9900230169296265,0.9891640543937683,0.990755021572113,0.8333333134651184,0.13203106820583344,0.011638293474921003,0.16514982422182686,0.8431900290743918,0.8167995236835044,-1.2795034924099655,-7.044057195128406,0.0,0.0
731,3.6900000000033626,0.9900230169296265,0.9876160621643066,0.9922958612442017,1.0,0.15079493820667267,0.005857481759126164,0.14729774738794657,0.8434653956638132,0.8167245937926461,-1.238725472184289,-7.033823372883902,0.0,0.0
732,3.695000000003373,0.9892555475234985,0.9891640543937683,0.9892141819000244,0.8333333134651184,0.1558854728937149,0.00021928760645530964,0.04112195040898761,0.8436928139359132,0.8165356791428127,-1.1975990355897277,-7.01864604186219,0.0,0.0
733,3.7000000000033837,0.9892555475234985,0.9876160621643066,0.990755021572113,0.8333333134651184,0.13201534748077393,0.005422580144783022,0.3167441715638725,0.844030087958618,0.8163865739770862,-1.1471728099232474,-7.001750274237862,0.0,0.0
734,3.7050000000033942,0.9884880781173706,0.9891640543937683,0.9876734018325806,1.0,0.17166505753993988,0.011058584651668781,0.40546464600077275,0.8444055494613808,0.8161332824044835,-1.0927099042578163,-6.9803868667258575,0.0,0.0
735,3.710000000003405,0.9907904267311096,0.9876160621643066,0.9938367009162903,1.0,0.12447202205657959,0.016899371358103543,0.24394028493027103,0.8448802918505365,0.8160370233969889,-1.0398716722858077,-6.968659512499656,0.0,0.0
736,3.7150000000034153,0.9892555475234985,0.9876160621643066,0.990755021572113,1.0,0.1635977327823639,0.02251731607346836,0.3042355884629156,0.8451408997222298,0.8155814055846593,-0.9941127055542001,-6.929890132922702,0.0,0.0
737,3.720000000003426,0.9892555475234985,0.9891640543937683,0.9892141819000244,0.8333333134651184,0.14173051714897156,0.02807725011543595,0.41598846256359784,0.8460024414906067,0.815472330591467,-0.9250623466893296,-6.918431079098043,0.0,0.0
738,3.7250000000034365,0.9892555475234985,0.9891640543937683,0.9892141819000244,1.0,0.1850714087486267,0.033046785141774566,0.41351445150539384,0.8462570871311546,0.8152565722589655,-0.8608219198155398,-6.8986073672164,0.0,0.0
739,3.730000000003447,0.9907904267311096,0.9876160621643066,0.9938367009162903,1.0,0.16181620955467224,0.038868265188305814,0.1237785424145975,0.8466976140618578,0.815330784479619,-0.7910775521932126,-6.898561102780951,0.0,0.0
740,3.7350000000034576,0.9877206087112427,0.9876160621643066,0.9876734018325806,1.0,0.16223888099193573,0.04403807806145069,0.46977456498729886,0.8466986421604233,0.81523391658034,-0.7171568300894785,-6.891930337011622,0.0,0.0
741,3.740000000003468,0.9892555475234985,0.9876160621643066,0.990755021572113,1.0,0.18388964235782623,0.04906802808438635,0.36971099581395683,0.8468459925108529,0.8149608120468831,-0.6501636792050758,-6.868489621621481,0.0,0.0
742,3.7450000000034787,0.9907904267311096,0.99071204662323,0.990755021572113,1.0,0.17022553086280823,0.05395769731220602,0.2520799250352156,0.8473668972973004,0.8150605877417035,-0.5763941143866047,-6.873538030854796,0.0,0.0
743,3.750000000003489,0.9900230169296265,0.9876160621643066,0.9922958612442017,1.0,0.18640372157096863,0.05860917390228499,0.2806810173245083,0.847254710425449,0.8149214615549216,-0.5037805419173733,-6.863866579167984,0.0,0.0
744,3.7550000000034998,0.9884880781173706,0.9876160621643066,0.9892141819000244,0.8333333134651184,0.1468445360660553,0.06305948340209615,0.22385113780220003,0.8474696315740449,0.8149842053077109,-0.42394333900953707,-6.864272062306302,0.0,0.0
745,3.7600000000035103,0.9892555475234985,0.9876160621643066,0.990755021572113,1.0,0.16069045662879944,0.06631880040095733,0.533707678494617,0.8474606208376377,0.8151661740079779,-0.33354545671237196,-6.877104392125548,0.0,0.0
746,3.765000000003521,0.9892555475234985,0.9891640543937683,0.9892141819000244,1.0,0.17079311609268188,0.07122503783979477,0.38392917145910027,0.8471754579527656,0.8150194729448407,-0.24908183588554822,-6.86592482018296,0.0,0.0
747,3.7700000000035314,0.9907904267311096,0.9891640543937683,0.9922958612442017,1.0,0.17777080833911896,0.07497912002877313,0.41607487179818486,0.8474238928848231,0.8148675473168341,-0.17452764550661246,-6.856218683111802,0.0,0.0
748,3.775000000003542,0.9892555475234985,0.9876160621643066,0.990755021572113,1.0,0.17394088208675385,0.07844477373371482,0.6774471413644069,0.8476395848197378,0.8151141604337834,-0.06715706989556108,-6.874088056891816,0.0,0.0
749,3.7800000000035525,0.9884880781173706,0.9876160621643066,0.9892141819000244,1.0,0.17883926630020142,0.08156278927266014,0.32431923080508784,0.8472424876246263,0.8151620469880925,0.0175581505590962,-6.880366985833609,0.0,0.0
750,3.785000000003563,0.9900230169296265,0.9891640543937683,0.990755021572113,0.8333333134651184,0.1386665403842926,0.08442896381422323,0.5156218756612151,0.8471029558703642,0.8151383806487869,0.08430555170440328,-6.880785723320933,0.0,0.0
751,3.7900000000035736,0.9907904267311096,0.9876160621643066,0.9938367009162903,1.0,0.16286645829677582,0.08577490740816741,0.43249677997829744,0.8470936505928681,0.8153911990002032,0.20846045962464596,-6.899040821288924,0.0,0.0
752,3.795000000003584,0.9884880781173706,0.9891640543937683,0.9876734018325806,1.0,0.15076729655265808,0.08920974390415971,0.32722374210363536,0.8466879817491351,0.8155827059803633,0.2856752133056876,-6.916734192946132,0.0,0.0
753,3.8000000000035947,0.9892555475234985,0.9876160621643066,0.990755021572113,0.8333333134651184,0.1320805847644806,0.09109795809958467,0.23409305955078105,0.8462947957123081,0.8157167855653034,0.36948061566435236,-6.928619321867348,0.0,0.0
754,3.8050000000036053,0.9900230169296265,0.9891640543937683,0.990755021572113,1.0,0.16801467537879944,0.08818232634143991,0.4350839988920791,0.8460306817362812,0.815891853048226,0.4551523180383478,-6.94503461398733,0.0,0.0
755,3.810000000003616,0.9907904267311096,0.9891640543937683,0.9922958612442017,1.0,0.16252823173999786,0.0939261322304709,0.3395634172419677,0.8456658974669482,0.8159241209607673,0.5249292062000819,-6.951136475774369,0.0,0.0
756,3.8150000000036264,0.9884880781173706,0.986068069934845,0.990755021572113,1.0,0.17149187624454498,0.09482676921119637,0.3014894286487306,0.8455303005383473,0.8162767080610279,0.6269295366480221,-6.975478883355539,0.0,0.0
757,3.820000000003637,0.9907904267311096,0.99071204662323,0.990755021572113,1.0,0.16553445160388947,0.09537184347596149,0.33168544190201854,0.8449893581476546,0.816518733797267,0.7119575791657664,-6.996168607741369,0.0,0.0
758,3.8250000000036475,0.9877206087112427,0.9876160621643066,0.9876734018325806,1.0,0.18084506690502167,0.09554026990553244,0.6604173770695534,0.8445295864946363,0.8167474139531725,0.820800256922912,-7.016714631037106,0.0,0.0
759,3.830000000003658,0.9915578961372375,0.9891640543937683,0.9938367009162903,1.0,0.15673433244228363,0.09541982459196317,0.2266191653933784,0.8440730081991754,0.8170622348997748,0.8986111377264766,-7.039557949946697,0.0,0.0
760,3.8350000000036686,0.9884880781173706,0.986068069934845,0.990755021572113,1.0,0.16885286569595337,0.09490592795076137,0.34766720810929214,0.8435653788900734,0.8173192118244222,0.9786387296874038,-7.058843236079043,0.0,0.0
761,3.840000000003679,0.9892555475234985,0.9891640543937683,0.9892141819000244,1.0,0.16791018843650818,0.0940725562952522,0.2725645886513007,0.8431368169760213,0.817596439148386,1.0424485022565668,-7.0834869598888375,0.0,0.0
762,3.8450000000036897,0.9892555475234985,0.9891640543937683,0.9892141819000244,1.0,0.16429224610328674,0.09288934897926167,0.42025506392491113,0.842589178669137,0.817615078082417,1.0867501857636392,-7.088994158307417,0.0,0.0
763,3.8500000000037002,0.9915578961372375,0.9891640543937683,0.9938367009162903,1.0,0.13851386308670044,0.09144900168434784,0.14230728242108281,0.8424667964820574,0.8178130875555036,1.1531081006390376,-7.105401630788531,0.0,0.0
764,3.855000000003711,0.9877206087112427,0.9876160621643066,0.9876734018325806,1.0,0.1642843782901764,0.08960179402832817,0.36485002711335685,0.8421021859824771,0.8180066289634473,1.2093212064531405,-7.120124128511009,0.0,0.0
765,3.8600000000037213,0.9892555475234985,0.9876160621643066,0.990755021572113,1.0,0.1636260598897934,0.08746214637428669,0.15100143957563447,0.841775019366422,0.8181969369019235,1.266062048547802,-7.136905839098126,0.0,0.0
766,3.865000000003732,0.9900230169296265,0.9891640543937683,0.990755021572113,0.8333333134651184,0.13182654976844788,0.08501386612589902,0.4710970447723566,0.841402092464486,0.8183522031517116,1.3176703138877428,-7.149487354667381,0.0,0.0
767,3.8700000000037424,0.9907904267311096,0.9891640543937683,0.9922958612442017,1.0,0.17104406654834747,0.0779272772753495,0.2345380377199992,0.8411225032296137,0.8184145247741569,1.3559090005374186,-7.154602878743566,0.0,0.0
768,3.875000000003753,0.9884880781173706,0.9876160621643066,0.9892141819000244,1.0,0.1608092337846756,0.0792350981532631,0.07837405326759377,0.8410088249168096,0.8186760551481544,1.4066367488221387,-7.17021897752843,0.0,0.0
769,3.8800000000037635,0.9892555475234985,0.9876160621643066,0.990755021572113,1.0,0.16234758496284485,0.07589862446380148,0.21443860180331228,0.8406618004993682,0.818700609856986,1.4314409356903837,-7.173379608728073,0.0,0.0
770,3.885000000003774,0.9892555475234985,0.9891640543937683,0.9892141819000244,1.0,0.15670683979988098,0.07231607076649998,0.10161501908073174,0.8405915642504873,0.818744401344482,1.4498560241191643,-7.178441856772971,0.0,0.0
771,3.8900000000037847,0.9900230169296265,0.9876160621643066,0.9922958612442017,1.0,0.16165560483932495,0.06847852822698253,0.05463633878005938,0.8404790698494895,0.8188434133579822,1.4713018647349676,-7.185667288854423,0.0,0.0
772,3.895000000003795,0.9900230169296265,0.9891640543937683,0.990755021572113,1.0,0.1571556180715561,0.0643899056793309,0.21020264723060206,0.840318504692124,0.8189203200886578,1.4940884520128461,-7.190723528884239,0.0,0.0
773,3.9000000000038058,0.9884880781173706,0.9876160621643066,0.9892141819000244,1.0,0.15600734949111938,0.06006103677976592,0.1461442394708806,0.8402061438025725,0.8189394329664251,1.5069696389404397,-7.192021325569681,0.0,0.0
774,3.9050000000038163,0.9892555475234985,0.9891640543937683,0.9892141819000244,0.8333333134651184,0.13351169228553772,0.055531359383208245,0.011707925611704455,0.8401773038762294,0.8189056689995134,1.50364507496245,-7.190676461679198,0.0,0.0
775,3.910000000003827,0.9907904267311096,0.9876160621643066,0.9938367009162903,1.0,0.1695614457130432,0.050094519478724946,0.19606604991424853,0.8402071897404623,0.8187617558619724,1.4943018001540065,-7.181689202128355,0.0,0.0
776,3.9150000000038374,0.9877206087112427,0.9876160621643066,0.9876734018325806,1.0,0.1195853129029274,0.04590581421208645,0.08394918904861323,0.8404069066193699,0.8186847878044986,1.476186100428044,-7.175582749446977,0.0,0.0
777,3.920000000003848,0.9900230169296265,0.9891640543937683,0.990755021572113,0.8333333134651184,0.13263460993766785,0.040841331873018825,0.12602435976377666,0.840542605567845,0.8185989947922159,1.4430810495565876,-7.171188623406351,0.0,0.0
778,3.9250000000038585,0.9900230169296265,0.9891640543937683,0.990755021572113,1.0,0.15125365555286407,0.03511859017140097,0.14977974673717634,0.8406402528131922,0.818416777393255,1.401677762288963,-7.159652713541586,0.0,0.0
779,3.930000000003869,0.9900230169296265,0.9876160621643066,0.9922958612442017,1.0,0.17330071330070496,0.030283475537926534,0.05225299325512614,0.8408966063657425,0.8182287125658043,1.360373899131442,-7.148060872283802,0.0,0.0
780,3.9350000000038796,0.9884880781173706,0.9876160621643066,0.9892141819000244,0.8333333134651184,0.10066734254360199,0.024823591867530234,0.2329890808487642,0.8411542028381378,0.8178172272300285,1.2947990863584755,-7.121578054996791,0.0,0.0
781,3.94000000000389,0.9892555475234985,0.9876160621643066,0.990755021572113,1.0,0.16260109841823578,0.018347218796412126,0.19371501662953283,0.8417427098889602,0.8175417350933647,1.262068427857029,-7.098912200611402,0.0,0.0
782,3.9450000000039007,0.9892555475234985,0.99071204662323,0.9876734018325806,1.0,0.15830098092556,0.013663737107117307,0.19046994130567532,0.8422463955419688,0.8173457816948659,1.2321834555874305,-7.082503268525312,0.0,0.0
783,3.9500000000039113,0.9907904267311096,0.9876160621643066,0.9938367009162903,1.0,0.1559285670518875,0.007989374784439505,0.08849316281600046,0.8426110384772153,0.8171913820924676,1.2031705697018495,-7.067030786714762,0.0,0.0
784,3.955000000003922,0.9892555475234985,0.9876160621643066,0.990755021572113,1.0,0.17008501291275024,0.002278451281692807,0.48586879834843394,0.8429548714063386,0.8169247533398432,1.1541527723715719,-7.044099568774772,0.0,0.0
785,3.9600000000039324,0.9892555475234985,0.9891640543937683,0.9892141819000244,1.0,0.15490812063217163,0.003445354639068481,0.13723002777763224,0.8434644540272273,0.8167684236261965,1.112824055807964,-7.03009151095695,0.0,0.0
786,3.965000000003943,0.9884880781173706,0.9876160621643066,0.9892141819000244,0.8333333134651184,0.1300007402896881,0.009160116021028201,0.2619798784811631,0.8437757442009567,0.8164075851430352,1.0749533786143504,-6.9997126508992515,0.0,0.0
787,3.9700000000039535,0.9923253655433655,0.99071204662323,0.9938367009162903,1.0,0.13939493894577026,0.014648175800967342,0.37636435712999733,0.8444508299800166,0.815918847617676,1.0307130054565146,-6.96252583850664,0.0,0.0
788,3.975000000003964,0.9869531393051147,0.986068069934845,0.9876734018325806,1.0,0.16220249235630035,0.02050528243297271,0.205298433140319,0.8452772035887414,0.8155393180550511,0.9835799620550681,-6.928173202217647,0.0,0.0
789,3.9800000000039746,0.9900230169296265,0.9891640543937683,0.990755021572113,1.0,0.1560475379228592,0.026095152336049553,0.15566893328035875,0.8460405955062745,0.8150750024051355,0.9197865957001128,-6.890613444354032,0.0,0.0
790,3.985000000003985,0.9892555475234985,0.9876160621643066,0.990755021572113,0.8333333134651184,0.12871676683425903,0.031600874576815714,0.4870301152827855,0.8468752567921326,0.8149494246194174,0.855584408630131,-6.87687357071472,0.0,0.0
791,3.9900000000039957,0.9907904267311096,0.9891640543937683,0.9922958612442017,1.0,0.16716475784778595,0.03646337263635153,0.3523090947809297,0.8471805873174507,0.8149220944969976,0.7831735064411999,-6.871832827426464,0.0,0.0
792,3.9950000000040062,0.9884880781173706,0.9876160621643066,0.9892141819000244,1.0,0.16042765974998474,0.04222357964198029,0.21010713252387403,0.8472926038349675,0.8148016831522359,0.7218879372525069,-6.862278336075716,0.0,0.0
793,4.000000000004016,0.9900230169296265,0.9891640543937683,0.990755021572113,1.0,0.14363804459571838,0.047323788131616806,0.44371212540382315,0.847504925864984,0.8145869684807333,0.6541381507901751,-6.842301257760291,0.0,0.0
794,4.005000000004005,0.9877206087112427,0.9876160621643066,0.9876734018325806,1.0,0.15754452347755432,0.05225453195148128,0.48847732216725565,0.8479488609386602,0.8143783879831868,0.5672238587893798,-6.827009638169192,0.0,0.0
795,4.010000000003993,0.9907904267311096,0.9891640543937683,0.9922958612442017,1.0,0.1721474826335907,0.05701871411648069,0.49109473990052127,0.8482886747073513,0.8143992118858745,0.48772816153329235,-6.823870540249448,0.0,0.0
796,4.015000000003981,0.9884880781173706,0.986068069934845,0.990755021572113,1.0,0.15584807097911835,0.061542128820310044,0.1260156246276265,0.8483584324389012,0.8143882273221281,0.4142067440774961,-6.823538862477747,0.0,0.0
797,4.02000000000397,0.9900230169296265,0.99071204662323,0.9892141819000244,1.0,0.15523698925971985,0.0658547018284897,0.31838923513428175,0.84836580305605,0.8144533579569997,0.3254350958292848,-6.825447988775369,0.0,0.0
798,4.025000000003958,0.9884880781173706,0.9876160621643066,0.9892141819000244,0.8333333134651184,0.13408836722373962,0.06991100535341079,0.2948841675877781,0.848323378027214,0.8145378452896519,0.24712627493314093,-6.83310871216859,0.0,0.0
799,4.030000000003946,0.9915578961372375,0.9891640543937683,0.9938367009162903,1.0,0.18003715574741364,0.07014785259708552,0.43236164856620646,0.848153139729587,0.814731932311713,0.15328576664257987,-6.848034618546359,0.0,0.0
800,4.035000000003935,0.9877206087112427,0.9876160621643066,0.9876734018325806,1.0,0.16515541076660156,0.07723581503477518,0.3916231431846444,0.847821452921192,0.8147467560064517,0.0699594809703064,-6.8484219462593305,0.0,0.0
801,4.040000000003923,0.9892555475234985,0.9876160621643066,0.990755021572113,1.0,0.1507730334997177,0.08050531028663249,0.19415301854768846,0.8478128456386815,0.8151175375629784,-0.014464349167562294,-6.877805658472594,0.0,0.0
802,4.0450000000039115,0.9907904267311096,0.99071204662323,0.990755021572113,1.0,0.12684407830238342,0.08343916348311689,0.15447545302500743,0.8471598742561646,0.814982803283962,-0.09477956523578035,-6.869677338615561,0.0,0.0
803,4.0500000000039,0.9892555475234985,0.9876160621643066,0.990755021572113,1.0,0.15310606360435486,0.08613270891102394,0.4817763632486132,0.8473405035863208,0.8151449929237476,-0.18422237338825204,-6.882434525101115,0.0,0.0
804,4.055000000003888,0.9892555475234985,0.9876160621643066,0.990755021572113,1.0,0.15979260206222534,0.0884694868215881,0.44253007334664024,0.8470570105533085,0.8154822347970496,-0.2722627649110456,-6.910859161241175,0.0,0.0
805,4.0600000000038765,0.9892555475234985,0.9876160621643066,0.990755021572113,1.0,0.1486511528491974,0.09044972164847463,0.3561413213855398,0.8464253519724183,0.815563940286419,-0.34477954008111594,-6.9182836006416455,0.0,0.0
806,4.065000000003865,0.9884880781173706,0.9891640543937683,0.9876734018325806,1.0,0.15694570541381836,0.09214418521887521,0.35226551779985804,0.8462603644301856,0.8159299534612199,-0.43810854459758164,-6.946886618269549,0.0,0.0
807,4.070000000003853,0.9915578961372375,0.9891640543937683,0.9938367009162903,1.0,0.16228856146335602,0.09349355534888933,0.4334616080599027,0.8456247418162323,0.8158548244662586,-0.5123834271177073,-6.945446513240678,0.0,0.0
808,4.0750000000038415,0.9892555475234985,0.9876160621643066,0.990755021572113,1.0,0.15707559883594513,0.09454548502376181,0.34359902529145453,0.8456567441502072,0.816113783089297,-0.6056153254342748,-6.9658924671711056,0.0,0.0
809,4.08000000000383,0.9884880781173706,0.9876160621643066,0.9892141819000244,1.0,0.15161475539207458,0.09519401135398736,0.17977593884022042,0.8452023896184199,0.8164183712876036,-0.7015019685136306,-6.987563797886896,0.0,0.0
810,4.085000000003818,0.9900230169296265,0.9891640543937683,0.990755021572113,1.0,0.15405765175819397,0.095518518638763,0.22751456123235064,0.8447208044914023,0.8167621686383997,-0.7877008044663719,-7.013875150481465,0.0,0.0
811,4.090000000003807,0.9907904267311096,0.9876160621643066,0.9938367009162903,1.0,0.15616664290428162,0.09549479592460645,0.16161665192696015,0.8441361077670786,0.816989277575552,-0.8767183514065606,-7.030234498624545,0.0,0.0
812,4.095000000003795,0.9884880781173706,0.9891640543937683,0.9876734018325806,0.8333333134651184,0.1445312649011612,0.09512140969465448,0.3067169065386502,0.8437725666972323,0.8173316182759295,-0.9605184311136402,-7.057614517637821,0.0,0.0
813,4.100000000003783,0.9892555475234985,0.9876160621643066,0.990755021572113,1.0,0.1659388542175293,0.08941164963638008,0.366319036872786,0.8431641218302707,0.8173887153066107,-1.0133754721822321,-7.066370700917728,0.0,0.0
814,4.105000000003772,0.9900230169296265,0.9891640543937683,0.990755021572113,1.0,0.15286102890968323,0.09337822540475475,0.13111018200819807,0.842969539979606,0.817616394847792,-1.081804434361616,-7.084057011623881,0.0,0.0
815,4.11000000000376,0.9907904267311096,0.9891640543937683,0.9922958612442017,1.0,0.15753263235092163,0.09201597204600272,0.45565691923646073,0.8425765108528026,0.8177455900775613,-1.1465503196789015,-7.095630157345841,0.0,0.0
816,4.115000000003748,0.9877206087112427,0.986068069934845,0.9892141819000244,1.0,0.1620582938194275,0.09029819907132343,0.14413604562524387,0.8423193298367591,0.8179018055931477,-1.1999015814389342,-7.110992632513115,0.0,0.0
817,4.120000000003737,0.9907904267311096,0.99071204662323,0.990755021572113,0.8333333134651184,0.13757100701332092,0.08829030661453521,0.22029851929200778,0.8419779414997086,0.8181295717548852,-1.2718685199366422,-7.127632602404322,0.0,0.0
818,4.125000000003725,0.9877206087112427,0.9876160621643066,0.9876734018325806,1.0,0.17400285601615906,0.08139046099015995,0.21123744488008392,0.841608164391015,0.8181763817210281,-1.3185043920250517,-7.133011989924695,0.0,0.0
819,4.130000000003713,0.9915578961372375,0.9891640543937683,0.9938367009162903,1.0,0.11650295555591583,0.08332345158633334,0.16260278236360068,0.8414886224461179,0.8183378178061397,-1.3550115254436725,-7.146906093159738,0.0,0.0
820,4.135000000003702,0.9884880781173706,0.986068069934845,0.990755021572113,1.0,0.15652179718017578,0.08036614767557697,0.24311662937149836,0.8411798645964503,0.8184303962665198,-1.4106053615364151,-7.152124085956832,0.0,0.0
821,4.14000000000369,0.9892555475234985,0.9891640543937683,0.9892141819000244,0.8333333134651184,0.12645944952964783,0.07715171863313859,0.1288017764346259,0.8410639092009593,0.8183534727881882,-1.4411971741446052,-7.148353550205897,0.0,0.0
822,4.145000000003678,0.9892555475234985,0.9891640543937683,0.9892141819000244,1.0,0.1543361097574234,0.07263352311315692,0.02449168763316342,0.8411476988843134,0.8181926734877868,-1.4686715629369758,-7.138270794129434,0.0,0.0
823,4.150000000003667,0.9915578961372375,0.9891640543937683,0.9938367009162903,1.0,0.16549423336982727,0.06997267387280229,0.20504026934272943,0.841371760130457,0.8180744931109086,-1.495373567585066,-7.128901079122529,0.0,0.0
824,4.155000000003655,0.9877206087112427,0.9876160621643066,0.9876734018325806,1.0,0.15247216820716858,0.06597247820363415,0.13163364308903955,0.8415799760194993,0.8180516983246241,-1.5072145890432773,-7.128997504784419,0.0,0.0
825,4.1600000000036434,0.9892555475234985,0.9876160621643066,0.990755021572113,1.0,0.16002151370048523,0.061735412932103696,0.17991581704164084,0.841577833227013,0.8179487363087856,-1.5237572750884663,-7.120905558174512,0.0,0.0
826,4.165000000003632,0.9900230169296265,0.9891640543937683,0.990755021572113,1.0,0.15065191686153412,0.057295044509850346,0.16195856309387008,0.8417576542627886,0.8180219312276251,-1.5269843919386121,-7.126535651681472,0.0,0.0
827,4.17000000000362,0.9900230169296265,0.9891640543937683,0.990755021572113,1.0,0.1597345918416977,0.05262576397792372,0.06432740952041631,0.8416325410737451,0.8179411540535937,-1.5305628680175665,-7.12094732968416,0.0,0.0
828,4.1750000000036085,0.9892555475234985,0.9876160621643066,0.990755021572113,0.8333333134651184,0.1292305588722229,0.047776325853799956,0.011950897400819482,0.8417567260070187,0.8179399280970225,-1.5213154429211533,-7.120990134909596,0.0,0.0
829,4.180000000003597,0.9892555475234985,0.9876160621643066,0.990755021572113,1.0,0.15843817591667175,0.04214185311827891,0.10760169250942048,0.8417557747797868,0.8178040573828703,-1.5021771206411245,-7.112375758568254,0.0,0.0
830,4.185000000003585,0.9884880781173706,0.9891640543937683,0.9876734018325806,1.0,0.16392768919467926,0.03757166279817324,0.322754802641655,0.8419472053651499,0.8176197338518123,-1.4639845768430009,-7.101744516571837,0.0,0.0
831,4.1900000000035735,0.9907904267311096,0.9876160621643066,0.9938367009162903,1.0,0.15308929979801178,0.0322710177990324,0.30030667986456594,0.8421834551872925,0.81747267904635,-1.427605789825276,-7.092168103270345,0.0,0.0
832,4.195000000003562,0.9900230169296265,0.9891640543937683,0.990755021572113,0.8333333134651184,0.14388032257556915,0.026844823576316325,0.14807642429006518,0.8423962643717701,0.8172831389120999,-1.3713869589048828,-7.080491073654583,0.0,0.0
833,4.20000000000355,0.9884880781173706,0.9876160621643066,0.9892141819000244,1.0,0.11858628690242767,0.02019072173336083,0.3186460476651604,0.8426557539187871,0.8169754067146235,-1.2994727259188732,-7.059989856805341,0.0,0.0
834,4.205000000003539,0.9892555475234985,0.9891640543937683,0.9892141819000244,1.0,0.15703222155570984,0.015712885622785274,0.1521306133998689,0.8431113365154368,0.8167420162638207,-1.252539716701978,-7.044172199424443,0.0,0.0
835,4.210000000003527,0.9907904267311096,0.9876160621643066,0.9938367009162903,0.8333333134651184,0.1294078528881073,0.010048952239552739,0.18077904301787381,0.8434628400127901,0.8164308112737314,-1.22455137760565,-7.017663367104024,0.0,0.0
836,4.215000000003515,0.9877206087112427,0.9876160621643066,0.9876734018325806,1.0,0.17900772392749786,0.0041302734753083815,0.2652223824822941,0.8440519251754661,0.8160439715037069,-1.1975816700643829,-6.988207150696589,0.0,0.0
837,4.220000000003504,0.9900230169296265,0.9891640543937683,0.990755021572113,0.8333333134651184,0.14498905837535858,0.001387422842875555,0.16172042395230737,0.844706507762298,0.8156761262874744,-1.1601515634261914,-6.958240353177518,0.0,0.0
838,4.225000000003492,0.9900230169296265,0.9891640543937683,0.990755021572113,1.0,0.159285768866539,0.006744909897053222,0.3446598751397518,0.8453724365960551,0.8152688439222404,-1.1101549079032076,-6.922300538531589,0.0,0.0
839,4.23000000000348,0.9900230169296265,0.9876160621643066,0.9922958612442017,1.0,0.15018238127231598,0.012841460691244044,0.22473000477722865,0.8461710991437424,0.8148463586055069,-1.0634535037853796,-6.887231004205217,0.0,0.0
840,4.235000000003469,0.9884880781173706,0.9876160621643066,0.9892141819000244,1.0,0.16605037450790405,0.018522299232013227,0.169930107063059,0.8469504221287729,0.8145085587636473,-1.0128519442024475,-6.85835263087866,0.0,0.0
841,4.240000000003457,0.9892555475234985,0.9876160621643066,0.990755021572113,1.0,0.1689063012599945,0.024144445920070336,0.44357161257957517,0.847592163758252,0.8145151775047219,-0.9483445281576203,-6.854430650268144,0.0,0.0
842,4.245000000003445,0.9892555475234985,0.99071204662323,0.9876734018325806,0.6666666865348816,0.1256437450647354,0.029668361648122074,0.37603039272165556,0.8476793188829301,0.8146479266179834,-0.8765548914630424,-6.859921838890709,0.0,0.0
843,4.250000000003434,0.9900230169296265,0.9876160621643066,0.9922958612442017,1.0,0.1383615881204605,0.03152450776519846,0.20498610668207617,0.8475572924690954,0.8147009969355948,-0.8030031279854489,-6.85647031995098,0.0,0.0
844,4.255000000003422,0.9892555475234985,0.9876160621643066,0.990755021572113,0.8333333134651184,0.14660555124282837,0.0403729972079857,0.29487230248949686,0.8476339928899782,0.8145100022196461,-0.7404227420675562,-6.843774404154069,0.0,0.0
845,4.26000000000341,0.9892555475234985,0.9891640543937683,0.9892141819000244,1.0,0.1710001528263092,0.04312397417153802,0.4228167056858255,0.8479161243521318,0.8144163953159205,-0.6531041982964163,-6.831466510856605,0.0,0.0
846,4.265000000003399,0.9892555475234985,0.9891640543937683,0.9892141819000244,1.0,0.14035391807556152,0.050527216261010637,0.39475539832502116,0.8481896330920755,0.8141967319208117,-0.5826532959654049,-6.81699050011818,0.0,0.0
847,4.270000000003387,0.9915578961372375,0.9891640543937683,0.9938367009162903,1.0,0.15250255167484283,0.05536563374317954,0.23697763116137252,0.848511322219596,0.8142772612088656,-0.4982749475875354,-6.818149256155729,0.0,0.0
848,4.275000000003375,0.9877206087112427,0.9876160621643066,0.9876734018325806,1.0,0.16088217496871948,0.059952017560793325,0.3154929642694204,0.8484855720854283,0.8142338732078802,-0.4232306923733986,-6.813557016378953,0.0,0.0
849,4.280000000003364,0.9892555475234985,0.9876160621643066,0.990755021572113,0.6666666865348816,0.13287153840065002,0.06434657705509371,0.11642254263347308,0.8485876218582455,0.8142062395032706,-0.340874807622611,-6.812620297803463,0.0,0.0
850,4.285000000003352,0.9900230169296265,0.9891640543937683,0.990755021572113,1.0,0.16853713989257812,0.06412928516284462,0.43935605912351067,0.8486084378265897,0.8141745387441832,-0.25785618966641616,-6.80891753705617,0.0,0.0
851,4.2900000000033405,0.9900230169296265,0.9876160621643066,0.9922958612442017,1.0,0.15199607610702515,0.07243399727234535,0.4565886061827587,0.8486907213987518,0.8143144660974695,-0.17269716380936198,-6.818565462605684,0.0,0.0
852,4.295000000003329,0.9892555475234985,0.9891640543937683,0.9892141819000244,1.0,0.15226933360099792,0.07606164990109851,0.18873012431236227,0.8484763230532071,0.8143902857510297,-0.08460363801084313,-6.825649647893628,0.0,0.0
853,4.300000000003317,0.9892555475234985,0.9876160621643066,0.990755021572113,1.0,0.15541070699691772,0.07941989491110779,0.5044194829750213,0.8483188967134749,0.814410817794905,0.0091670547659074,-6.827672369949047,0.0,0.0
854,4.3050000000033055,0.9884880781173706,0.9891640543937683,0.9876734018325806,0.8333333134651184,0.1372753530740738,0.08249345510231336,0.44019302852367775,0.8482739473344656,0.8145059930679462,0.10150651660344213,-6.83775566444464,0.0,0.0
855,4.310000000003294,0.9907904267311096,0.9876160621643066,0.9938367009162903,1.0,0.1410926878452301,0.0807710466690664,0.4266402639888651,0.8480498741234525,0.8145677899107274,0.18166048058688555,-6.840538579848775,0.0,0.0
856,4.315000000003282,0.9892555475234985,0.9876160621643066,0.990755021572113,1.0,0.15875814855098724,0.08775493968894038,0.394166360745963,0.8479880315589161,0.814806208672873,0.2806914079242836,-6.860761973477615,0.0,0.0
857,4.320000000003271,0.9892555475234985,0.9891640543937683,0.9892141819000244,0.8333333134651184,0.15764951705932617,0.08987241634446831,0.16043453124250243,0.8475386228116085,0.8150527942277772,0.38357808539144855,-6.880007944671578,0.0,0.0
858,4.325000000003259,0.9892555475234985,0.9891640543937683,0.9892141819000244,1.0,0.15758126974105835,0.09025386071195844,0.37410547144251044,0.8471109345628538,0.815230179467585,0.4575886880674361,-6.896146816821482,0.0,0.0
859,4.330000000003247,0.9907904267311096,0.9876160621643066,0.9938367009162903,0.8333333134651184,0.1364753395318985,0.09315832829345352,0.42111002544342013,0.8467522929595226,0.8155104372128825,0.5411430559677676,-6.918226833385244,0.0,0.0
860,4.335000000003236,0.9877206087112427,0.9876160621643066,0.9876734018325806,0.8333333134651184,0.1561308205127716,0.09280299577325303,0.41544084169625456,0.8462616259247724,0.8156657311455712,0.6208625096257173,-6.935478883530501,0.0,0.0
861,4.340000000003224,0.9892555475234985,0.9876160621643066,0.990755021572113,1.0,0.14611171185970306,0.09369865518423744,0.27707924628481156,0.8458782470326556,0.815807151117891,0.6978553922892318,-6.946569727387245,0.0,0.0
862,4.345000000003212,0.9907904267311096,0.99071204662323,0.990755021572113,1.0,0.16158615052700043,0.09553519323684892,0.26872143882495075,0.845631783835839,0.8159266366169229,0.7652783278054952,-6.961106676767835,0.0,0.0
863,4.350000000003201,0.9900230169296265,0.9876160621643066,0.9922958612442017,1.0,0.17328128218650818,0.09565533780752893,0.3762068345261843,0.8453087405162704,0.8160443901303162,0.8491246635557699,-6.972083823492032,0.0,0.0
864,4.355000000003189,0.9884880781173706,0.9876160621643066,0.9892141819000244,0.8333333134651184,0.09772376716136932,0.09541908436417613,0.03950422611726168,0.8450648039223994,0.8162896894548458,0.9179016182642687,-6.994915727378147,0.0,0.0
865,4.360000000003177,0.9892555475234985,0.9876160621643066,0.990755021572113,1.0,0.15186728537082672,0.09336167226166794,0.31675700855619926,0.8445574282804856,0.8164382958180448,0.9799452339919845,-7.008193025254191,0.0,0.0
866,4.365000000003166,0.9884880781173706,0.9891640543937683,0.9876734018325806,1.0,0.14695481956005096,0.09390062403079465,0.20332735254225714,0.8442623772165736,0.8164837690005508,1.0385031115615575,-7.017271020327395,0.0,0.0
867,4.370000000003154,0.9915578961372375,0.9891640543937683,0.9938367009162903,1.0,0.16727450489997864,0.09269248904659955,0.29261293849469205,0.8440606439927245,0.8166177792134655,1.1017880175150783,-7.029594291296398,0.0,0.0
868,4.375000000003142,0.9892555475234985,0.9876160621643066,0.990755021572113,1.0,0.16029256582260132,0.09110885710928664,0.42943311051290695,0.8437867935267467,0.8167244885437769,1.1517905100663839,-7.038798689549378,0.0,0.0
869,4.380000000003131,0.9884880781173706,0.9876160621643066,0.9892141819000244,1.0,0.18601661920547485,0.08919766553196691,0.08965185878008254,0.8435822513433472,0.8170262133572347,1.2115503182372052,-7.060068262531649,0.0,0.0
870,4.385000000003119,0.9900230169296265,0.9891640543937683,0.990755021572113,1.0,0.1570325493812561,0.08695979667325793,0.2795694524751037,0.8431095941659634,0.8171880308725983,1.264401088788507,-7.073303248305696,0.0,0.0
871,4.390000000003107,0.9907904267311096,0.9876160621643066,0.9938367009162903,1.0,0.1637043058872223,0.0844368106732768,0.16207907197168728,0.8428154833709846,0.8173021348979962,1.2997751438010152,-7.0853280678141966,0.0,0.0
872,4.395000000003096,0.9884880781173706,0.9891640543937683,0.9876734018325806,0.8333333134651184,0.13673190772533417,0.08158469337118773,0.15635785359274,0.8425482651596845,0.8175014675478355,1.352174391030577,-7.099548574891369,0.0,0.0
873,4.400000000003084,0.9892555475234985,0.9876160621643066,0.990755021572113,1.0,0.1653745174407959,0.07430099395371938,0.24525842141494167,0.842232253891303,0.8175130047336924,1.3859332173486598,-7.101586159356856,0.0,0.0
874,4.4050000000030725,0.9900230169296265,0.9891640543937683,0.990755021572113,0.8333333134651184,0.13290497660636902,0.07506498961903434,0.14826344816221745,0.8421869742365143,0.8177390726435086,1.4265365242335593,-7.117185803137799,0.0,0.0
875,4.410000000003061,0.9907904267311096,0.9891640543937683,0.9922958612442017,1.0,0.15301355719566345,0.06792697255385877,0.3674573978517949,0.8418403154858267,0.8177828049613391,1.445343159960324,-7.12006194463532,0.0,0.0
876,4.415000000003049,0.9884880781173706,0.986068069934845,0.990755021572113,1.0,0.16423192620277405,0.06746363567050771,0.18983079336109357,0.8417764012303262,0.817898071469239,1.4628284065316501,-7.12884525767536,0.0,0.0
877,4.4200000000030375,0.9907904267311096,0.99071204662323,0.990755021572113,0.8333333134651184,0.13470883667469025,0.06330593971798201,0.1903698248205921,0.8415812164961032,0.8179587639934385,1.4802384408467355,-7.13254462489121,0.0,0.0
878,4.425000000003026,0.9877206087112427,0.9876160621643066,0.9876734018325806,1.0,0.16479262709617615,0.05578948207756589,0.07997647901011774,0.8414990083357509,0.8179412448944884,1.4878346529144786,-7.130782130313867,0.0,0.0
879,4.430000000003014,0.9915578961372375,0.9891640543937683,0.9938367009162903,1.0,0.1732698380947113,0.054330287406400155,0.23965583408218852,0.8415381748819141,0.8179036651089138,1.487815784682012,-7.128916661884697,0.0,0.0
880,4.4350000000030025,0.9884880781173706,0.986068069934845,0.990755021572113,1.0,0.15488353371620178,0.049535897978245313,0.06985822493578633,0.8415796297358956,0.8178578521202531,1.4765498620536037,-7.123955739186626,0.0,0.0
881,4.440000000002991,0.9892555475234985,0.9891640543937683,0.9892141819000244,1.0,0.15293584764003754,0.044573919762857975,0.1632448843467077,0.8416898724625195,0.8177616193084751,1.4511744426434192,-7.118669715820424,0.0,0.0
882,4.445000000002979,0.9892555475234985,0.9891640543937683,0.9892141819000244,0.8333333134651184,0.1520090103149414,0.039451317371234626,0.2730275154148605,0.841807339648435,0.8175508764674333,1.419075786508414,-7.107948594275586,0.0,0.0
883,4.450000000002968,0.9915578961372375,0.9891640543937683,0.9938367009162903,1.0,0.15426258742809296,0.03239285614865858,0.027338911715953325,0.8420455867938759,0.8174781383536671,1.3820815455631956,-7.099783313291309,0.0,0.0
884,4.455000000002956,0.9877206087112427,0.9876160621643066,0.9876734018325806,1.0,0.15894350409507751,0.028804014738642147,0.036110312406592446,0.8422270374824153,0.8172968677189903,1.345427313306327,-7.087933695755507,0.0,0.0
885,4.460000000002944,0.9892555475234985,0.9876160621643066,0.990755021572113,1.0,0.1587640792131424,0.02331215952494565,0.29854337309417045,0.8424903623165443,0.8170973426497901,1.3186280267950692,-7.072160485645532,0.0,0.0
886,4.465000000002933,0.9900230169296265,0.9891640543937683,0.990755021572113,1.0,0.12031394243240356,0.017736884287758825,0.04200483260798342,0.842840878096766,0.8168714762717437,1.297815702906726,-7.054525558345878,0.0,0.0
887,4.470000000002921,0.9907904267311096,0.9891640543937683,0.9922958612442017,1.0,0.15372176468372345,0.012093838618130038,0.08863152256191853,0.8432327653700916,0.8166087969395253,1.2663719298749536,-7.0309263719278245,0.0,0.0
888,4.475000000002909,0.9884880781173706,0.9876160621643066,0.9892141819000244,1.0,0.12695148587226868,0.0063988770628293995,0.30048055920929656,0.8437571917349372,0.8164235656173284,1.22479987122456,-7.016071527057083,0.0,0.0
889,4.480000000002898,0.9892555475234985,0.9876160621643066,0.990755021572113,1.0,0.16277657449245453,0.0006756983043867045,0.12191016514422784,0.8440872993987315,0.8162397228142062,1.1898885520503175,-6.997543582042423,0.0,0.0
890,4.485000000002886,0.9884880781173706,0.9891640543937683,0.9876734018325806,1.0,0.16467972099781036,0.005053856441006337,0.29825424901923886,0.8444990315101684,0.8158615008366646,1.1434857605238598,-6.965572442574524,0.0,0.0
891,4.490000000002874,0.9907904267311096,0.9876160621643066,0.9938367009162903,0.8333333134651184,0.14878377318382263,0.01077659874448203,0.3634418208901143,0.8452095012761217,0.8156210696457508,1.0931283500606523,-6.944897872492891,0.0,0.0
892,4.495000000002863,0.9900230169296265,0.9891640543937683,0.990755021572113,1.0,0.1671794354915619,0.016208490533493675,0.30574613670340256,0.8456689361668246,0.8156631554966712,1.0398632701703914,-6.942057164198188,0.0,0.0
893,4.500000000002851,0.9884880781173706,0.9876160621643066,0.9892141819000244,0.8333333134651184,0.13486458361148834,0.022086382394578326,0.07961283407717551,0.845732063017818,0.8156104935712932,0.9777085739284145,-6.932615800934343,0.0,0.0
894,4.505000000002839,0.9892555475234985,0.9891640543937683,0.9892141819000244,1.0,0.1486750990152359,0.026177492946088576,0.5356040062339789,0.8459418710903479,0.8155793179097912,0.9078247445241026,-6.924869714866879,0.0,0.0
895,4.510000000002828,0.9907904267311096,0.9876160621643066,0.9938367009162903,0.8333333134651184,0.1464352011680603,0.03309305261153459,0.1777436861932526,0.8461140063362915,0.8154170494636003,0.8508010824587232,-6.911619270495275,0.0,0.0
896,4.515000000002816,0.9877206087112427,0.9876160621643066,0.9876734018325806,1.0,0.17142510414123535,0.036397385175944756,0.48205851008749123,0.8464084606556606,0.8152822797226225,0.7773466588457753,-6.899091191182417,0.0,0.0
897,4.520000000002804,0.9900230169296265,0.9891640543937683,0.990755021572113,1.0,0.1782604604959488,0.04363296630286171,0.29187929285453,0.8466868624181685,0.8150352341835199,0.7134813593095158,-6.877736522909443,0.0,0.0
898,4.525000000002793,0.9900230169296265,0.9891640543937683,0.990755021572113,0.8333333134651184,0.15141068398952484,0.04869925933804967,0.28865520131767747,0.8471614106020123,0.8152996681546651,0.6335249236941198,-6.893785102823183,0.0,0.0
899,4.530000000002781,0.9892555475234985,0.9876160621643066,0.990755021572113,1.0,0.1781664937734604,0.052710495990757306,0.32343797224787846,0.8468047754928182,0.8153099622712701,0.5516677552836391,-6.891595369068172,0.0,0.0
900,4.5350000000027695,0.9892555475234985,0.9876160621643066,0.990755021572113,0.8333333134651184,0.19535532593727112,0.058207206054307896,0.5073184259475633,0.8468534362429295,0.8151084023066739,0.4776585161145606,-6.87877709661157,0.0,0.0
901,4.540000000002758,0.9892555475234985,0.9876160621643066,0.990755021572113,1.0,0.17720696330070496,0.06171685929729037,0.35319903396430213,0.8471382867419651,0.8149572787505756,0.4033256605911799,-6.863132117554734,0.0,0.0
902,4.545000000002746,0.9892555475234985,0.99071204662323,0.9876734018325806,1.0,0.18565678596496582,0.06694676649122912,0.29945080930444135,0.8474859529432281,0.815073410655811,0.3012355301553707,-6.871495022095877,0.0,0.0
903,4.5500000000027345,0.9907904267311096,0.9876160621643066,0.9938367009162903,1.0,0.1620328724384308,0.07093935470638116,0.28943202913310473,0.8473001106200917,0.8153099696068897,0.22125030732288456,-6.8899452929105,0.0,0.0
904,4.555000000002723,0.9892555475234985,0.9876160621643066,0.990755021572113,1.0,0.16553165018558502,0.07463899479945982,0.47511043916678497,0.8468901046019889,0.8152005649692464,0.14300087393350114,-6.8811391126108035,0.0,0.0
905,4.560000000002711,0.9892555475234985,0.9891640543937683,0.9892141819000244,1.0,0.16045008599758148,0.07812325492260334,0.6437255166734193,0.8470857974975377,0.8151224793197296,0.05134271420726371,-6.874250266575902,0.0,0.0
906,4.5650000000027,0.9892555475234985,0.9876160621643066,0.990755021572113,0.6666666865348816,0.11251755803823471,0.08132375815669297,0.4003831934146956,0.84723888296498,0.8151775503018229,-0.03770922332053783,-6.881818027825525,0.0,0.0
907,4.570000000002688,0.9923253655433655,0.99071204662323,0.9938367009162903,0.8333333134651184,0.14663110673427582,0.07894229388655062,0.43951703442957046,0.8470707104927662,0.8151974667967595,-0.1320228005235957,-6.8857956562165725,0.0,0.0
908,4.575000000002676,0.9869531393051147,0.986068069934845,0.9876734018325806,1.0,0.11390642076730728,0.08555421655227421,0.328427745376367,0.8469823187507428,0.8151626776947767,-0.21172134226604816,-6.886515059172015,0.0,0.0
909,4.580000000002665,0.9900230169296265,0.9891640543937683,0.990755021572113,1.0,0.16652867197990417,0.08907075133807077,0.448016720747945,0.8469663320183997,0.8153912875308871,-0.32779288789349137,-6.900624364019395,0.0,0.0
910,4.585000000002653,0.9892555475234985,0.9876160621643066,0.990755021572113,1.0,0.14827758073806763,0.09099328705664067,0.16923568965366315,0.8466527919106801,0.8156592696947891,-0.414906908461311,-6.923219236268008,0.0,0.0
911,4.590000000002641,0.9907904267311096,0.9891640543937683,0.9922958612442017,1.0,0.15959301590919495,0.0925859130035577,0.2994116165616377,0.8461506836384887,0.8158204788925827,-0.5016709674028076,-6.940713966134138,0.0,0.0
912,4.59500000000263,0.9884880781173706,0.9876160621643066,0.9892141819000244,0.8333333134651184,0.14451894164085388,0.09382486643197599,0.38335005405222256,0.8457619118636859,0.8158869555993,-0.574632397309468,-6.9478528573728076,0.0,0.0
913,4.600000000002618,0.9900230169296265,0.9891640543937683,0.990755021572113,0.8333333134651184,0.14511896669864655,0.08977317942867255,0.3103452942817722,0.8456032698361599,0.816070062708117,-0.6544676603103753,-6.962692640978205,0.0,0.0
914,4.605000000002606,0.9877206087112427,0.9876160621643066,0.9876734018325806,1.0,0.16503241658210754,0.09385801207021827,0.06284640774793833,0.845273496867151,0.816293857516354,-0.7281682660534627,-6.982625611286842,0.0,0.0
915,4.610000000002595,0.9907904267311096,0.9891640543937683,0.9922958612442017,1.0,0.16947445273399353,0.09557445917910937,0.2667447143021609,0.8448305419714035,0.8165171193134996,-0.8181658267589629,-7.001371055310361,0.0,0.0
916,4.615000000002583,0.9884880781173706,0.986068069934845,0.990755021572113,1.0,0.16042596101760864,0.09544405703396275,0.485989184584874,0.8444139765486587,0.816601794338417,-0.8918679075844085,-7.009235335109853,0.0,0.0
917,4.620000000002571,0.9900230169296265,0.99071204662323,0.9892141819000244,1.0,0.16025656461715698,0.09502084182070922,0.11684074491688955,0.8442392147753366,0.8169657553295241,-0.9746702814104843,-7.035290818034296,0.0,0.0
918,4.62500000000256,0.9884880781173706,0.9876160621643066,0.9892141819000244,1.0,0.156461700797081,0.09418900707141428,0.5502536616504046,0.8436602040436822,0.8171016859155639,-1.0328071861707022,-7.049550153376287,0.0,0.0
919,4.630000000002548,0.9915578961372375,0.9891640543937683,0.9938367009162903,0.8333333134651184,0.13339842855930328,0.09308865849561657,0.27190049811862127,0.8433433299249714,0.8172687772681195,-1.109023279796903,-7.066615277543973,0.0,0.0
920,4.635000000002536,0.9877206087112427,0.9876160621643066,0.9876734018325806,1.0,0.16705322265625,0.09029592400030126,0.16000000847092616,0.8429641049434673,0.8174834309855171,-1.1770152853999283,-7.082827989497021,0.0,0.0
921,4.640000000002525,0.9892555475234985,0.9876160621643066,0.990755021572113,1.0,0.16287761926651,0.08979876376808815,0.3935880383974746,0.8426038224556217,0.817462581465484,-1.2182950549892924,-7.0836352546468895,0.0,0.0
922,4.645000000002513,0.9907904267311096,0.99071204662323,0.990755021572113,1.0,0.16211818158626556,0.08773521741048101,0.05408700915964223,0.8425858832300691,0.8175786041583779,-1.2559721383693676,-7.094640000438752,0.0,0.0
923,4.6500000000025015,0.9892555475234985,0.9876160621643066,0.990755021572113,0.8333333134651184,0.14256098866462708,0.08531085385388783,0.3186888274439533,0.8423413333235833,0.8177265610136341,-1.297583569993582,-7.110223141521101,0.0,0.0
924,4.65500000000249,0.9892555475234985,0.9876160621643066,0.990755021572113,1.0,0.16229157149791718,0.07821611742738714,0.20443556623366274,0.8419950412995311,0.8179413395899162,-1.3501555760042396,-7.125452671134604,0.0,0.0
925,4.660000000002478,0.9892555475234985,0.9876160621643066,0.990755021572113,1.0,0.15367546677589417,0.07953998689376124,0.15009814404066465,0.8416566073081199,0.8179065330512971,-1.3713751806820516,-7.123742964851858,0.0,0.0
926,4.6650000000024665,0.9884880781173706,0.9891640543937683,0.9876734018325806,1.0,0.17078691720962524,0.07625178191782205,0.37943800198500416,0.8416946007810698,0.8179294029453945,-1.4080944155191113,-7.1275382617214875,0.0,0.0
927,4.670000000002455,0.9915578961372375,0.9891640543937683,0.9938367009162903,1.0,0.16271734237670898,0.07270983248368744,0.23862718848819747,0.8416102608506336,0.8180574178856389,-1.4372988024080346,-7.135710184273692,0.0,0.0
928,4.675000000002443,0.9892555475234985,0.9876160621643066,0.990755021572113,1.0,0.16142915189266205,0.06887161937394086,0.12375686351082511,0.8414286625716958,0.8182246181274079,-1.465977931285913,-7.145257870911793,0.0,0.0
929,4.6800000000024315,0.9884880781173706,0.9876160621643066,0.9892141819000244,1.0,0.1580515205860138,0.0647797226416255,0.17160826386892328,0.8412164917575157,0.8183091373267342,-1.489878802775664,-7.150084954823532,0.0,0.0
930,4.68500000000242,0.9900230169296265,0.9891640543937683,0.990755021572113,1.0,0.13029487431049347,0.060479766641967934,0.09077383300400069,0.8411092232261437,0.818322493866078,-1.499356268764088,-7.1521514612794315,0.0,0.0
931,4.690000000002408,0.9907904267311096,0.9876160621643066,0.9938367009162903,1.0,0.16855554282665253,0.05597094120702268,0.11891283737489612,0.8410633008604571,0.8183536116677005,-1.5045182132929034,-7.154565692100283,0.0,0.0
932,4.695000000002397,0.9884880781173706,0.9891640543937683,0.9876734018325806,1.0,0.159279927611351,0.05124248148465785,0.2120446338140439,0.8410096512866604,0.8183397274135815,-1.4920617586532217,-7.153170629367394,0.0,0.0
933,4.700000000002385,0.9892555475234985,0.9876160621643066,0.990755021572113,1.0,0.17998021841049194,0.04634235749744663,0.24108208127091826,0.8410406526807246,0.8181867724124322,-1.476547289823158,-7.142966913286216,0.0,0.0
934,4.705000000002373,0.9900230169296265,0.9891640543937683,0.990755021572113,0.8333333134651184,0.13365989923477173,0.04128968330245447,0.07340540020354717,0.841267401926973,0.8181134959200286,-1.4483499445892098,-7.137144713581426,0.0,0.0
935,4.710000000002362,0.9907904267311096,0.9891640543937683,0.9922958612442017,1.0,0.16102251410484314,0.03432825525738334,0.07211629352601784,0.841396784142635,0.8180158595399573,-1.4132424983804965,-7.132817525439424,0.0,0.0
936,4.71500000000235,0.9877206087112427,0.986068069934845,0.9892141819000244,0.8333333134651184,0.12796853482723236,0.030729843185005025,0.35767867368943795,0.8414929438791239,0.8177979162642592,-1.3590760346759956,-7.118963615740913,0.0,0.0
937,4.720000000002338,0.9907904267311096,0.99071204662323,0.990755021572113,1.0,0.20128223299980164,0.02405552875465789,0.2630729317361069,0.8418008085390908,0.8174078647334546,-1.307027985857948,-7.094710737095921,0.0,0.0
938,4.725000000002327,0.9877206087112427,0.9876160621643066,0.9876734018325806,0.8333333134651184,0.135881707072258,0.019740442947252045,0.09563602592880088,0.8423397613978684,0.8173037647318453,-1.2844258036187202,-7.082161628292701,0.0,0.0
939,4.730000000002315,0.9915578961372375,0.9891640543937683,0.9938367009162903,1.0,0.1654648780822754,0.01392332701935488,0.24383577551372962,0.8426186304823844,0.8170590532757815,-1.2563084989940254,-7.062700740203019,0.0,0.0
940,4.735000000002303,0.9884880781173706,0.986068069934845,0.990755021572113,1.0,0.16072553396224976,0.008446484164234292,0.11922706637235284,0.8430510946621551,0.816941725528341,-1.2242132478746375,-7.050125890952295,0.0,0.0
941,4.740000000002292,0.9892555475234985,0.9891640543937683,0.9892141819000244,1.0,0.18059000372886658,0.002734929076964142,0.11664755858620093,0.8433305357566157,0.8167506529563353,-1.191764720160948,-7.033933349162026,0.0,0.0
942,4.74500000000228,0.9892555475234985,0.9891640543937683,0.9892141819000244,1.0,0.16714724898338318,0.0029903329610730897,0.27046976714209203,0.8436903700186217,0.8163708241980299,-1.146867581817725,-7.001975794741511,0.0,0.0
943,4.750000000002268,0.9915578961372375,0.9891640543937683,0.9938367009162903,1.0,0.15375155210494995,0.008715875821806844,0.10340003181835875,0.8444005378946331,0.8159328248378908,-1.1132711578329952,-6.967017467598409,0.0,0.0
944,4.755000000002257,0.9877206087112427,0.9876160621643066,0.9876734018325806,1.0,0.15528279542922974,0.014415809672083729,0.38495879685908935,0.8451773896089243,0.8158646100552369,-1.0527083711549476,-6.95546331624544,0.0,0.0
945,4.760000000002245,0.9892555475234985,0.9876160621643066,0.990755021572113,0.8333333134651184,0.13819262385368347,0.020064035871161543,0.39801369319915864,0.8454341485278791,0.8156589802568569,-1.0017442208772773,-6.938774231112823,0.0,0.0
946,4.7650000000022334,0.9900230169296265,0.9891640543937683,0.990755021572113,1.0,0.16392360627651215,0.025284848029585635,0.304074071418777,0.8458050170863817,0.8156878681631634,-0.9293158317737863,-6.934341218728591,0.0,0.0
947,4.770000000002222,0.9907904267311096,0.9891640543937683,0.9922958612442017,1.0,0.192689910531044,0.031140879180391514,0.3799023553573406,0.845903528472698,0.8154601075090654,-0.8731736068649857,-6.915703582734492,0.0,0.0
948,4.77500000000221,0.9884880781173706,0.9876160621643066,0.9892141819000244,1.0,0.18431395292282104,0.03652453700099343,0.49875233187281687,0.8463176981614557,0.8155139926073047,-0.7978502556101905,-6.917217944477787,0.0,0.0
949,4.7800000000021985,0.9892555475234985,0.9876160621643066,0.990755021572113,0.8333333134651184,0.08811189234256744,0.04176380920340739,0.3904118081534274,0.8462840456782714,0.8153431353592879,-0.7264918002522582,-6.900396492766999,0.0,0.0
950,4.785000000002187,0.9884880781173706,0.9891640543937683,0.9876734018325806,0.8333333134651184,0.14209100604057312,0.04620391417842596,0.37214334855028486,0.8466578557162889,0.8152998534414715,-0.6417880170978508,-6.893309240034469,0.0,0.0
951,4.790000000002175,0.9907904267311096,0.9876160621643066,0.9938367009162903,1.0,0.1562446653842926,0.051006699731119244,0.24792615283913708,0.8468153502214563,0.8154169374329012,-0.5725373476978152,-6.897910551338454,0.0,0.0
952,4.7950000000021635,0.9900230169296265,0.9891640543937683,0.990755021572113,1.0,0.1589212864637375,0.056551267114188675,0.244991428603233,0.8467130988591455,0.8154753861304398,-0.49092514258728565,-6.903092270244337,0.0,0.0
953,4.800000000002152,0.9884880781173706,0.9876160621643066,0.9892141819000244,1.0,0.12482255697250366,0.06106950507819413,0.25568859415387907,0.8465979495501259,0.8153175937192093,-0.41793580739476915,-6.890701858754464,0.0,0.0
954,4.80500000000214,0.9892555475234985,0.9891640543937683,0.9892141819000244,1.0,0.15677505731582642,0.06540412788738974,0.4152575234191345,0.8468732920276786,0.8152437176002352,-0.3450488745425607,-6.883526345531193,0.0,0.0
955,4.810000000002129,0.9907904267311096,0.9876160621643066,0.9938367009162903,1.0,0.17416903376579285,0.06951152541155778,0.4895944287593856,0.8470327478770846,0.815084490272403,-0.2631394757383593,-6.874227905218865,0.0,0.0
956,4.815000000002117,0.9877206087112427,0.9876160621643066,0.9876734018325806,1.0,0.15882936120033264,0.07334241961622774,0.21316393829056143,0.8472393798840252,0.815333437759556,-0.17500899243670637,-6.892864150501171,0.0,0.0
957,4.820000000002105,0.9900230169296265,0.9891640543937683,0.990755021572113,1.0,0.15100540220737457,0.07688066575839628,0.5944526047603546,0.8468252410999739,0.815336797994567,-0.09843181896018244,-6.8924022390367785,0.0,0.0
958,4.825000000002094,0.9900230169296265,0.9891640543937683,0.990755021572113,1.0,0.1648031324148178,0.08017814681292253,0.5362606640677883,0.8468355057991827,0.8155792731560325,0.009491743154459251,-6.909726249606139,0.0,0.0
959,4.830000000002082,0.9900230169296265,0.9876160621643066,0.9922958612442017,0.8333333134651184,0.13745246827602386,0.0831478617098223,0.4810118252957204,0.8464505277865302,0.8155954583575139,0.0827023345085605,-6.914764734681717,0.0,0.0
960,4.83500000000207,0.9884880781173706,0.9876160621643066,0.9892141819000244,1.0,0.17102302610874176,0.08128714486616609,0.41133936379821506,0.8463385614515174,0.8156571048687089,0.16640547917390708,-6.920896915163466,0.0,0.0
961,4.840000000002059,0.9892555475234985,0.9876160621643066,0.990755021572113,0.6666666865348816,0.129388228058815,0.08820070301867858,0.24885656720886726,0.8462022907741452,0.8161230650224799,0.26234684010328085,-6.956534605815443,0.0,0.0
962,4.845000000002047,0.9892555475234985,0.99071204662323,0.9876734018325806,1.0,0.15395884215831757,0.08441870800132481,0.32935094774447266,0.8454103420929902,0.8161117010100498,0.32870618071807856,-6.958855907574208,0.0,0.0
963,4.850000000002035,0.9900230169296265,0.9876160621643066,0.9922958612442017,0.8333333134651184,0.1365303099155426,0.09193852638520407,0.2632503360951784,0.8453587576094621,0.8162655437350046,0.42485121722124003,-6.9707666109027935,0.0,0.0
964,4.855000000002024,0.9892555475234985,0.9876160621643066,0.990755021572113,0.8333333134651184,0.12930814921855927,0.0919967741350959,0.49420039970931223,0.8450940753132713,0.8166493507511091,0.5201069313894884,-6.998122996992254,0.0,0.0
965,4.860000000002012,0.9892555475234985,0.9891640543937683,0.9892141819000244,0.8333333134651184,0.13426299393177032,0.08975402969173507,0.1404677722806674,0.8444861556223944,0.8164342130674971,0.5891724154065925,-6.989393749644696,0.0,0.0
966,4.865000000002,0.9900230169296265,0.9891640543937683,0.990755021572113,1.0,0.15652623772621155,0.0900755863379032,0.45457450132648247,0.8446801388967845,0.8166782850147221,0.6778434064821245,-7.006594141886862,0.0,0.0
967,4.870000000001989,0.9915578961372375,0.9891640543937683,0.9938367009162903,0.8333333134651184,0.13522633910179138,0.09548350784400242,0.4035818265198106,0.8442979079580697,0.8168735798373493,0.7569660931598883,-7.023262613462882,0.0,0.0
968,4.875000000001977,0.9877206087112427,0.9876160621643066,0.9876734018325806,1.0,0.14567852020263672,0.09411072698699517,0.19629944194266685,0.8439274974786026,0.8171968005999731,0.8404761414334289,-7.0481575847528015,0.0,0.0
969,4.880000000001965,0.9892555475234985,0.9876160621643066,0.990755021572113,1.0,0.1788540780544281,0.09511279627859054,0.2782349584370014,0.8433742758943822,0.817389844023527,0.9175255397906221,-7.065562817663496,0.0,0.0
970,4.885000000001954,0.9900230169296265,0.9891640543937683,0.990755021572113,1.0,0.15709957480430603,0.0944452033535887,0.4260497686268864,0.8429874929408112,0.8175514456194952,0.9956518550587556,-7.077394179552672,0.0,0.0
971,4.890000000001942,0.9900230169296265,0.9876160621643066,0.9922958612442017,1.0,0.151123046875,0.09345101697368659,0.024318165981948366,0.8427245737877184,0.8177092888687448,1.0569046555061707,-7.093277278839876,0.0,0.0
972,4.8950000000019305,0.9892555475234985,0.9891640543937683,0.9892141819000244,1.0,0.15092381834983826,0.09210002209569797,0.33462749439489575,0.8423716160257806,0.8177372401926338,1.1088925355358306,-7.098633011547379,0.0,0.0
973,4.900000000001919,0.9892555475234985,0.9876160621643066,0.990755021572113,0.8333333134651184,0.1336088478565216,0.09044549053745063,0.17687547240007342,0.8422525997433916,0.8179282298278046,1.1781516952873456,-7.113211279880879,0.0,0.0
974,4.905000000001907,0.9884880781173706,0.9891640543937683,0.9876734018325806,1.0,0.11664718389511108,0.08717928064028788,0.2200089311563665,0.8419286382248694,0.817941263015306,1.2236068690608626,-7.1176668662119855,0.0,0.0
975,4.9100000000018955,0.9907904267311096,0.9876160621643066,0.9938367009162903,1.0,0.15305258333683014,0.08616266692750396,0.39784232920929347,0.8418296251952893,0.8180513168190566,1.2738168552329705,-7.127341861148811,0.0,0.0
976,4.915000000001884,0.9892555475234985,0.9876160621643066,0.990755021572113,1.0,0.12614217400550842,0.08354674624553544,0.04648924058939,0.8416146253078042,0.8182130585585364,1.3169668324359851,-7.138869785374476,0.0,0.0
977,4.920000000001872,0.9892555475234985,0.9891640543937683,0.9892141819000244,1.0,0.15916849672794342,0.08062824425982172,0.24799899171265494,0.8413584492139006,0.8183974686699181,1.3637236291533434,-7.1519700872852665,0.0,0.0
978,4.925000000001861,0.9892555475234985,0.9891640543937683,0.9892141819000244,1.0,0.1610095351934433,0.07741907295635869,0.06732473518480732,0.8410673313936607,0.8185737086822126,1.4099907468879642,-7.163960377685441,0.0,0.0
979,4.930000000001849,0.9907904267311096,0.9876160621643066,0.9938367009162903,1.0,0.15726569294929504,0.07395217932733705,0.0885132568248293,0.8408008804958791,0.8186373808197643,1.4549300835189656,-7.168532452580065,0.0,0.0
980,4.935000000001837,0.9877206087112427,0.9876160621643066,0.9876734018325806,0.8333333134651184,0.12677788734436035,0.07020190134962277,0.08755417939035023,0.8406992788315542,0.8185973046333912,1.4755366452135432,-7.1664155852222855,0.0,0.0
981,4.940000000001826,0.9892555475234985,0.9876160621643066,0.990755021572113,1.0,0.1551445871591568,0.06528973093581529,0.05804815082252707,0.8407463203283937,0.8185001950768577,1.4922838953637756,-7.160536537021638,0.0,0.0
982,4.945000000001814,0.9907904267311096,0.99071204662323,0.990755021572113,1.0,0.16702666878700256,0.062040080650471244,0.17744793766590258,0.8408769658439637,0.8184427119584524,1.509625139565981,-7.155187972742461,0.0,0.0
983,4.950000000001802,0.9900230169296265,0.9876160621643066,0.9922958612442017,1.0,0.1534360945224762,0.057614209779690125,0.15399165834569817,0.8409958228279453,0.8184767598722632,1.5127147326221708,-7.1590313857191745,0.0,0.0
984,4.955000000001791,0.9884880781173706,0.9876160621643066,0.9892141819000244,1.0,0.16156573593616486,0.052954593677219976,0.1618079508884701,0.840910413650685,0.8183658548375595,1.5156124354023766,-7.150626013375084,0.0,0.0
985,4.960000000001779,0.9892555475234985,0.9876160621643066,0.990755021572113,1.0,0.1508248746395111,0.048129017749082174,0.1916647546679249,0.8410971997027759,0.8183594205843799,1.499574891914437,-7.151407518101906,0.0,0.0
986,4.965000000001767,0.9892555475234985,0.9891640543937683,0.9892141819000244,1.0,0.16051660478115082,0.04311783403889675,0.10999267028421102,0.8410798329310687,0.8181599328126464,1.4810234656909924,-7.138353015988872,0.0,0.0
987,4.970000000001756,0.9907904267311096,0.9891640543937683,0.9922958612442017,1.0,0.15673640370368958,0.03797389311097373,0.3411319374209333,0.8413699329780251,0.817936526590491,1.4419232215660014,-7.125246140671621,0.0,0.0
988,4.975000000001744,0.9892555475234985,0.9876160621643066,0.990755021572113,0.8333333134651184,0.1428273618221283,0.03267981048098427,0.2976597055354124,0.841661196873964,0.8177613266742167,1.405998429407619,-7.114119326646799,0.0,0.0
989,4.980000000001732,0.9884880781173706,0.9876160621643066,0.9892141819000244,1.0,0.16406060755252838,0.026840789590239493,0.2835005559857035,0.841908459407849,0.8175665897073137,1.3412753703859084,-7.101826870283416,0.0,0.0
990,4.985000000001721,0.9900230169296265,0.9891640543937683,0.990755021572113,1.0,0.1603054404258728,0.021748175631481174,0.3093739803499758,0.842181625104813,0.8172544443758927,1.2739420954015477,-7.079592443142607,0.0,0.0
991,4.990000000001709,0.9907904267311096,0.9876160621643066,0.9938367009162903,1.0,0.16253237426280975,0.016158227149060195,0.19531648842568106,0.8426757234857198,0.8170192276528935,1.2468529307397764,-7.062485628740803,0.0,0.0
992,4.995000000001697,0.9884880781173706,0.9891640543937683,0.9876734018325806,1.0,0.15587034821510315,0.01049638493940332,0.04510662070440736,0.8430558749168711,0.8168089632789088,1.2127135581908235,-7.044356610763577,0.0,0.0
993,5.000000000001686,0.9892555475234985,0.9876160621643066,0.990755021572113,1.0,0.17407330870628357,0.0047944380932102544,0.4328732465076203,0.8434587419830316,0.816666703579455,1.1700869210590172,-7.030449813292269,0.0,0.0
994,5.005000000001674,0.9900230169296265,0.9891640543937683,0.990755021572113,1.0,0.16998396813869476,0.0009298348173652711,0.3172845647646777,0.8437677819268384,0.8164761273413639,1.131710422294041,-7.0117964373367085,0.0,0.0
995,5.0100000000016625,0.9907904267311096,0.9891640543937683,0.9922958612442017,1.0,0.14628896117210388,0.006657069406004759,0.27660218516295004,0.8441823013925176,0.8163433165493236,1.0792317150915656,-6.9965365401475275,0.0,0.0
996,5.015000000001651,0.9884880781173706,0.986068069934845,0.990755021572113,1.0,0.1592484414577484,0.012362477240984833,0.3923887066398679,0.8445214102189438,0.815905588255511,1.0364771049752848,-6.961683530453426,0.0,0.0
997,5.020000000001639,0.9907904267311096,0.99071204662323,0.990755021572113,1.0,0.1734132170677185,0.018041520883697648,0.28541144663873785,0.8452959215454794,0.8154426822287982,0.9852298724766155,-6.925285813537266,0.0,0.0
998,5.0250000000016275,0.9877206087112427,0.9876160621643066,0.9876734018325806,1.0,0.16006559133529663,0.023658357957337284,0.08437861997151917,0.8461047596991719,0.815282494931781,0.9288408579313487,-6.908235189089232,0.0,0.0
999,5.030000000001616,0.9915578961372375,0.9891640543937683,0.9938367009162903,0.8333333134651184,0.12438495457172394,0.029199110675283906,0.31832735669949985,0.8464836624646838,0.8152138326893094,0.8625245331981954,-6.898120524317535,0.0,0.0
1000,5.035000000001604,0.9884880781173706,0.986068069934845,0.990755021572113,0.8333333134651184,0.13570590317249298,0.03412953052928769,0.5459029348908712,0.8467084327929437,0.815132952748314,0.7935823622458531,-6.888338764813168,0.0,0.0
1001,5.0400000000015925,0.9892555475234985,0.9891640543937683,0.9892141819000244,1.0,0.16112995147705078,0.03935724605704816,0.29172499342442876,0.8469258052263741,0.815198132731239,0.71466491614752,-6.888292653460702,0.0,0.0
1002,5.045000000001581,0.9892555475234985,0.9891640543937683,0.9892141819000244,0.8333333134651184,0.17105604708194733,0.04507388993477547,0.3873158703505421,0.8469268299230954,0.8150524079371103,0.6413952881518544,-6.877749435512474,0.0,0.0
1003,5.050000000001569,0.9915578961372375,0.9891640543937683,0.9938367009162903,0.8333333134651184,0.14642471075057983,0.04765386523951778,0.26851910589731837,0.8471611236552783,0.8150113056839381,0.5736889879585204,-6.873068988703679,0.0,0.0
1004,5.055000000001558,0.9877206087112427,0.9876160621643066,0.9876734018325806,1.0,0.15562334656715393,0.051997813313674826,0.2822450624142842,0.8472651335843627,0.8147137762886482,0.5031502746315947,-6.847683668854446,0.0,0.0
1005,5.060000000001546,0.9892555475234985,0.9876160621643066,0.990755021572113,1.0,0.1540737748146057,0.05954553800984597,0.434910756805714,0.8478292518032345,0.8149947705621082,0.41464818218468785,-6.865027096990792,0.0,0.0
1006,5.065000000001534,0.9900230169296265,0.9891640543937683,0.990755021572113,1.0,0.18038210272789001,0.06392396268626675,0.3072549459230972,0.8474438422890935,0.8150543912068617,0.3367822852603127,-6.87183117068268,0.0,0.0
1007,5.070000000001523,0.9907904267311096,0.9891640543937683,0.9922958612442017,0.8333333134651184,0.13346871733665466,0.06809361262660185,0.1520512342900534,0.847292640651496,0.8150253716883364,0.25928625361822244,-6.869766978285792,0.0,0.0
1008,5.075000000001511,0.9884880781173706,0.9876160621643066,0.9892141819000244,1.0,0.17464213073253632,0.07089805402799865,0.27380924937520656,0.847338511593649,0.8148122308904321,0.17496678988217643,-6.852155387281106,0.0,0.0
1009,5.080000000001499,0.9892555475234985,0.9876160621643066,0.990755021572113,1.0,0.16225600242614746,0.07570841504079041,0.32979111545274076,0.8477298802826421,0.8151246506420492,0.0815435389631943,-6.872963441687088,0.0,0.0
1010,5.085000000001488,0.9884880781173706,0.9891640543937683,0.9876734018325806,1.0,0.1604783982038498,0.07905025889789749,0.39524869626562265,0.8472674790736203,0.8151178418017327,0.010927441825457821,-6.8787576611767856,0.0,0.0
1011,5.090000000001476,0.9907904267311096,0.9876160621643066,0.9938367009162903,1.0,0.2057403326034546,0.08216180143518749,0.6646168259915514,0.8471387186405159,0.8152808033100013,-0.08104469267836063,-6.892010317766786,0.0,0.0
1012,5.095000000001464,0.9900230169296265,0.9891640543937683,0.990755021572113,0.8333333134651184,0.1740919053554535,0.08494993093933677,0.4830992248714999,0.846844215160738,0.8153841604087417,-0.16610723767683785,-6.902769357187075,0.0,0.0
1013,5.100000000001453,0.9884880781173706,0.9876160621643066,0.9892141819000244,1.0,0.14901113510131836,0.0861778500118067,0.23441508260740215,0.8466051253958428,0.815624957693839,-0.25842804638029465,-6.919039642057447,0.0,0.0
1014,5.105000000001441,0.9892555475234985,0.9891640543937683,0.9892141819000244,1.0,0.15783056616783142,0.08956778380155972,0.36121827840816817,0.8462435635098345,0.8156938096976856,-0.3445381196590187,-6.92576828513337,0.0,0.0
1015,5.110000000001429,0.9907904267311096,0.9876160621643066,0.9938367009162903,1.0,0.1701783686876297,0.09143486002227198,0.32300733147762734,0.8460940381081473,0.8158052158608129,-0.4258921472581463,-6.940022422586192,0.0,0.0
1016,5.115000000001418,0.9877206087112427,0.9876160621643066,0.9876734018325806,1.0,0.15912321209907532,0.09291411375222437,0.5319382517597959,0.8457772794980847,0.8158766128117316,-0.5048046348684849,-6.946636355025959,0.0,0.0
1017,5.120000000001406,0.9900230169296265,0.9891640543937683,0.990755021572113,1.0,0.16637280583381653,0.09410960590441357,0.46134088366945997,0.8456303032216453,0.8161385174095819,-0.598996529326745,-6.9668673888938715,0.0,0.0
1018,5.125000000001394,0.9900230169296265,0.9891640543937683,0.990755021572113,1.0,0.1742444485425949,0.0949303710317044,0.23974849667598994,0.8451807246912473,0.8163252656532004,-0.6743803996449336,-6.9855482172558485,0.0,0.0
1019,5.130000000001383,0.9892555475234985,0.9876160621643066,0.990755021572113,1.0,0.15608224272727966,0.09540122557810482,0.467987143804444,0.8447655951720923,0.8165391702858863,-0.7579992568208966,-7.001999996629315,0.0,0.0
1020,5.135000000001371,0.9892555475234985,0.9876160621643066,0.990755021572113,0.8333333134651184,0.162013441324234,0.09553476118814123,0.3991908896117692,0.8444000000749041,0.8167776311398045,-0.8372135345666853,-7.023829373232737,0.0,0.0
1021,5.1400000000013595,0.9892555475234985,0.9876160621643066,0.990755021572113,1.0,0.16685275733470917,0.09396017025529954,0.313119295594084,0.8439149028170503,0.817046855106689,-0.9242898280403918,-7.043333842210153,0.0,0.0
1022,5.145000000001348,0.9892555475234985,0.99071204662323,0.9876734018325806,1.0,0.15693345665931702,0.0947531132870775,0.2048082245047595,0.8434814701731077,0.8171726250029504,-0.9856160136549572,-7.056778291983536,0.0,0.0
1023,5.150000000001336,0.9907904267311096,0.9876160621643066,0.9938367009162903,0.8333333134651184,0.14931204915046692,0.09388727566616302,0.23775919962485195,0.8431827046225882,0.8172774930279967,-1.0434709841741718,-7.0681800633354595,0.0,0.0
1024,5.1550000000013245,0.9892555475234985,0.9876160621643066,0.990755021572113,0.8333333134651184,0.13080838322639465,0.09135304444694547,0.5862039909205687,0.8429293319258787,0.8176359195564356,-1.116573103904942,-7.092410548093628,0.0,0.0
1025,5.160000000001313,0.9892555475234985,0.9891640543937683,0.9892141819000244,1.0,0.1615053117275238,0.08627944817497599,0.4897856021753359,0.8423908767090305,0.8176643864172666,-1.1734888239154984,-7.0971332575446855,0.0,0.0
1026,5.165000000001301,0.9884880781173706,0.9876160621643066,0.9892141819000244,1.0,0.14881864190101624,0.08921458325746086,0.25439638986531143,0.8422859276101181,0.8179013825333549,-1.2404818750917779,-7.114579269673424,0.0,0.0
1027,5.17000000000129,0.9923253655433655,0.99071204662323,0.9938367009162903,1.0,0.14631535112857819,0.08704161079487512,0.3708618913179558,0.8418982384517016,0.8180513452060357,-1.2979139021061854,-7.125801464048561,0.0,0.0
1028,5.175000000001278,0.9869531393051147,0.986068069934845,0.9876734018325806,0.8333333134651184,0.14280325174331665,0.0845024849258008,0.2210587158718447,0.8416488563544764,0.8180037043049744,-1.3303111251761928,-7.128544290400321,0.0,0.0
1029,5.180000000001266,0.9900230169296265,0.9891640543937683,0.990755021572113,0.8333333134651184,0.1438589245080948,0.08056196454713269,0.19163997473135413,0.8415879046577707,0.8181400555322041,-1.3742237257245289,-7.139365725709432,0.0,0.0
1030,5.185000000001255,0.9892555475234985,0.9876160621643066,0.990755021572113,1.0,0.15923452377319336,0.07479480822237469,0.4822884601080693,0.8413474283175681,0.818206378865821,-1.4047581490483707,-7.145966509969086,0.0,0.0
1031,5.190000000001243,0.9907904267311096,0.9891640543937683,0.9922958612442017,1.0,0.15368691086769104,0.07525996321833535,0.06234492005962757,0.8412007442229092,0.8183017173086377,-1.4408960426768227,-7.153220708311951,0.0,0.0
1032,5.195000000001231,0.9884880781173706,0.9876160621643066,0.9892141819000244,1.0,0.15662775933742523,0.07160455860678684,0.23664961906939883,0.84103953981529,0.8181732372216101,-1.472163117106083,-7.1432052624430025,0.0,0.0
1033,5.20000000000122,0.9900230169296265,0.9891640543937683,0.990755021572113,1.0,0.15147973597049713,0.06774100618312588,0.13446663717125582,0.8412621052790443,0.818181710896966,-1.487730270650328,-7.145278850617838,0.0,0.0
1034,5.205000000001208,0.9877206087112427,0.9876160621643066,0.9876734018325806,1.0,0.16141122579574585,0.06359027795724281,0.13644505018613703,0.8412160255418258,0.8180721840312136,-1.5072443256404169,-7.137360959563118,0.0,0.0
1035,5.210000000001196,0.9907904267311096,0.9891640543937683,0.9922958612442017,1.0,0.150108203291893,0.05925565944021312,0.13440340509078985,0.8413919786763752,0.8181450596094988,-1.5148143107254133,-7.14259487030726,0.0,0.0
1036,5.215000000001185,0.9884880781173706,0.986068069934845,0.990755021572113,1.0,0.15798678994178772,0.05466583883647229,0.060648386871572584,0.8412756695487276,0.818043184457121,-1.518864480008854,-7.136233459019868,0.0,0.0
1037,5.220000000001173,0.9900230169296265,0.99071204662323,0.9892141819000244,1.0,0.16087326407432556,0.04990931076248688,0.12582860765811402,0.8414170342440029,0.8179736138314444,-1.5138532053072355,-7.131027580012295,0.0,0.0
1038,5.225000000001161,0.9884880781173706,0.9876160621643066,0.9892141819000244,1.0,0.15505069494247437,0.04495882877716445,0.17212042938603547,0.8415327204441713,0.8178736914076306,-1.492704031834262,-7.125865527890235,0.0,0.0
1039,5.23000000000115,0.9915578961372375,0.9891640543937683,0.9938367009162903,1.0,0.15985319018363953,0.039863527665880305,0.17294293019001813,0.8416474327135504,0.8176580708600174,-1.4699583994571546,-7.110472044658136,0.0,0.0
1040,5.235000000001138,0.9877206087112427,0.9876160621643066,0.9876734018325806,1.0,0.15298035740852356,0.03461005917705111,0.10715505836741607,0.841989510118708,0.8174309513500395,-1.427730348713868,-7.095904413458952,0.0,0.0
1041,5.240000000001126,0.9892555475234985,0.9876160621643066,0.990755021572113,0.8333333134651184,0.1354231983423233,0.029237225626743826,0.19512375190198641,0.8423132352564677,0.8172450817598933,-1.3771506694031894,-7.086073592281951,0.0,0.0
1042,5.245000000001115,0.9907904267311096,0.99071204662323,0.990755021572113,1.0,0.15907031297683716,0.02250352638129519,0.03182424051597075,0.84253169794929,0.8170031403519391,-1.3345270827431812,-7.066396864380225,0.0,0.0
1043,5.250000000001103,0.9892555475234985,0.9876160621643066,0.990755021572113,0.8333333134651184,0.13011237978935242,0.018186696433341556,0.10584994915926417,0.8429689585693283,0.8167783058974326,-1.3046579146525592,-7.04856914592582,0.0,0.0
1044,5.2550000000010915,0.9892555475234985,0.9876160621643066,0.990755021572113,1.0,0.15819665789604187,0.012367094964470996,0.210776273795311,0.8433651300905374,0.8165319332927385,-1.269294549721941,-7.028217811879874,0.0,0.0
1045,5.26000000000108,0.9892555475234985,0.9876160621643066,0.990755021572113,1.0,0.15965567529201508,0.006853785405485792,0.28006947909249147,0.843817381958225,0.8162504590604005,-1.2335412400603336,-7.0048790779729,0.0,0.0
1046,5.265000000001068,0.9884880781173706,0.9891640543937683,0.9876734018325806,0.8333333134651184,0.12760327756404877,0.0011321255818794059,0.09209264724275468,0.8443360204894911,0.8161254340970552,-1.1942873665266585,-6.990658705474484,0.0,0.0
1047,5.2700000000010565,0.9915578961372375,0.9891640543937683,0.9938367009162903,1.0,0.12679162621498108,0.004529356179879575,0.30121771836464306,0.8446520287672337,0.8160477042963705,-1.142810214993772,-6.982040790356804,0.0,0.0
1048,5.275000000001045,0.9892555475234985,0.9876160621643066,0.990755021572113,0.8333333134651184,0.14394402503967285,0.010318648354169412,0.40590923921897915,0.844843537992071,0.8158443596304882,-1.0896473455581883,-6.9628923370101985,0.0,0.0
1049,5.280000000001033,0.9884880781173706,0.9876160621643066,0.9892141819000244,1.0,0.1619415283203125,0.01577727906630185,0.3952556218376013,0.8452690591775511,0.8158146094841935,-1.030783087110223,-6.95354673920305,0.0,0.0
1050,5.2850000000010215,0.9900230169296265,0.9891640543937683,0.990755021572113,1.0,0.1532658040523529,0.02163673661779272,0.14404473199251494,0.8454767391288212,0.8157864299633815,-0.9760961712530878,-6.948467950451984,0.0,0.0
1051,5.29000000000101,0.9907904267311096,0.9876160621643066,0.9938367009162903,1.0,0.15516971051692963,0.027193979775552816,0.27529302052206495,0.8455896011010671,0.815663603507772,-0.9035822352059941,-6.933377751917394,0.0,0.0
1052,5.295000000000998,0.9884880781173706,0.9891640543937683,0.9876734018325806,1.0,0.16681025922298431,0.03265383877282463,0.3933444160187767,0.8459249388462802,0.815577500032825,-0.8424807786599503,-6.925752968766276,0.0,0.0
1053,5.300000000000987,0.9892555475234985,0.9876160621643066,0.990755021572113,1.0,0.17194175720214844,0.037996562173337425,0.2018691578156095,0.8460943784718605,0.8155287105146924,-0.7745813410350891,-6.91951092271637,0.0,0.0
1054,5.305000000000975,0.9900230169296265,0.9891640543937683,0.990755021572113,1.0,0.16808606684207916,0.04320734449553299,0.45507960364526695,0.8462330906063029,0.8152887021899148,-0.7034646963352219,-6.897743990663952,0.0,0.0
1055,5.310000000000963,0.9907904267311096,0.9891640543937683,0.9922958612442017,0.8333333134651184,0.1233423724770546,0.04828906319559686,0.45416474747166785,0.8467168002074678,0.8152265970782419,-0.6259656769757029,-6.888829567569634,0.0,0.0
1056,5.315000000000952,0.9877206087112427,0.986068069934845,0.9892141819000244,1.0,0.14787651598453522,0.05240718926763612,0.2445707722819984,0.8469148984984526,0.8152597299873852,-0.5591101340982051,-6.892742025087792,0.0,0.0
1057,5.32000000000094,0.9907904267311096,0.99071204662323,0.990755021572113,1.0,0.15530171990394592,0.05785209898450264,0.43705987721362083,0.8468279549980491,0.8152200181633771,-0.47672314394678683,-6.885987838613217,0.0,0.0
1058,5.325000000000928,0.9877206087112427,0.9876160621643066,0.9876734018325806,1.0,0.1656472086906433,0.062323528148443205,0.39179866579320205,0.8469780480308173,0.8153765612653519,-0.39474695788361597,-6.8975049780052125,0.0,0.0
1059,5.330000000000917,0.9915578961372375,0.9891640543937683,0.9938367009162903,1.0,0.16356493532657623,0.06657595213527599,0.37516473879779777,0.8467221115998842,0.8152706650127174,-0.31994176093475585,-6.8893720397552904,0.0,0.0
1060,5.335000000000905,0.9884880781173706,0.986068069934845,0.990755021572113,0.8333333134651184,0.16060291230678558,0.0705920086577207,0.5448615008497933,0.8469028435609935,0.8153724037115375,-0.21728486772055358,-6.8965645250131455,0.0,0.0
1061,5.340000000000893,0.9892555475234985,0.9891640543937683,0.9892141819000244,1.0,0.1447618156671524,0.07327758635914576,0.45304151221506156,0.8467430105552635,0.8152439207806303,-0.14187500533390646,-6.887648564898422,0.0,0.0
1062,5.345000000000882,0.9892555475234985,0.9891640543937683,0.9892141819000244,1.0,0.1731051504611969,0.07784041874611414,0.4651099202031503,0.8469411430022573,0.8154021432133747,-0.034407057091428085,-6.898165837652613,0.0,0.0
1063,5.35000000000087,0.9915578961372375,0.9891640543937683,0.9938367009162903,1.0,0.17639631032943726,0.0810525056957407,0.5141572450669575,0.846707425829942,0.8155592517288307,0.05986262674917725,-6.913611816080402,0.0,0.0
1064,5.355000000000858,0.9877206087112427,0.9876160621643066,0.9876734018325806,1.0,0.16738630831241608,0.0839137898135721,0.46220885211965546,0.8463641818648799,0.8156909351073846,0.14184065816155678,-6.921928867667023,0.0,0.0
1065,5.360000000000847,0.9892555475234985,0.9876160621643066,0.990755021572113,1.0,0.15684011578559875,0.08650845183212125,0.270070675650881,0.8461793584962883,0.8160292396874389,0.22451363599372526,-6.950394574807228,0.0,0.0
1066,5.365000000000835,0.9900230169296265,0.9891640543937683,0.990755021572113,1.0,0.1621900498867035,0.08875284679238758,0.42414120235602837,0.8455467872265061,0.8160183585977616,0.3074542183818711,-6.951923827918791,0.0,0.0
1067,5.3700000000008234,0.9900230169296265,0.9891640543937683,0.990755021572113,1.0,0.16346432268619537,0.09073767593636772,0.33563852268487554,0.8455128038240268,0.8161595595027727,0.42198848990691645,-6.963162628723693,0.0,0.0
1068,5.375000000000812,0.9892555475234985,0.9876160621643066,0.990755021572113,1.0,0.1811831146478653,0.09236196492303751,0.3698254309420007,0.8452630526950291,0.8160246869434653,0.48758434380078014,-6.963205507227576,0.0,0.0
1069,5.3800000000008,0.9892555475234985,0.9876160621643066,0.990755021572113,1.0,0.14796100556850433,0.09368127106594143,0.27978092965527607,0.8452620998393872,0.8162194464132514,0.5599925049130371,-6.975838764168406,0.0,0.0
1070,5.3850000000007885,0.9884880781173706,0.9891640543937683,0.9876734018325806,0.8333333134651184,0.15909643471240997,0.0946224276705313,0.12179256384620075,0.8449813607962576,0.8162388637183946,0.6486639988285907,-6.979085525068817,0.0,0.0
1071,5.390000000000777,0.9907904267311096,0.9876160621643066,0.9938367009162903,1.0,0.15180739760398865,0.09381017746695985,0.43045719257379783,0.8449092105540263,0.8165667033725136,0.73747435239563,-7.003832911577238,0.0,0.0
1072,5.395000000000765,0.9900230169296265,0.9891640543937683,0.990755021572113,1.0,0.17549538612365723,0.09552371245815437,0.12649110791622334,0.8443592686316169,0.8167676601278501,0.8145351875511361,-7.0227937839748655,0.0,0.0
1073,5.4000000000007535,0.9884880781173706,0.9876160621643066,0.9892141819000244,1.0,0.15307122468948364,0.09541876625443464,0.37361838706901196,0.8439379159116697,0.817051937240258,0.889670767831343,-7.0432246191565975,0.0,0.0
1074,5.405000000000742,0.9892555475234985,0.9891640543937683,0.9892141819000244,0.8333333134651184,0.15495243668556213,0.09497956703132543,0.4468644471183115,0.8434838973520756,0.8171759170874217,0.9724353643282748,-7.055556406114477,0.0,0.0
1075,5.41000000000073,0.9907904267311096,0.9876160621643066,0.9938367009162903,1.0,0.15403862297534943,0.09278743828433822,0.12646152497496765,0.8432098576419005,0.8174494914685789,1.0529673268777753,-7.078987086999752,0.0,0.0
1076,5.415000000000719,0.9877206087112427,0.9876160621643066,0.9876734018325806,0.8333333134651184,0.13002702593803406,0.09309152723255376,0.31001479438916063,0.8426891758444499,0.8176703450800888,1.1333638714339944,-7.093338353936467,0.0,0.0
1077,5.420000000000707,0.9900230169296265,0.9891640543937683,0.990755021572113,0.8333333134651184,0.13204914331436157,0.09036278907284252,0.44571035205426873,0.8423702588014119,0.8179810800885094,1.2008004212407801,-7.116361232695037,0.0,0.0
1078,5.425000000000695,0.9900230169296265,0.9891640543937683,0.990755021572113,1.0,0.16536010801792145,0.08513628877908051,0.39067760099758136,0.8418586392734436,0.8180126264115279,1.2509035114184215,-7.120163611543278,0.0,0.0
1079,5.430000000000684,0.9900230169296265,0.9876160621643066,0.9922958612442017,1.0,0.149451345205307,0.08783275647931299,0.10234268077135023,0.841774141965705,0.8183363585694025,1.312604663337026,-7.142493113867082,0.0,0.0
1080,5.435000000000672,0.9884880781173706,0.9876160621643066,0.9892141819000244,1.0,0.15625886619091034,0.0854007060652281,0.2671184264597172,0.8412779308029538,0.8183167901754579,1.3447456335262953,-7.144666388957041,0.0,0.0
1081,5.44000000000066,0.9892555475234985,0.9876160621643066,0.990755021572113,0.8333333134651184,0.14815753698349,0.0827203219892231,0.14744722766792867,0.8412296358009547,0.8183711794806469,1.3796372043103962,-7.152331393176199,0.0,0.0
1082,5.445000000000649,0.9892555475234985,0.99071204662323,0.9876734018325806,0.8333333134651184,0.14406231045722961,0.07859806716126702,0.14165844278394119,0.8410593023738622,0.8185606611614835,1.4245963913166113,-7.164174545467257,0.0,0.0
1083,5.450000000000637,0.9900230169296265,0.9876160621643066,0.9922958612442017,1.0,0.1593003123998642,0.07274534133214969,0.4706922825158191,0.8407961212118387,0.8186030384156622,1.4476546039200697,-7.1699693674627145,0.0,0.0
1084,5.455000000000625,0.9892555475234985,0.9876160621643066,0.990755021572113,1.0,0.16692987084388733,0.0729106767284068,0.10591114385130061,0.8406673473897175,0.8187775941460721,1.486207195791682,-7.181693311632598,0.0,0.0
1085,5.460000000000614,0.9892555475234985,0.9891640543937683,0.9892141819000244,1.0,0.16385187208652496,0.06909337861207376,0.17510284107926138,0.8404068152970534,0.818874369691605,1.513467529397465,-7.186626391539817,0.0,0.0
1086,5.465000000000602,0.9892555475234985,0.9891640543937683,0.9892141819000244,1.0,0.16472071409225464,0.06504211370193896,0.07460909881536405,0.8402971912991152,0.8189641538789677,1.536432080231401,-7.192483597403631,0.0,0.0
1087,5.47000000000059,0.9915578961372375,0.9891640543937683,0.9938367009162903,1.0,0.1548943817615509,0.060775848635128284,0.28610866245027866,0.8401670311688082,0.8189625876595625,1.5455341612141877,-7.191636685998435,0.0,0.0
1088,5.475000000000579,0.9877206087112427,0.9876160621643066,0.9876734018325806,1.0,0.15692630410194397,0.05626715968868845,0.18233164880920708,0.840185851422257,0.8189351726752164,1.5436988963510314,-7.190714326549249,0.0,0.0
1089,5.480000000000567,0.9892555475234985,0.9876160621643066,0.990755021572113,1.0,0.16884303092956543,0.051572119871325685,0.08135777998270488,0.8402063482989055,0.8188557159060086,1.535475021609205,-7.186046599804667,0.0,0.0
1090,5.485000000000555,0.9900230169296265,0.9891640543937683,0.990755021572113,1.0,0.15380293130874634,0.04670085663879164,0.25937944691808623,0.8403100755598962,0.8188208769065206,1.5125128914707864,-7.183315380912292,0.0,0.0
1091,5.490000000000544,0.9900230169296265,0.9876160621643066,0.9922958612442017,1.0,0.16394248604774475,0.0416567487430605,0.2800010573927645,0.8403707693130602,0.8186081367483627,1.4852244915536292,-7.170241311394096,0.0,0.0
1092,5.495000000000532,0.9892555475234985,0.9891640543937683,0.9892141819000244,0.8333333134651184,0.16759219765663147,0.03646670042381397,0.34249189204700153,0.8406613041912423,0.8184002748267801,1.444194409394545,-7.15874010745352,0.0,0.0
1093,5.5000000000005205,0.9892555475234985,0.9876160621643066,0.990755021572113,1.0,0.16851674020290375,0.029495010326509218,0.37124277319413507,0.8409168865010329,0.8181961838344467,1.3904961247812202,-7.142213818744646,0.0,0.0
1094,5.505000000000509,0.9884880781173706,0.9891640543937683,0.9876734018325806,1.0,0.1553550660610199,0.02570200278300913,0.2930629296274815,0.8412841373612301,0.8180189639285811,1.3360084430580184,-7.1320075643820084,0.0,0.0
1095,5.510000000000497,0.9907904267311096,0.9876160621643066,0.9938367009162903,1.0,0.15867257118225098,0.020170360256300982,0.015609015407313145,0.8415109430137331,0.8177424193713246,1.2720174046211687,-7.114670468029301,0.0,0.0
1096,5.5150000000004855,0.9892555475234985,0.9876160621643066,0.990755021572113,1.0,0.15528827905654907,0.014559899784378116,0.08219890400994075,0.8418962118215711,0.8174547719770174,1.2493304488681716,-7.090495673744428,0.0,0.0
1097,5.520000000000474,0.9892555475234985,0.9891640543937683,0.9892141819000244,0.8333333134651184,0.12557855248451233,0.008893994726361203,0.22155628107917344,0.842433429472346,0.8171930668764777,1.2155799422066627,-7.069367684960584,0.0,0.0
1098,5.525000000000462,0.9892555475234985,0.9891640543937683,0.9892141819000244,0.8333333134651184,0.1602093130350113,0.0030342175707111143,0.3820883478474947,0.8429029403342092,0.8167961567680299,1.1808340462678735,-7.038691902281768,0.0,0.0
1099,5.5300000000004506,0.9907904267311096,0.9876160621643066,0.9938367009162903,1.0,0.15779657661914825,0.002495365187179184,0.3046077402295897,0.8435846243937385,0.8167278354146665,1.1361228358029705,-7.02825675524634,0.0,0.0
1100,5.535000000000439,0.9877206087112427,0.9876160621643066,0.9876734018325806,1.0,0.16319485008716583,0.008252155450844855,0.1807383391098016,0.8438165165500813,0.8164351513766395,1.0944021944743085,-7.003675144159322,0.0,0.0
1101,5.540000000000427,0.9892555475234985,0.9876160621643066,0.990755021572113,1.0,0.17230196297168732,0.013948954538903179,0.23828972680888802,0.8443627745742373,0.8162761251463407,1.0397515926864935,-6.989095029093935,0.0,0.0
1102,5.545000000000416,0.9907904267311096,0.99071204662323,0.990755021572113,1.0,0.16844558715820312,0.01960177907596437,0.378862241432798,0.8446867771312458,0.8157930171079201,0.99421249322882,-6.951067187415336,0.0,0.0
1103,5.550000000000404,0.9900230169296265,0.9876160621643066,0.9922958612442017,1.0,0.17223843932151794,0.025202383191607915,0.3704823018616272,0.8455318402796592,0.8154299685277154,0.9358036648525021,-6.91924931797374,0.0,0.0
1104,5.555000000000392,0.9884880781173706,0.9876160621643066,0.9892141819000244,1.0,0.16843964159488678,0.030712477793055342,0.4206416037347822,0.846238904045028,0.8152342188182637,0.8741151613305547,-6.902195522917586,0.0,0.0
1105,5.560000000000381,0.9892555475234985,0.9876160621643066,0.990755021572113,1.0,0.1466955691576004,0.03611015345515269,0.45114798799009936,0.846617877268498,0.8151158902262146,0.8095539610235977,-6.887707939620163,0.0,0.0
1106,5.565000000000369,0.9884880781173706,0.9891640543937683,0.9876734018325806,0.8333333134651184,0.14797616004943848,0.04137587257739559,0.27374357344106465,0.8469398235639964,0.8151469598300605,0.7415271821210786,-6.888819756765016,0.0,0.0
1107,5.570000000000357,0.9915578961372375,0.9891640543937683,0.9938367009162903,0.6666666865348816,0.12347094714641571,0.044043067578380155,0.16252683681310642,0.846915116516333,0.815032179765984,0.6747349056663071,-6.878139922987797,0.0,0.0
1108,5.575000000000346,0.9892555475234985,0.9876160621643066,0.990755021572113,1.0,0.16165274381637573,0.049851352368737466,0.33467277476795854,0.8471524461558267,0.8151321164298094,0.5868312078955645,-6.882636286837867,0.0,0.0
1109,5.580000000000334,0.9884880781173706,0.9876160621643066,0.9892141819000244,1.0,0.15101298689842224,0.05619109169318116,0.1923780545650509,0.8470525269591586,0.814979100530353,0.5221376021083937,-6.870136809231244,0.0,0.0
1110,5.585000000000322,0.9900230169296265,0.9891640543937683,0.990755021572113,0.8333333134651184,0.1423465609550476,0.060770071551760146,0.1244141199875045,0.8473302931281945,0.8147812523030474,0.4433712917539104,-6.854436453192641,0.0,0.0
1111,5.590000000000311,0.9907904267311096,0.9876160621643066,0.9938367009162903,1.0,0.1520489752292633,0.061974301914265846,0.5669853106605116,0.8476791899290524,0.8147517991426015,0.35344614012275277,-6.849232165944697,0.0,0.0
1112,5.595000000000299,0.9884880781173706,0.9891640543937683,0.9876734018325806,0.8333333134651184,0.13206562399864197,0.06924771988778307,0.22874256179653707,0.8477948407567846,0.8147995565024516,0.2795145702276858,-6.85440811288469,0.0,0.0
1113,5.600000000000287,0.9892555475234985,0.9876160621643066,0.990755021572113,1.0,0.14941655099391937,0.06953555250136259,0.26030224516288786,0.8476798197136736,0.8148236464089584,0.1994825871221599,-6.857799434621503,0.0,0.0
1114,5.605000000000276,0.9900230169296265,0.9891640543937683,0.990755021572113,0.8333333134651184,0.13318851590156555,0.07668189681987045,0.45903671525042017,0.847604457008411,0.8149269698385714,0.09986807957764121,-6.862772618041121,0.0,0.0
1115,5.610000000000264,0.9907904267311096,0.9891640543937683,0.9922958612442017,1.0,0.15302976965904236,0.07610825214709624,0.19098655778306378,0.8474939418213084,0.815049636720595,0.0039202360298023105,-6.875293264703758,0.0,0.0
1116,5.6150000000002525,0.9884880781173706,0.986068069934845,0.990755021572113,0.8333333134651184,0.13285930454730988,0.08298617009003667,0.45900105350591824,0.8472157052288054,0.8152419580487993,-0.09270863874763265,-6.888085770155649,0.0,0.0
1117,5.620000000000241,0.9907904267311096,0.99071204662323,0.990755021572113,0.8333333134651184,0.13508543372154236,0.0815307909427856,0.30251505211508,0.8469314273298745,0.8154206907562236,-0.1927892421539375,-6.90355851830638,0.0,0.0
1118,5.625000000000229,0.9877206087112427,0.9876160621643066,0.9876734018325806,0.8333333134651184,0.16150197386741638,0.08377683818020767,0.2557625518034859,0.8465875884820804,0.8155241986351569,-0.28333156071631743,-6.9189673407357155,0.0,0.0
1119,5.6300000000002175,0.9915578961372375,0.9891640543937683,0.9938367009162903,0.8333333134651184,0.14313560724258423,0.08539309546026734,0.3781769271713898,0.846245170205873,0.815532550776025,-0.3533075386767586,-6.92004592234745,0.0,0.0
1120,5.635000000000206,0.9884880781173706,0.986068069934845,0.990755021572113,1.0,0.1868433654308319,0.09048507595309663,0.5440294823095789,0.8462212017256122,0.8157207285420236,-0.4385196159514861,-6.93644576798246,0.0,0.0
1121,5.640000000000194,0.9892555475234985,0.9891640543937683,0.9892141819000244,1.0,0.10748785734176636,0.09330668233591688,0.5170796469865574,0.8458567607115008,0.8159078397516969,-0.5128705304502175,-6.952948276761237,0.0,0.0
1122,5.6450000000001825,0.9892555475234985,0.9891640543937683,0.9892141819000244,1.0,0.157566100358963,0.09437132523431863,0.2136911219685473,0.8454900382941948,0.8160678982438176,-0.6013088874867147,-6.966657763249324,0.0,0.0
1123,5.650000000000171,0.9915578961372375,0.9891640543937683,0.9938367009162903,1.0,0.13450303673744202,0.09513142940426303,0.3238153268690167,0.8451853830389039,0.8162283159549478,-0.6706830502733929,-6.982058984933552,0.0,0.0
1124,5.655000000000159,0.9877206087112427,0.9876160621643066,0.9876734018325806,1.0,0.20423300564289093,0.09549141186436859,0.40145340162780274,0.8448431336681432,0.8164846047218901,-0.7496054606967554,-7.004568582193066,0.0,0.0
1125,5.660000000000148,0.9892555475234985,0.9876160621643066,0.990755021572113,1.0,0.14056409895420074,0.09551397346995577,0.13621829400337376,0.8443429203957096,0.8167816818581497,-0.8465957743666692,-7.023839843983513,0.0,0.0
1126,5.665000000000136,0.9900230169296265,0.9891640543937683,0.990755021572113,0.8333333134651184,0.1521720290184021,0.09521150394729981,0.28592593820394135,0.8439146701336997,0.8169827020018143,-0.9092787684469897,-7.042994747255731,0.0,0.0
1127,5.670000000000124,0.9907904267311096,0.9891640543937683,0.9922958612442017,1.0,0.1570115089416504,0.08958538423477849,0.3791929504727516,0.8434890056165393,0.8172780939728167,-0.9893746464356011,-7.062241989017241,0.0,0.0
1128,5.675000000000113,0.9884880781173706,0.9876160621643066,0.9892141819000244,1.0,0.1508287489414215,0.0935665589429286,0.056194569790186215,0.8430612891329502,0.8174796533861348,-1.0548453059710747,-7.079395762235118,0.0,0.0
1129,5.680000000000101,0.9892555475234985,0.9876160621643066,0.990755021572113,1.0,0.15851297974586487,0.09224047692169068,0.316525278579187,0.842680094172553,0.8176737070333077,-1.1196886019436525,-7.095450557627616,0.0,0.0
1130,5.685000000000089,0.9884880781173706,0.9891640543937683,0.9876734018325806,1.0,0.17662954330444336,0.09057857840378002,0.3037046942676534,0.8423233209416086,0.817839561294041,-1.1778142675417054,-7.109540099136174,0.0,0.0
1131,5.690000000000078,0.9907904267311096,0.9876160621643066,0.9938367009162903,1.0,0.16935381293296814,0.08862549378075754,0.23262980242435935,0.8420102200191961,0.8180796748052893,-1.2459730524930843,-7.12831500041586,0.0,0.0
1132,5.695000000000066,0.9900230169296265,0.9891640543937683,0.990755021572113,1.0,0.1582964062690735,0.08633197877288787,0.28189664653418733,0.8415929999907587,0.8180405272878224,-1.276288927587555,-7.129368463407538,0.0,0.0
1133,5.700000000000054,0.9884880781173706,0.9876160621643066,0.9892141819000244,1.0,0.17507147789001465,0.08375089605119122,0.03555322690523207,0.8415695897020548,0.8182263897883413,-1.3240614553844299,-7.144705626194826,0.0,0.0
1134,5.705000000000043,0.9892555475234985,0.9891640543937683,0.9892141819000244,1.0,0.15998385846614838,0.08084988859663855,0.30451819426924737,0.8412287638623372,0.8182955013842078,-1.3597915251163315,-7.150396809905059,0.0,0.0
1135,5.710000000000031,0.9907904267311096,0.9876160621643066,0.9938367009162903,0.8333333134651184,0.12772336602210999,0.07769566151017256,0.14291614797897717,0.8411022931132209,0.8184497421240707,-1.4138770433420096,-7.161296414366382,0.0,0.0
1136,5.715000000000019,0.9877206087112427,0.9876160621643066,0.9876734018325806,1.0,0.15441536903381348,0.0731666284189814,0.013127824149869799,0.840860079680747,0.8182715088069974,-1.4432732630387861,-7.150082040462055,0.0,0.0
1137,5.720000000000008,0.9900230169296265,0.9891640543937683,0.990755021572113,1.0,0.16584351658821106,0.07054570221863377,0.21628296982741735,0.8411092879897322,0.8181279281636643,-1.4718417563387933,-7.139116509007197,0.0,0.0
1138,5.724999999999996,0.9900230169296265,0.9891640543937683,0.990755021572113,1.0,0.1526065468788147,0.06661357474250829,0.1277504219855663,0.8413529664665067,0.8180792748657997,-1.4845799093086827,-7.137565502587429,0.0,0.0
1139,5.729999999999984,0.9892555475234985,0.9876160621643066,0.990755021572113,1.0,0.15987077355384827,0.062415643767978174,0.18452020836004138,0.8413874332758349,0.8179559795265968,-1.5010459002322019,-7.128156875326736,0.0,0.0
1140,5.734999999999973,0.9892555475234985,0.9876160621643066,0.990755021572113,1.0,0.15085068345069885,0.058005598238522894,0.16214592537311903,0.8415965138816281,0.8180096923841158,-1.5041238811878535,-7.132510171407843,0.0,0.0
1141,5.739999999999961,0.9892555475234985,0.9876160621643066,0.990755021572113,1.0,0.15986981987953186,0.05336580031599192,0.06587164725491666,0.8414997739687146,0.8179176738792036,-1.5081500843947213,-7.126171301963169,0.0,0.0
1142,5.7449999999999495,0.9892555475234985,0.99071204662323,0.9876734018325806,0.8333333134651184,0.1292687952518463,0.04854974097303004,0.014419572256818466,0.8416406377341518,0.8179055276496053,-1.499226739573663,-7.125478083444248,0.0,0.0
1143,5.749999999999938,0.9907904267311096,0.9876160621643066,0.9938367009162903,1.0,0.15700744092464447,0.0429415232069048,0.13904885437901723,0.8416560425901278,0.8177766132361777,-1.4799392847633228,-7.117507792381262,0.0,0.0
1144,5.754999999999926,0.9892555475234985,0.9876160621643066,0.990755021572113,0.8333333134651184,0.1348217874765396,0.0384083210836698,0.07845077244387245,0.8418331601693053,0.81758771124997,-1.4509360072148236,-7.105912563293422,0.0,0.0
1145,5.7599999999999145,0.9892555475234985,0.9891640543937683,0.9892141819000244,1.0,0.15515407919883728,0.0326514735239703,0.3121547866415264,0.8420908319268128,0.8174326829822386,-1.404888109559049,-7.0951059620792085,0.0,0.0
1146,5.764999999999903,0.9892555475234985,0.9876160621643066,0.990755021572113,0.8333333134651184,0.14250068366527557,0.027711583988225,0.12190116505990622,0.842330978620462,0.8172384936285355,-1.3501859334202333,-7.082904142655868,0.0,0.0
1147,5.769999999999891,0.9923253655433655,0.99071204662323,0.9938367009162903,1.0,0.1578696072101593,0.02103781385661045,0.26961304466303965,0.842602130163203,0.8169459564296943,-1.2864585682571537,-7.0615925143858105,0.0,0.0
1148,5.77499999999988,0.9869531393051147,0.986068069934845,0.9876734018325806,1.0,0.16054216027259827,0.01661064188290776,0.19045535648158302,0.8430757219025375,0.8167691017768127,-1.2609376254292433,-7.04737110134159,0.0,0.0
1149,5.779999999999868,0.9900230169296265,0.9891640543937683,0.990755021572113,1.0,0.1579778790473938,0.010953571800187483,0.12987621634612148,0.8433917533035202,0.8166254228769674,-1.2288468713632905,-7.034072741016594,0.0,0.0
1150,5.784999999999856,0.9892555475234985,0.9876160621643066,0.990755021572113,0.8333333134651184,0.1446404755115509,0.005251128781905282,0.24082536337190324,0.8436872724218535,0.8164220668909835,-1.1884435943501515,-7.014538965907874,0.0,0.0
1151,5.789999999999845,0.9907904267311096,0.9891640543937683,0.9922958612442017,1.0,0.16796563565731049,0.0004509606288414601,0.2846827278921039,0.8441213563131584,0.8161564837627602,-1.1466324381664061,-6.992910494011854,0.0,0.0
1152,5.794999999999833,0.9884880781173706,0.9876160621643066,0.9892141819000244,1.0,0.1491893231868744,0.0062036389827988874,0.2969399194512224,0.8446019890219588,0.816053224975902,-1.0945934668017898,-6.980108129138865,0.0,0.0
1153,5.799999999999821,0.9900230169296265,0.9891640543937683,0.990755021572113,1.0,0.1718989759683609,0.011915642144514104,0.48304390204412556,0.8448864860191363,0.8155932248935949,-1.0496415240472146,-6.945692034059251,0.0,0.0
1154,5.80499999999981,0.9877206087112427,0.9876160621643066,0.9876734018325806,1.0,0.17536741495132446,0.01759370122563338,0.2861149083933679,0.8456512881320166,0.8151741261328282,-1.004362219309927,-6.910142699859125,0.0,0.0
1155,5.809999999999798,0.9915578961372375,0.9891640543937683,0.9938367009162903,1.0,0.1425660252571106,0.02322966559754055,0.2938769153127355,0.8464412733364639,0.815060923822238,-0.9360447962600102,-6.894772816948627,0.0,0.0
1156,5.814999999999786,0.9884880781173706,0.986068069934845,0.990755021572113,1.0,0.1642588973045349,0.02876713282007205,0.5579052555598595,0.8467828262900305,0.8148018523205702,-0.8642052215592981,-6.870524957107379,0.0,0.0
1157,5.819999999999775,0.9900230169296265,0.99071204662323,0.9892141819000244,1.0,0.15824618935585022,0.03421951694472876,0.3211518428910747,0.8473216676198361,0.8148042327363458,-0.8043175963263455,-6.87009118632458,0.0,0.0
1158,5.824999999999763,0.9884880781173706,0.9876160621643066,0.9892141819000244,1.0,0.14712128043174744,0.03952317393131499,0.22260782441578306,0.8473313069705649,0.8148741517465868,-0.7300355075758295,-6.8692371216381325,0.0,0.0
1159,5.829999999999751,0.9915578961372375,0.9891640543937683,0.9938367009162903,1.0,0.16571925580501556,0.044703448996823276,0.10327146934183035,0.8473502861858193,0.8146838087156757,-0.66404322466593,-6.856504898027217,0.0,0.0
1160,5.83499999999974,0.9877206087112427,0.9876160621643066,0.9876734018325806,1.0,0.1637372076511383,0.04971289510471828,0.2590785056296558,0.847633224488284,0.8144874895629765,-0.5924762557108678,-6.83670900080035,0.0,0.0
1161,5.839999999999728,0.9892555475234985,0.9876160621643066,0.990755021572113,0.8333333134651184,0.1304870992898941,0.05456849015887029,0.4267099440818858,0.8480731333155478,0.8145205868568188,-0.5038996538100429,-6.836998795420942,0.0,0.0
1162,5.844999999999716,0.9907904267311096,0.99071204662323,0.990755021572113,1.0,0.1593233048915863,0.058371887482470186,0.37380087836623077,0.8480666934350902,0.8143912422265392,-0.4363336872321415,-6.82533024487173,0.0,0.0
1163,5.849999999999705,0.9892555475234985,0.9876160621643066,0.990755021572113,1.0,0.17012828588485718,0.0636515228815123,0.5328728269404888,0.848325994558406,0.8142962178055685,-0.35159830092055444,-6.817194296663587,0.0,0.0
1164,5.854999999999693,0.9892555475234985,0.9876160621643066,0.990755021572113,1.0,0.17359855771064758,0.06785722510518645,0.25292605535314,0.8485067934074758,0.8143159640625701,-0.2756781354697728,-6.8204596385521565,0.0,0.0
1165,5.8599999999996815,0.9892555475234985,0.9876160621643066,0.990755021572113,0.8333333134651184,0.14591822028160095,0.07179925379691925,0.4191626155473142,0.8484342302543966,0.8141819288415344,-0.1983382947808883,-6.811353621412496,0.0,0.0
1166,5.86499999999967,0.9884880781173706,0.9891640543937683,0.9876734018325806,1.0,0.15609869360923767,0.07433472078777947,0.2771978037395496,0.8486365861908334,0.814495890019655,-0.10223817663684012,-6.832980488058069,0.0,0.0
1167,5.869999999999658,0.9915578961372375,0.9891640543937683,0.9938367009162903,1.0,0.1682933270931244,0.07889876743452238,0.3405430146375866,0.8481559891542652,0.8144995620000294,-0.022199774178463725,-6.831886164841387,0.0,0.0
1168,5.8749999999996465,0.9892555475234985,0.9876160621643066,0.990755021572113,1.0,0.16330817341804504,0.08203157240646848,0.45989595353347223,0.8481803074479692,0.8147162950145951,0.0685257126510049,-6.850181446690526,0.0,0.0
1169,5.879999999999635,0.9884880781173706,0.9876160621643066,0.9892141819000244,1.0,0.16759246587753296,0.0848180250828149,0.379601792783503,0.8477737456290995,0.8147478637529283,0.1643066757204718,-6.855598826332144,0.0,0.0
1170,5.884999999999623,0.9900230169296265,0.9891640543937683,0.990755021572113,1.0,0.17243506014347076,0.08734585416883021,0.27510366080617954,0.8476533594148412,0.8149087360708077,0.2476940933280606,-6.87126663916505,0.0,0.0
1171,5.8899999999996115,0.9907904267311096,0.9876160621643066,0.9938367009162903,1.0,0.1658945381641388,0.08954322100228503,0.3918066542280792,0.8473051857963322,0.8151075298067311,0.35213184672540926,-6.8867247340307065,0.0,0.0
1172,5.8949999999996,0.9884880781173706,0.9891640543937683,0.9876734018325806,0.8333333134651184,0.17086122930049896,0.09138566814806239,0.4913996089363762,0.8469616725770954,0.8152269816245798,0.4343586711930251,-6.9006388181649845,0.0,0.0
1173,5.899999999999588,0.9892555475234985,0.9876160621643066,0.990755021572113,1.0,0.15736284852027893,0.0915937521427163,0.14545693871518334,0.8466524707074448,0.8152766740641233,0.4995929145596627,-6.905727925276289,0.0,0.0
1174,5.904999999999577,0.9900230169296265,0.9891640543937683,0.990755021572113,1.0,0.14972716569900513,0.09413944327946838,0.38341915173349345,0.8465393794383047,0.8155967645102398,0.61754294468671,-6.930793971474052,0.0,0.0
1175,5.909999999999565,0.9907904267311096,0.9891640543937683,0.9922958612442017,1.0,0.1364428550004959,0.09498426262622912,0.3336437072038386,0.8459823561894655,0.8158323688232105,0.6929797085092996,-6.948798866079211,0.0,0.0
1176,5.914999999999553,0.9877206087112427,0.986068069934845,0.9892141819000244,1.0,0.1595398336648941,0.09546207053774415,0.3442854999604431,0.845582247420462,0.8158568162034878,0.7656615761517865,-6.957132178037429,0.0,0.0
1177,5.919999999999542,0.9907904267311096,0.99071204662323,0.990755021572113,1.0,0.15368857979774475,0.09566413869336864,0.36523130522696373,0.8453970627102794,0.8162207962198815,0.8610267089209299,-6.981828497312337,0.0,0.0
1178,5.92499999999953,0.9877206087112427,0.9876160621643066,0.9876734018325806,1.0,0.1157299131155014,0.09543830089387778,0.33513204756669485,0.8448482556152814,0.8164312971589152,0.9216667966497838,-7.003943411993351,0.0,0.0
1179,5.929999999999518,0.9915578961372375,0.9891640543937683,0.9938367009162903,1.0,0.17247286438941956,0.09493015936331045,0.3701494610510208,0.8443568130668144,0.8167451419329764,1.0151072320646692,-7.026321083422851,0.0,0.0
1180,5.934999999999507,0.9884880781173706,0.986068069934845,0.990755021572113,0.8333333134651184,0.14673639833927155,0.09403581492742577,0.29354528481867603,0.8438595314794922,0.8169274125372636,1.0757900224381873,-7.042554102783828,0.0,0.0
1181,5.939999999999495,0.9892555475234985,0.9891640543937683,0.9892141819000244,1.0,0.15997940301895142,0.08832630131490857,0.24389760508960137,0.843498797715915,0.817114262249444,1.143851308300442,-7.056577653851943,0.0,0.0
1182,5.944999999999483,0.9892555475234985,0.9891640543937683,0.9892141819000244,1.0,0.14949887990951538,0.09130033260248069,0.21022067892929688,0.8431871632477346,0.8173018552599567,1.1987724466307192,-7.074153292525892,0.0,0.0
1183,5.949999999999472,0.9915578961372375,0.9891640543937683,0.9938367009162903,1.0,0.15715131163597107,0.08946199926862554,0.3271708717657972,0.8427965934994246,0.8175322658842026,1.2669516177627242,-7.089369150861959,0.0,0.0
1184,5.95499999999946,0.9877206087112427,0.9876160621643066,0.9876734018325806,1.0,0.19685369729995728,0.08725755835549798,0.07928340702654905,0.8424584633141787,0.817696098035143,1.3196516827196696,-7.104969809665985,0.0,0.0
1185,5.959999999999448,0.9892555475234985,0.9876160621643066,0.990755021572113,0.8333333134651184,0.13582774996757507,0.08476392471474803,0.09921020181593727,0.8421117820074225,0.8177674151590469,1.3623612678904409,-7.112573678212123,0.0,0.0
1186,5.964999999999437,0.9900230169296265,0.9891640543937683,0.990755021572113,1.0,0.17401665449142456,0.0776587343349362,0.12237485459059658,0.8419428071508417,0.8176327193617665,1.3894748392614644,-7.105184595176526,0.0,0.0
1187,5.969999999999425,0.9907904267311096,0.9891640543937683,0.9922958612442017,1.0,0.17537827789783478,0.07896643140323963,0.06785262655841262,0.8421070089960772,0.817834892817108,1.4253566555335264,-7.119843692970353,0.0,0.0
1188,5.9749999999994134,0.9884880781173706,0.9876160621643066,0.9892141819000244,0.8333333134651184,0.14782533049583435,0.075583055680274,0.1143222700773656,0.8417812512673255,0.8178773156172308,1.454994323453001,-7.123721319857687,0.0,0.0
1189,5.979999999999402,0.9892555475234985,0.9876160621643066,0.990755021572113,1.0,0.16208308935165405,0.06846982683631195,0.23803332850154613,0.8416950817809403,0.8180495711920085,1.483980986200872,-7.134863726542176,0.0,0.0
1190,5.98499999999939,0.9892555475234985,0.9891640543937683,0.9892141819000244,1.0,0.16164365410804749,0.06807007928900656,0.14003829653434094,0.8414474727435072,0.8181701573579999,1.510613158487959,-7.141696686982666,0.0,0.0
1191,5.9899999999993785,0.9900230169296265,0.9876160621643066,0.9922958612442017,1.0,0.16359135508537292,0.0639503722135095,0.026529156096775176,0.841295629178163,0.8182246482954216,1.5246119539201575,-7.145726016142044,0.0,0.0
1192,5.994999999999367,0.9900230169296265,0.9891640543937683,0.990755021572113,1.0,0.17504830658435822,0.059604483336709674,0.1710162932221519,0.8412060885301769,0.818234287789489,1.529518871316553,-7.1479091473459775,0.0,0.0
1193,5.999999999999355,0.9884880781173706,0.9876160621643066,0.9892141819000244,1.0,0.15773342549800873,0.055035198593957814,0.15519546861073494,0.8411575745034228,0.818320855442617,1.5325459948845959,-7.152862180179822,0.0,0.0
1194,6.0049999999993435,0.9892555475234985,0.9891640543937683,0.9892141819000244,1.0,0.15758946537971497,0.05027272173444305,0.20169507621231353,0.8410475071071151,0.8182963255321755,1.516281550902251,-7.152299002683429,0.0,0.0
1195,6.009999999999332,0.9907904267311096,0.9876160621643066,0.9938367009162903,0.6666666865348816,0.11958979070186615,0.045347277208890334,0.11649988372072234,0.8410600221625905,0.8181707736261874,1.4985379891631647,-7.145482747935074,0.0,0.0
1196,6.01499999999932,0.9877206087112427,0.9876160621643066,0.9876734018325806,1.0,0.15995563566684723,0.036164272083459466,0.021339930313989203,0.8412114944903317,0.8180710642020622,1.4694281402337,-7.136171904146869,0.0,0.0
1197,6.019999999999309,0.9900230169296265,0.9891640543937683,0.990755021572113,0.8333333134651184,0.13683709502220154,0.035013309478901515,0.16378323249908608,0.8414184021300696,0.8179050447965199,1.4213880762083708,-7.128576050275556,0.0,0.0
1198,6.024999999999297,0.9900230169296265,0.9891640543937683,0.990755021572113,1.0,0.151845321059227,0.029228833094770278,0.18135803432013184,0.8415871988827655,0.8176915376215086,1.370715460064672,-7.1138442210265795,0.0,0.0
1199,6.029999999999285,0.9900230169296265,0.9876160621643066,0.9922958612442017,1.0,0.1970577836036682,0.024181608538331848,0.2623292961882452,0.841914572866076,0.8173126241478077,1.314364058634688,-7.089984300177074,0.0,0.0
1200,6.034999999999274,0.9884880781173706,0.9876160621643066,0.9892141819000244,1.0,0.15846137702465057,0.01862129220085857,0.17700310278865758,0.8424447933293984,0.8172047128932383,1.2879811770118503,-7.077560472998625,0.0,0.0
1201,6.039999999999262,0.9892555475234985,0.9876160621643066,0.990755021572113,1.0,0.17113035917282104,0.012986472007318676,0.19008173219640975,0.8427208783778083,0.8169859761014341,1.2581646451606774,-7.060411952964797,0.0,0.0
1202,6.04499999999925,0.9892555475234985,0.99071204662323,0.9876734018325806,1.0,0.15507221221923828,0.007302296896227402,0.07325098449863642,0.8431019566007822,0.8168509282981758,1.2232232261764593,-7.04546451312182,0.0,0.0
1203,6.049999999999239,0.9900230169296265,0.9876160621643066,0.9922958612442017,1.0,0.15177978575229645,0.00158705114052271,0.280944016878408,0.8434341219306263,0.8166376861583318,1.1852186434920453,-7.026577102774304,0.0,0.0
1204,6.054999999999227,0.9892555475234985,0.9876160621643066,0.990755021572113,0.6666666865348816,0.11604107916355133,0.004139264799201867,0.31173223993678856,0.843853842160571,0.8163008176440424,1.1369852857704408,-6.999776570478729,0.0,0.0
1205,6.059999999999215,0.9892555475234985,0.9891640543937683,0.9892141819000244,1.0,0.17076663672924042,0.009566023453675859,0.3599287065571206,0.8444494095449171,0.8162342569814549,1.0832166644405914,-6.989077909845354,0.0,0.0
1206,6.064999999999204,0.9892555475234985,0.9891640543937683,0.9892141819000244,1.0,0.16685742139816284,0.015542772568070925,0.24305609878769416,0.8446871575589922,0.8160858970162297,1.0344050169174597,-6.973674570967514,0.0,0.0
1207,6.069999999999192,0.9915578961372375,0.9891640543937683,0.9938367009162903,1.0,0.15116561949253082,0.02118350770247557,0.3882396331098586,0.8450294539784997,0.816077636422405,0.9749535674879958,-6.9673247287174,0.0,0.0
1208,6.07499999999918,0.9877206087112427,0.9876160621643066,0.9876734018325806,1.0,0.16312097012996674,0.026734374036660437,0.07534373594002555,0.8451705615840578,0.8159850259364507,0.9196001253484419,-6.958049443037673,0.0,0.0
1209,6.079999999999169,0.9892555475234985,0.9876160621643066,0.990755021572113,1.0,0.1742974817752838,0.032198499920354375,0.3975029602672781,0.8453766790436072,0.8156277833634691,0.8530772669321793,-6.926771677285513,0.0,0.0
1210,6.084999999999157,0.9900230169296265,0.9891640543937683,0.990755021572113,1.0,0.1887148916721344,0.03757496242530494,0.40218047863535117,0.8460717405047664,0.8154109221567449,0.8003080600818192,-6.9111278464811114,0.0,0.0
1211,6.089999999999145,0.9900230169296265,0.9876160621643066,0.9922958612442017,1.0,0.1541307270526886,0.04280726078965033,0.15927225031587752,0.8464193811893086,0.8153122031572659,0.7251274519519577,-6.897572945201981,0.0,0.0
1212,6.094999999999134,0.9892555475234985,0.9891640543937683,0.9892141819000244,1.0,0.15910053253173828,0.04788261436603778,0.41605587567563296,0.8467206012177337,0.8151807367334706,0.6471603004895958,-6.884146914286928,0.0,0.0
1213,6.099999999999122,0.9892555475234985,0.9876160621643066,0.990755021572113,0.8333333134651184,0.14869800209999084,0.05278875674172154,0.18241237522209658,0.8470189574602904,0.8151607397130488,0.574283665973881,-6.883821495840609,0.0,0.0
1214,6.1049999999991105,0.9884880781173706,0.9891640543937683,0.9876734018325806,1.0,0.15580454468727112,0.05444985051269732,0.45661927640010413,0.8470261889813198,0.8151524345836438,0.4915318382987641,-6.879977554604028,0.0,0.0
1215,6.109999999999099,0.9907904267311096,0.9876160621643066,0.9938367009162903,0.8333333134651184,0.15117768943309784,0.06199513613757962,0.34205768361610284,0.8471116098976883,0.8150697046180648,0.4091394377769573,-6.873659524469912,0.0,0.0
1216,6.114999999999087,0.9892555475234985,0.9876160621643066,0.990755021572113,1.0,0.17545947432518005,0.06305075161913164,0.3883237542172506,0.8472520105673353,0.8151697568956078,0.3320986407720364,-6.881222709011184,0.0,0.0
1217,6.1199999999990755,0.9892555475234985,0.9891640543937683,0.9892141819000244,1.0,0.16559071838855743,0.07029291885074265,0.45340867500708154,0.8470839397997515,0.8152211147472291,0.2503088926068569,-6.883602697324503,0.0,0.0
1218,6.124999999999064,0.9892555475234985,0.9891640543937683,0.9892141819000244,1.0,0.1698058545589447,0.07406650701470392,0.5249249878962285,0.8470310511705665,0.8152702731082814,0.14138105903026554,-6.889010308937321,0.0,0.0
1219,6.129999999999052,0.9907904267311096,0.9876160621643066,0.9938367009162903,1.0,0.18932980298995972,0.07758218838851803,0.15671739828262649,0.8469108820236151,0.8151172182950004,0.0729169695001205,-6.878996143351059,0.0,0.0
1220,6.1349999999990406,0.9877206087112427,0.9876160621643066,0.9876734018325806,1.0,0.20083582401275635,0.08081652670087842,0.45756502636736923,0.8471334190366431,0.8151635901999748,-0.02233691040086141,-6.883677015501578,0.0,0.0
1221,6.139999999999029,0.9892555475234985,0.9876160621643066,0.990755021572113,1.0,0.15710826218128204,0.08374878509985247,0.2866584679249853,0.8470293996555205,0.8153238751533937,-0.1068913946087709,-6.896106037212446,0.0,0.0
1222,6.144999999999017,0.9907904267311096,0.99071204662323,0.990755021572113,1.0,0.18547402322292328,0.0863795941678992,0.3633892279363968,0.8467531991730568,0.8152930299061508,-0.18250837739020556,-6.895891963048874,0.0,0.0
1223,6.149999999999006,0.9900230169296265,0.9876160621643066,0.9922958612442017,0.8333333134651184,0.12897154688835144,0.08871498415903112,0.4182886829762267,0.8467579563766917,0.8154289385004613,-0.27061629276989196,-6.906375154721389,0.0,0.0
1224,6.154999999998994,0.9884880781173706,0.9876160621643066,0.9892141819000244,1.0,0.16917797923088074,0.08928578234252942,0.6478725897098155,0.846524996561747,0.8153860205203991,-0.346855601273856,-6.909197412255586,0.0,0.0
1225,6.159999999998982,0.9892555475234985,0.9876160621643066,0.990755021572113,0.8333333134651184,0.1311357617378235,0.09236141395789446,0.36000305316025777,0.8464622797276536,0.81566890319088,-0.45258939037790596,-6.931053420250299,0.0,0.0
1226,6.164999999998971,0.9892555475234985,0.9891640543937683,0.9892141819000244,1.0,0.14392945170402527,0.09232908439727573,0.28447531432990725,0.8459765906611044,0.8157862993440282,-0.5315960431871635,-6.939808585548174,0.0,0.0
1227,6.169999999998959,0.9907904267311096,0.9891640543937683,0.9922958612442017,0.8333333134651184,0.13902924954891205,0.09466673515535282,0.4122927601409337,0.8457820314322628,0.8159605358112908,-0.6078917765649398,-6.958105345641425,0.0,0.0
1228,6.174999999998947,0.9892555475234985,0.9876160621643066,0.990755021572113,1.0,0.16241766512393951,0.0902617961588648,0.38709635197617326,0.8453754367635239,0.8160825663178529,-0.6906896987343084,-6.968708322076939,0.0,0.0
1229,6.179999999998936,0.9884880781173706,0.9876160621643066,0.9892141819000244,1.0,0.1622227132320404,0.09557727380105692,0.17646595856366767,0.845139815064957,0.8162871560197202,-0.7568409388623107,-6.987778894815273,0.0,0.0
1230,6.184999999998924,0.9900230169296265,0.9891640543937683,0.990755021572113,1.0,0.15856900811195374,0.0955231503617945,0.20671085346989873,0.8447160245596605,0.8165790062286191,-0.8376027971020581,-7.011049673672509,0.0,0.0
1231,6.189999999998912,0.9907904267311096,0.9876160621643066,0.9938367009162903,1.0,0.17134593427181244,0.09512216569024737,0.3621467123321776,0.8441988961406109,0.8167997502262283,-0.9235713223032731,-7.026999434529832,0.0,0.0
1232,6.194999999998901,0.9884880781173706,0.9891640543937683,0.9876734018325806,1.0,0.15045970678329468,0.09436662158879593,0.18757506523870465,0.8438444570104482,0.817045969308133,-0.9914314237156231,-7.0476192861825355,0.0,0.0
1233,6.199999999998889,0.9892555475234985,0.9876160621643066,0.990755021572113,0.8333333134651184,0.1411328762769699,0.09327283052817727,0.4212645030525191,0.8433862380848325,0.8171455579868026,-1.045803954096941,-7.060893333754453,0.0,0.0
1234,6.204999999998877,0.9900230169296265,0.9891640543937683,0.990755021572113,1.0,0.17458462715148926,0.08702587511472076,0.23148170878278534,0.843091259249901,0.8172498395480224,-1.1106679418949899,-7.070393684398172,0.0,0.0
1235,6.209999999998866,0.9907904267311096,0.9891640543937683,0.9922958612442017,1.0,0.15415000915527344,0.090159527108326,0.07058411594050185,0.8428801403467072,0.817360621850193,-1.167871146532698,-7.0792748114205954,0.0,0.0
1236,6.214999999998854,0.9884880781173706,0.986068069934845,0.990755021572113,1.0,0.15676327049732208,0.08809343650568571,0.1979079645407179,0.8426827819684313,0.8175866718542514,-1.2224978533561008,-7.097064616008524,0.0,0.0
1237,6.2199999999988425,0.9907904267311096,0.99071204662323,0.990755021572113,1.0,0.16490353643894196,0.0857220253828126,0.0652345659294133,0.8422874529775883,0.8176170797335108,-1.2608483957227765,-7.103416851809741,0.0,0.0
1238,6.224999999998831,0.9877206087112427,0.9876160621643066,0.9876734018325806,0.8333333134651184,0.13143272697925568,0.08303185944350018,0.37464850345082745,0.8421462921820058,0.8178061011104966,-1.3147455596493287,-7.11916434402717,0.0,0.0
1239,6.229999999998819,0.9915578961372375,0.9891640543937683,0.9938367009162903,1.0,0.17071305215358734,0.0758460907840709,0.22097120778539667,0.8417963479105073,0.8179047067358151,-1.3498706130726106,-7.12548759886936,0.0,0.0
1240,6.2349999999988075,0.9884880781173706,0.986068069934845,0.990755021572113,1.0,0.16456536948680878,0.07680443615955122,0.06955057156164522,0.8416558311362364,0.8181861023484819,-1.4034999233983434,-7.142379626561725,0.0,0.0
1241,6.239999999998796,0.9892555475234985,0.9891640543937683,0.9892141819000244,1.0,0.1628042608499527,0.07325488915088718,0.38563153028500047,0.8412804527430728,0.8183426594661913,-1.4451005386638427,-7.1522820428497145,0.0,0.0
1242,6.244999999998784,0.9892555475234985,0.9891640543937683,0.9892141819000244,1.0,0.16181527078151703,0.06945851788707089,0.12061417165787841,0.8410603990477841,0.8184867261963448,-1.4819189218223243,-7.160656351560417,0.0,0.0
1243,6.2499999999987725,0.9915578961372375,0.9891640543937683,0.9938367009162903,1.0,0.1526128351688385,0.06543699932876434,0.15434002924845305,0.8408743032986574,0.818568284715921,-1.5072712930923906,-7.165565918992411,0.0,0.0
1244,6.254999999998761,0.9877206087112427,0.9876160621643066,0.9876734018325806,1.0,0.15710245072841644,0.06115092691333774,0.21719662752582297,0.8407652018001687,0.8185938477832638,-1.5183186997344356,-7.168161556848184,0.0,0.0
1245,6.259999999998749,0.9892555475234985,0.9876160621643066,0.990755021572113,1.0,0.16994014382362366,0.056666341730182576,0.08895324875274165,0.8407075209589292,0.8186141119100897,-1.525656869578619,-7.170853945541976,0.0,0.0
1246,6.264999999998738,0.9900230169296265,0.9891640543937683,0.990755021572113,0.8333333134651184,0.13626064360141754,0.05198427808179723,0.05988681380547923,0.8406476900990671,0.8185821756730957,-1.5166857085492045,-7.168242235234342,0.0,0.0
1247,6.269999999998726,0.9907904267311096,0.9891640543937683,0.9922958612442017,1.0,0.17810338735580444,0.04645715141354187,0.2549671889042029,0.8407057281059035,0.8184279697957672,-1.5007953731070864,-7.157305535716655,0.0,0.0
1248,6.274999999998714,0.9884880781173706,0.9876160621643066,0.9892141819000244,0.8333333134651184,0.13501200079917908,0.04208987784547455,0.1702453492723815,0.8409487658729632,0.8183527337735438,-1.470433331695579,-7.15277401364877,0.0,0.0
1249,6.279999999998703,0.9892555475234985,0.9876160621643066,0.990755021572113,1.0,0.16155457496643066,0.035105250728012016,0.05220195288372504,0.8410494663633606,0.8182424192151203,-1.4359120498574702,-7.145419442869517,0.0,0.0
1250,6.284999999998691,0.9884880781173706,0.9891640543937683,0.9876734018325806,1.0,0.16611191630363464,0.03157653244690305,0.44311654316642574,0.8412129012695663,0.8180227459787452,-1.38327133305475,-7.133252768952164,0.0,0.0
1251,6.289999999998679,0.9907904267311096,0.9876160621643066,0.9938367009162903,1.0,0.17434193193912506,0.026150084376854323,0.2408893067916161,0.841483271801063,0.8177160753139735,-1.326530851445741,-7.1132733233436225,0.0,0.0
1252,6.294999999998668,0.9900230169296265,0.9891640543937683,0.990755021572113,1.0,0.15442748367786407,0.020625363526001285,0.15107391192799088,0.8419272594812528,0.8174704574824204,-1.2627101195412822,-7.097231700295918,0.0,0.0
1253,6.299999999998656,0.9884880781173706,0.9876160621643066,0.9892141819000244,1.0,0.15132711827754974,0.015015035251793565,0.15195934718092863,0.842283739993424,0.8171134998400714,-1.2442918510823253,-7.068996582474776,0.0,0.0
1254,6.304999999998644,0.9892555475234985,0.9891640543937683,0.9892141819000244,1.0,0.15640567243099213,0.009351924286213968,0.36256885970227765,0.8429111870561161,0.816736071569881,-1.2180269480529586,-7.039570042407024,0.0,0.0
1255,6.309999999998633,0.9907904267311096,0.9876160621643066,0.9938367009162903,1.0,0.17682892084121704,0.0036477448325374384,0.39255356127206215,0.8435651101687328,0.8163699067433168,-1.1797321348815006,-7.009687276396212,0.0,0.0
1256,6.314999999998621,0.9877206087112427,0.9876160621643066,0.9876734018325806,1.0,0.15072698891162872,0.0020796594878577123,0.24434801794638375,0.8442291716356397,0.8160312939092623,-1.1428302480267543,-6.980020426912533,0.0,0.0
1257,6.319999999998609,0.9900230169296265,0.9891640543937683,0.990755021572113,1.0,0.15426668524742126,0.007808490230687219,0.1816033730644803,0.8448884349574992,0.8156296292799938,-1.0963417010829903,-6.946267228627221,0.0,0.0
1258,6.324999999998598,0.9900230169296265,0.9891640543937683,0.990755021572113,1.0,0.1621900200843811,0.013520440944964357,0.1415873280755863,0.8456385060305062,0.8152951056263433,-1.0539863004039334,-6.917987363882342,0.0,0.0
1259,6.329999999998586,0.9892555475234985,0.9876160621643066,0.990755021572113,1.0,0.15871839225292206,0.019189719267578068,0.17868585699538778,0.8462669474692813,0.8153381408218395,-0.9956828444595527,-6.917143285022577,0.0,0.0
1260,6.334999999998574,0.9892555475234985,0.9876160621643066,0.990755021572113,0.8333333134651184,0.1444328874349594,0.024780200480259404,0.4791263262388346,0.846285704777276,0.8149424173585699,-0.9315747649532433,-6.884005929334544,0.0,0.0
1261,6.339999999998563,0.9892555475234985,0.9876160621643066,0.990755021572113,1.0,0.17240075767040253,0.029876461301811146,0.2248889486970186,0.8470220904592324,0.8148779068695606,-0.8690268231020758,-6.875180657446449,0.0,0.0
1262,6.344999999998551,0.9892555475234985,0.99071204662323,0.9876734018325806,1.0,0.17074871063232422,0.03571158427032722,0.3621084804279201,0.8472182076123012,0.8145619862314449,-0.798809810069251,-6.84960696273286,0.0,0.0
1263,6.3499999999985395,0.9907904267311096,0.9876160621643066,0.9938367009162903,1.0,0.18317459523677826,0.041016680469255,0.33264332824188875,0.8477865119392698,0.8142442720367659,-0.7432333607994274,-6.823313702892031,0.0,0.0
1264,6.354999999998528,0.9892555475234985,0.9876160621643066,0.990755021572113,1.0,0.19684185087680817,0.046172605611099024,0.45353793167278594,0.8483708066023993,0.8142226318083517,-0.6550882376859012,-6.818314806853846,0.0,0.0
1265,6.359999999998516,0.9892555475234985,0.9891640543937683,0.9892141819000244,1.0,0.1739043891429901,0.05114057864692059,0.27204490649964586,0.8484818931810256,0.8141993840559372,-0.5901804308124227,-6.815311022498485,0.0,0.0
1266,6.3649999999985045,0.9884880781173706,0.9876160621643066,0.9892141819000244,0.8333333134651184,0.16026587784290314,0.0559173196015896,0.2754418873230948,0.848548643944478,0.81421633934678,-0.5001415514732341,-6.813263832634207,0.0,0.0
1267,6.369999999998493,0.9923253655433655,0.99071204662323,0.9938367009162903,0.8333333134651184,0.1516757309436798,0.05758570573670269,0.3308046297790147,0.8485941370525731,0.8142448423880931,-0.41860403502748245,-6.815082187512807,0.0,0.0
1268,6.374999999998481,0.9869531393051147,0.986068069934845,0.9876734018325806,1.0,0.1590956747531891,0.06385777834981161,0.32123370254193623,0.848553729166382,0.8142020678716371,-0.33825274670668914,-6.811054169458366,0.0,0.0
1269,6.37999999999847,0.9900230169296265,0.9891640543937683,0.990755021572113,1.0,0.15877361595630646,0.06899864953800233,0.27334345491300094,0.848643240678703,0.8143254479918814,-0.2513349723566936,-6.821397107648594,0.0,0.0
1270,6.384999999998458,0.9892555475234985,0.9876160621643066,0.990755021572113,1.0,0.1894138902425766,0.07285695517103231,0.3008190577363165,0.848413397607809,0.8141512729138081,-0.17478683931751246,-6.808125144113496,0.0,0.0
1271,6.389999999998446,0.9907904267311096,0.9891640543937683,0.9922958612442017,1.0,0.15760470926761627,0.07651417217890943,0.2801607868440901,0.8487083301308112,0.8142221341217414,-0.08837361787046426,-6.812841784946333,0.0,0.0
1272,6.394999999998435,0.9884880781173706,0.9876160621643066,0.9892141819000244,0.8333333134651184,0.14837750792503357,0.07983451480098232,0.3548135284837965,0.8486035158900815,0.8143417165195411,0.0058302841960135975,-6.822612549899638,0.0,0.0
1273,6.399999999998423,0.9900230169296265,0.9891640543937683,0.990755021572113,1.0,0.16361497342586517,0.0815968131556255,0.3806617532109154,0.8483863877800081,0.8145156792818181,0.08895417478591885,-6.836772466483862,0.0,0.0
1274,6.404999999998411,0.9877206087112427,0.9876160621643066,0.9876734018325806,1.0,0.1685069501399994,0.08557736014673847,0.4577888429959783,0.8480717229670253,0.8146067626224048,0.16841264764550326,-6.845619866749423,0.0,0.0
1275,6.4099999999984,0.9915578961372375,0.9891640543937683,0.9938367009162903,1.0,0.14154377579689026,0.08803133457871674,0.2162562564408635,0.847875114072235,0.814969234186405,0.2782162629136773,-6.870814000394263,0.0,0.0
1276,6.414999999998388,0.9884880781173706,0.986068069934845,0.990755021572113,1.0,0.15029612183570862,0.0900876455925184,0.22713998701747523,0.8473152444356831,0.8152462300072373,0.351880028124772,-6.897099521066986,0.0,0.0
1277,6.419999999998376,0.9900230169296265,0.99071204662323,0.9892141819000244,1.0,0.1587945967912674,0.09183476440325748,0.29166974590316325,0.846731121754067,0.8154403401580476,0.44308438231255054,-6.910448684147925,0.0,0.0
1278,6.424999999998365,0.9884880781173706,0.9876160621643066,0.9892141819000244,1.0,0.15664412081241608,0.09326098705213216,0.28275083368810994,0.8464344736856017,0.8155099680951976,0.5209366414002635,-6.9193925184561405,0.0,0.0
1279,6.429999999998353,0.9915578961372375,0.9891640543937683,0.9938367009162903,0.8333333134651184,0.14383350312709808,0.09440289509247789,0.5170688591508752,0.8462357218120857,0.8156357201251576,0.6019170932896455,-6.931522308633773,0.0,0.0
1280,6.434999999998341,0.9877206087112427,0.9876160621643066,0.9876734018325806,1.0,0.19727732241153717,0.09367555305038777,0.28741701406499387,0.8459661709192495,0.8159179029400389,0.6779908898831948,-6.9579805345194545,0.0,0.0
1281,6.43999999999833,0.9892555475234985,0.9876160621643066,0.990755021572113,0.8333333134651184,0.14235125482082367,0.09552775149419018,0.35774483726813483,0.8453782103440122,0.8161089257325832,0.7591489296151399,-6.972290049932453,0.0,0.0
1282,6.444999999998318,0.9907904267311096,0.99071204662323,0.990755021572113,1.0,0.13767428696155548,0.09097716261226964,0.33135647968263227,0.8450602211126121,0.8162633712828434,0.8304336960383681,-6.987002767370469,0.0,0.0
1283,6.449999999998306,0.9900230169296265,0.9876160621643066,0.9922958612442017,1.0,0.1890864223241806,0.09535238279073673,0.37908635554173414,0.8447332718362118,0.816381774133956,0.8936360257271426,-7.003677561122928,0.0,0.0
1284,6.454999999998295,0.9884880781173706,0.9876160621643066,0.9892141819000244,1.0,0.166945680975914,0.09471714198237159,0.28525165372232997,0.8443627208639349,0.8167738037131805,0.974471165259587,-7.03044428952271,0.0,0.0
1285,6.459999999998283,0.9892555475234985,0.9876160621643066,0.990755021572113,1.0,0.15458568930625916,0.09372988941002318,0.3331158859975127,0.8437679046772731,0.8169703663499492,1.0397996518153474,-7.045076425934208,0.0,0.0
1286,6.4649999999982715,0.9884880781173706,0.9891640543937683,0.9876734018325806,1.0,0.12324389070272446,0.0924269240771137,0.1254830842346154,0.843442746090351,0.8171810263652464,1.0987884868339863,-7.065129944215628,0.0,0.0
1287,6.46999999999826,0.9915578961372375,0.9891640543937683,0.9938367009162903,1.0,0.15948063135147095,0.09082009051977596,0.1614515102490091,0.8429971123507638,0.8174242974093557,1.1667248493477909,-7.081664725415228,0.0,0.0
1288,6.474999999998248,0.9892555475234985,0.9876160621643066,0.990755021572113,0.8333333134651184,0.14385715126991272,0.08886236539980652,0.1713413302165482,0.8426296727685505,0.8175259870923608,1.2225891305412275,-7.092199725238966,0.0,0.0
1289,6.4799999999982365,0.9884880781173706,0.9876160621643066,0.9892141819000244,1.0,0.16235384345054626,0.08536185082502758,0.24209577912610716,0.8423955616613563,0.8176022993134056,1.2752222193823572,-7.1009360111885895,0.0,0.0
1290,6.484999999998225,0.9900230169296265,0.9891640543937683,0.990755021572113,1.0,0.1613805890083313,0.08403688931273638,0.23555202832654845,0.8422014219735869,0.81762049367044,1.3109793259190017,-7.104487389432001,0.0,0.0
1291,6.489999999998213,0.9907904267311096,0.9876160621643066,0.9938367009162903,1.0,0.1277720034122467,0.08119812087737374,0.06878128394815299,0.8421225024570667,0.8177232574377674,1.3413022046890546,-7.114145799941993,0.0,0.0
1292,6.4949999999982015,0.9884880781173706,0.9891640543937683,0.9876734018325806,1.0,0.1572456806898117,0.07802656032499175,0.3487388614575035,0.8419078711124002,0.8179284174289146,1.388118026879731,-7.127510922185203,0.0,0.0
1293,6.49999999999819,0.9892555475234985,0.9876160621643066,0.990755021572113,1.0,0.16592441499233246,0.07458045928091357,0.10064187064776964,0.8416108683958844,0.8179841899530513,1.4085831966417548,-7.13336622208323,0.0,0.0
1294,6.504999999998178,0.9900230169296265,0.9891640543937683,0.990755021572113,0.8333333134651184,0.15030720829963684,0.0708903142936899,0.14177317724143929,0.8414807506203726,0.818143987246002,1.452224025295768,-7.1438633430716605,0.0,0.0
1295,6.509999999998167,0.9907904267311096,0.9891640543937683,0.9922958612442017,1.0,0.15957757830619812,0.06369441232742247,0.28373192705456496,0.8412474812650742,0.8182113265673072,1.4653451073051467,-7.14833242435146,0.0,0.0
1296,6.514999999998155,0.9877206087112427,0.986068069934845,0.9892141819000244,1.0,0.16164466738700867,0.06273884914966275,0.1723149646844794,0.8411481683477453,0.8182610859412538,1.484861296234107,-7.150350431574568,0.0,0.0
1297,6.519999999998143,0.9907904267311096,0.99071204662323,0.990755021572113,1.0,0.16341553628444672,0.05834250746672398,0.02907465859786115,0.8411033237427874,0.8182671981029064,1.4855693422741854,-7.151375833678748,0.0,0.0
1298,6.524999999998132,0.9877206087112427,0.9876160621643066,0.9876734018325806,1.0,0.17399562895298004,0.0537125119318758,0.16756337814148617,0.8410805370293611,0.8182022543876942,1.478208180746929,-7.148988248149172,0.0,0.0
1299,6.52999999999812,0.9915578961372375,0.9891640543937683,0.9938367009162903,1.0,0.17503784596920013,0.048924246904906335,0.04645974017071053,0.8411335944855739,0.818205959676838,1.4694503864689552,-7.150204689076962,0.0,0.0
1300,6.534999999998108,0.9884880781173706,0.986068069934845,0.990755021572113,1.0,0.16175627708435059,0.04393143551292383,0.021243088868805937,0.8411065624649564,0.8181224914662873,1.444613346832785,-7.144248545298167,0.0,0.0
1301,6.539999999998097,0.9892555475234985,0.9891640543937683,0.9892141819000244,1.0,0.1568651795387268,0.038794840028110344,0.3116350847856876,0.8412389212155963,0.8179282367241925,1.4049644017704317,-7.13260330429074,0.0,0.0
1302,6.544999999998085,0.9892555475234985,0.9891640543937683,0.9892141819000244,0.8333333134651184,0.13749781250953674,0.03352261697414345,0.15786257538972126,0.8414977043490947,0.8177361912093879,1.367205856446337,-7.120411800839748,0.0,0.0
1303,6.549999999998073,0.9915578961372375,0.9891640543937683,0.9938367009162903,0.8333333134651184,0.1298966109752655,0.02664830816879464,0.10644974676337682,0.8417686266480056,0.8176132726392628,1.3436539515171744,-7.108682246262241,0.0,0.0
1304,6.554999999998062,0.9877206087112427,0.9876160621643066,0.9876734018325806,1.0,0.1613387167453766,0.02230683722501647,0.23718563502805273,0.8420292834163947,0.817273999091915,1.3209918800019889,-7.082985213410974,0.0,0.0
1305,6.55999999999805,0.9892555475234985,0.9876160621643066,0.990755021572113,1.0,0.1754227727651596,0.01704975295575343,0.2865424405870102,0.8426003285908672,0.8169337121764263,1.2934571776440762,-7.055767018577189,0.0,0.0
1306,6.564999999998038,0.9900230169296265,0.9891640543937683,0.990755021572113,1.0,0.18632492423057556,0.011403988110128556,0.30670939503679345,0.8432051773649514,0.8167875514650452,1.265852653897763,-7.043304497742316,0.0,0.0
1307,6.569999999998027,0.9900230169296265,0.9891640543937683,0.990755021572113,1.0,0.1583024561405182,0.005705756165303402,0.2967339633729375,0.8434821222723929,0.8166771835293668,1.2298904701410815,-7.029854508059268,0.0,0.0
1308,6.574999999998015,0.9892555475234985,0.9876160621643066,0.990755021572113,0.8333333134651184,0.13562746345996857,1.7534250190132106e-05,0.19796284097730027,0.8437810109320163,0.8164626566967055,1.1945490285142955,-7.014046791744681,0.0,0.0
1309,6.5799999999980034,0.9892555475234985,0.9876160621643066,0.990755021572113,1.0,0.18195468187332153,0.005655740280237421,0.29718875681825857,0.8441322935167849,0.8163656361479374,1.1452200422610153,-7.000897815543992,0.0,0.0
1310,6.584999999997992,0.9884880781173706,0.9891640543937683,0.9876734018325806,1.0,0.16833610832691193,0.011453295437691932,0.35336419478098086,0.8444244929879112,0.8162382352628387,1.0903098329080283,-6.986878081114206,0.0,0.0
1311,6.58999999999798,0.9907904267311096,0.9876160621643066,0.9938367009162903,1.0,0.15024179220199585,0.0171292330694874,0.21526500586809044,0.8447360426419066,0.816193869640945,1.036914802991805,-6.9774888743551395,0.0,0.0
1312,6.5949999999979685,0.9900230169296265,0.9891640543937683,0.990755021572113,1.0,0.15119050443172455,0.02274406325136505,0.13691683842923835,0.8449446916809968,0.8157946310399654,0.9908259392666138,-6.945499502281728,0.0,0.0
1313,6.599999999997957,0.9884880781173706,0.9876160621643066,0.9892141819000244,0.8333333134651184,0.10463255643844604,0.028291136427796557,0.35578688301966277,0.8456555666159616,0.8156183612549196,0.9249169608405521,-6.929798576143943,0.0,0.0
1314,6.604999999997945,0.9892555475234985,0.9891640543937683,0.9892141819000244,0.8333333134651184,0.12324253469705582,0.0332555449411483,0.46178534421133627,0.8460044760856902,0.815189591311593,0.8641168980317334,-6.896580672953942,0.0,0.0
1315,6.6099999999979335,0.9907904267311096,0.9876160621643066,0.9938367009162903,1.0,0.15246300399303436,0.037023903253742406,0.26301113090601486,0.8467426517121346,0.8151650454338449,0.7936184399112333,-6.8888753181659625,0.0,0.0
1316,6.614999999997922,0.9877206087112427,0.9876160621643066,0.9876734018325806,1.0,0.180977001786232,0.04425839062234632,0.4175592486046997,0.8469138818185342,0.8148750058254824,0.7227049699204159,-6.865026107769054,0.0,0.0
1317,6.61999999999791,0.9900230169296265,0.9891640543937683,0.990755021572113,1.0,0.17282268404960632,0.04930986763830275,0.3561796594464773,0.8474438642717987,0.8147168438618884,0.648573801919405,-6.851038995493968,0.0,0.0
1318,6.624999999997899,0.9900230169296265,0.9891640543937683,0.990755021572113,1.0,0.1561603993177414,0.05417595369596404,0.37623925852372964,0.847754688989023,0.8147496675420598,0.5719539762028076,-6.851963922423391,0.0,0.0
1319,6.629999999997887,0.9900230169296265,0.9876160621643066,0.9922958612442017,1.0,0.15171703696250916,0.05882707030543866,0.5142805481001191,0.847734135057258,0.8148152109203882,0.4877290958675719,-6.853443427394491,0.0,0.0
1320,6.634999999997875,0.9884880781173706,0.9876160621643066,0.9892141819000244,0.8333333134651184,0.13341191411018372,0.06325251215744383,0.3953318179515168,0.8477012571690113,0.8149148364489832,0.4076930192969712,-6.86232812849073,0.0,0.0
1321,6.639999999997864,0.9892555475234985,0.9876160621643066,0.990755021572113,1.0,0.1731117069721222,0.06648803439506373,0.3411906907178641,0.8475038193668727,0.8148350627080937,0.3181003350902338,-6.854316546399028,0.0,0.0
1322,6.644999999997852,0.9892555475234985,0.99071204662323,0.9876734018325806,1.0,0.15517845749855042,0.0714240653807173,0.1853089683623582,0.847681854524466,0.8150698217991047,0.22959607597952056,-6.871077361578138,0.0,0.0
1323,6.64999999999784,0.9907904267311096,0.9876160621643066,0.9938367009162903,1.0,0.1611958146095276,0.07511381159125323,0.4038662122052584,0.8473093919649303,0.8151563562214706,0.13221841619108707,-6.87682358745755,0.0,0.0
1324,6.654999999997829,0.9892555475234985,0.9876160621643066,0.990755021572113,1.0,0.16309703886508942,0.07853554702384684,0.3978787733981408,0.8471816980564989,0.8152579507365674,0.04993186986246285,-6.88476159657116,0.0,0.0
1325,6.659999999997817,0.9892555475234985,0.9891640543937683,0.9892141819000244,1.0,0.15951624512672424,0.08166988770938377,0.3780862696887878,0.8470052978539742,0.8154856038641978,-0.03024842171943455,-6.9060538448574285,0.0,0.0
1326,6.664999999997805,0.9892555475234985,0.9891640543937683,0.9892141819000244,1.0,0.1680874526500702,0.08447984492460023,0.48566297907653855,0.846532136780946,0.8155887717796502,-0.13108787253761262,-6.914478888474832,0.0,0.0
1327,6.669999999997794,0.9915578961372375,0.9891640543937683,0.9938367009162903,0.8333333134651184,0.13465288281440735,0.08703852484681733,0.33081073570021197,0.8463449135894482,0.8157712998469773,-0.20897166530770833,-6.930337678125879,0.0,0.0
1328,6.674999999997782,0.9877206087112427,0.9876160621643066,0.9876734018325806,1.0,0.15006409585475922,0.08795144097786425,0.18487592972124764,0.8459924960416472,0.8158981027757989,-0.29686564812176286,-6.941587615431239,0.0,0.0
1329,6.67999999999777,0.9892555475234985,0.9876160621643066,0.990755021572113,1.0,0.15137238800525665,0.09110572904589356,0.40582268252850623,0.8457424974348614,0.8160387415939043,-0.39753593582025504,-6.952860529678468,0.0,0.0
1330,6.684999999997759,0.9900230169296265,0.9891640543937683,0.990755021572113,1.0,0.15334628522396088,0.09267567885284371,0.5239356487827251,0.8454919882293674,0.8159857023527387,-0.46797368751311996,-6.953080734952609,0.0,0.0
1331,6.689999999997747,0.9900230169296265,0.9876160621643066,0.9922958612442017,0.8333333134651184,0.12901172041893005,0.09393673311435612,0.44208355990969983,0.8454870947788309,0.8162715572217052,-0.5886962519549681,-6.973313344292937,0.0,0.0
1332,6.694999999997735,0.9892555475234985,0.9891640543937683,0.9892141819000244,1.0,0.16814762353897095,0.09345523334494976,0.29153850632135125,0.8450374812379348,0.8165740378089518,-0.6758422427314162,-6.99869809593215,0.0,0.0
1333,6.699999999997724,0.9892555475234985,0.9876160621643066,0.990755021572113,1.0,0.17213664948940277,0.09530832315002813,0.4279028037064555,0.8444733756459522,0.8167719944821265,-0.7589981382347363,-7.012896049010035,0.0,0.0
1334,6.704999999997712,0.9884880781173706,0.9891640543937683,0.9876734018325806,1.0,0.16268333792686462,0.09549314251832061,0.13684326216290474,0.8441578655775548,0.8171436277366113,-0.8438563163047286,-7.040530295361819,0.0,0.0
1335,6.7099999999977005,0.9907904267311096,0.9876160621643066,0.9938367009162903,1.0,0.16608931124210358,0.09533096281508391,0.43846631518974716,0.8435437712141818,0.8174079197558651,-0.9576733901406232,-7.059886481686798,0.0,0.0
1336,6.714999999997689,0.9892555475234985,0.9876160621643066,0.990755021572113,1.0,0.1676231324672699,0.09482412323784384,0.23280307648096957,0.8431136337402934,0.8176973893927517,-1.033452905825244,-7.082700606127683,0.0,0.0
1337,6.719999999997677,0.9892555475234985,0.9891640543937683,0.9892141819000244,1.0,0.1566409170627594,0.09396949749542965,0.35370817635727486,0.8426066531971625,0.8179745518200036,-1.1026737789317764,-7.102277038404244,0.0,0.0
1338,6.7249999999976655,0.9892555475234985,0.9891640543937683,0.9892141819000244,0.8333333134651184,0.13280929625034332,0.09278642266353607,0.4186758163728372,0.8421716213687946,0.81818465613658,-1.1722918747322526,-7.120085319593285,0.0,0.0
1339,6.729999999997654,0.9907904267311096,0.9876160621643066,0.9938367009162903,1.0,0.16369786858558655,0.0864777925586241,0.3051012371252538,0.841775881786816,0.8182572792795287,-1.2206686520772603,-7.128431353615772,0.0,0.0
1340,6.734999999997642,0.9877206087112427,0.9876160621643066,0.9876734018325806,1.0,0.14941935241222382,0.08945610520808328,0.18877639845148128,0.841590414364094,0.8184031512418375,-1.271072828378437,-7.143099449394339,0.0,0.0
1341,6.7399999999976306,0.9892555475234985,0.9876160621643066,0.990755021572113,0.8333333134651184,0.1360112726688385,0.08730623677443801,0.12471819946013936,0.8412644566801258,0.8185504436780326,-1.3274024669280093,-7.1564105912201725,0.0,0.0
1342,6.744999999997619,0.9907904267311096,0.99071204662323,0.990755021572113,1.0,0.1582517921924591,0.08038703797747106,0.3211439462947014,0.8409686535284406,0.8183886629954117,-1.3469894447919473,-7.146488798452284,0.0,0.0
1343,6.749999999997607,0.9900230169296265,0.9876160621643066,0.9922958612442017,1.0,0.154422327876091,0.08215702877303682,0.063395034779083,0.8411891378121714,0.8184938691735353,-1.3855424452047125,-7.156114017730554,0.0,0.0
1344,6.754999999997596,0.9884880781173706,0.9876160621643066,0.9892141819000244,1.0,0.17203140258789062,0.07909417132020906,0.22728403023050847,0.8409752440504321,0.8185843757113008,-1.4182493943703816,-7.165089458299968,0.0,0.0
1345,6.759999999997584,0.9892555475234985,0.9876160621643066,0.990755021572113,1.0,0.14978212118148804,0.07576051862999764,0.14047852866039592,0.8407757898155563,0.8188833548651098,-1.4774278310787687,-7.184840011869751,0.0,0.0
1346,6.764999999997572,0.9884880781173706,0.9891640543937683,0.9876734018325806,1.0,0.16578033566474915,0.07212903153746382,0.21686381812041433,0.8403368886251167,0.8188176336848136,-1.5114906379626727,-7.179168281887591,0.0,0.0
1347,6.769999999997561,0.9915578961372375,0.9891640543937683,0.9938367009162903,1.0,0.15278415381908417,0.06831742462065606,0.1259197373377167,0.8404629270691646,0.8187897969715214,-1.5256415204554998,-7.179137991622974,0.0,0.0
1348,6.774999999997549,0.9892555475234985,0.9876160621643066,0.990755021572113,1.0,0.16059541702270508,0.06422327911999873,0.18580979299513295,0.8404636001861561,0.818683124305749,-1.5448451460208596,-7.17093435828234,0.0,0.0
1349,6.779999999997537,0.9884880781173706,0.9876160621643066,0.9892141819000244,1.0,0.15101465582847595,0.05990617033075723,0.1567522966216362,0.8406459031492813,0.8187513504702018,-1.5507484199644281,-7.176348879425301,0.0,0.0
1350,6.784999999997526,0.9900230169296265,0.9891640543937683,0.990755021572113,1.0,0.15994291007518768,0.05536586450275923,0.06824341889278275,0.8405255804572155,0.8186522550964772,-1.5561993079686727,-7.169686132945867,0.0,0.0
1351,6.789999999997514,0.9907904267311096,0.9876160621643066,0.9938367009162903,0.8333333134651184,0.12926891446113586,0.0506468970505578,0.014346619893590618,0.8406736414900918,0.8186323914218331,-1.5489215346069078,-7.1686368448438955,0.0,0.0
1352,6.794999999997502,0.9884880781173706,0.9891640543937683,0.9876734018325806,1.0,0.1569407433271408,0.045072195384088694,0.1332252910822273,0.840696959003469,0.8184950211626436,-1.5315937162847424,-7.1602266647311685,0.0,0.0
1353,6.799999999997491,0.9892555475234985,0.9876160621643066,0.990755021572113,1.0,0.1693129688501358,0.040644272012226285,0.14132432123800528,0.8408838518948629,0.8183118720006477,-1.5097308100780813,-7.1468933504547625,0.0,0.0
1354,6.804999999997479,0.9900230169296265,0.9891640543937683,0.990755021572113,1.0,0.16464242339134216,0.03542826888157409,0.18643101865030035,0.8411801477676719,0.8180370772144362,-1.4700348998955521,-7.129302540490845,0.0,0.0
1355,6.809999999997467,0.9907904267311096,0.9891640543937683,0.9922958612442017,1.0,0.1547040343284607,0.030086144884630076,0.16070106972267245,0.841571054655759,0.8178851149691142,-1.4139234571797583,-7.121207255900113,0.0,0.0
1356,6.814999999997456,0.9884880781173706,0.986068069934845,0.990755021572113,1.0,0.15702930092811584,0.024614393036238993,0.29280104655803607,0.8417509498688864,0.8173953947523637,-1.3517182085592223,-7.0902659493627915,0.0,0.0
1357,6.819999999997444,0.9907904267311096,0.99071204662323,0.990755021572113,1.0,0.15336179733276367,0.019071866172738178,0.08615735233223587,0.8424385344586046,0.8169558312380246,-1.2854740884330975,-7.060680744649531,0.0,0.0
1358,6.8249999999974325,0.9877206087112427,0.9876160621643066,0.9876734018325806,1.0,0.15743407607078552,0.013443222948297756,0.23828940731388512,0.8430959834522327,0.816581780064624,-1.2620998610890002,-7.031350969179172,0.0,0.0
1359,6.829999999997421,0.9915578961372375,0.9891640543937683,0.9938367009162903,1.0,0.15614823997020721,0.007764736639095542,0.12486606629421616,0.8437477562404628,0.8161926558308612,-1.2339124195686562,-7.000372049905656,0.0,0.0
1360,6.834999999997409,0.9884880781173706,0.986068069934845,0.990755021572113,1.0,0.15496744215488434,0.0020453745276604704,0.08446643115852644,0.8444361766687631,0.8157872125481157,-1.203774668664727,-6.967609723203484,0.0,0.0
1361,6.8399999999973975,0.9892555475234985,0.9891640543937683,0.9892141819000244,1.0,0.16809438169002533,0.003689455283945211,0.22911634030941092,0.8451642283732559,0.8153186776722727,-1.1597835618588315,-6.928888976746726,0.0,0.0
1362,6.844999999997386,0.9892555475234985,0.9891640543937683,0.9892141819000244,0.8333333134651184,0.15973326563835144,0.00942202713919247,0.22394012313644415,0.8460246894056284,0.8151412091471634,-1.106012416675914,-6.913104243223354,0.0,0.0
1363,6.849999999997374,0.9915578961372375,0.9891640543937683,0.9938367009162903,1.0,0.17060212790966034,0.014894453906939931,0.307089818550301,0.8463754612617033,0.8151839461853198,-1.0546629959832547,-6.909585476879106,0.0,0.0
1364,6.8549999999973625,0.9877206087112427,0.9876160621643066,0.9876734018325806,0.8333333134651184,0.1291757971048355,0.02076813485049655,0.018239806053416543,0.8464536560693532,0.8152156183086435,-0.9841706801208883,-6.905563047437181,0.0,0.0
1365,6.859999999997351,0.9892555475234985,0.9876160621643066,0.990755021572113,1.0,0.1666562408208847,0.025060789359915115,0.14463910991709006,0.8465430433902849,0.8152228320479583,-0.9226505564155845,-6.902249283226399,0.0,0.0
1366,6.864999999997339,0.9900230169296265,0.9891640543937683,0.990755021572113,1.0,0.16844667494297028,0.031818812387961096,0.4470138050996136,0.8466166825949689,0.8149200507151244,-0.8649235130724519,-6.875527960178335,0.0,0.0
1367,6.869999999997328,0.9907904267311096,0.9891640543937683,0.9922958612442017,1.0,0.16526208817958832,0.037212018140350724,0.2929883018031586,0.8472104897738147,0.8147471531099215,-0.7980475629477292,-6.857835812998559,0.0,0.0
1368,6.874999999997316,0.9884880781173706,0.9876160621643066,0.9892141819000244,1.0,0.12495914846658707,0.04245592811647628,0.6000450842765304,0.847603648600032,0.8148602258627561,-0.71475613181504,-6.865491644835073,0.0,0.0
1369,6.879999999997304,0.9892555475234985,0.9876160621643066,0.990755021572113,0.8333333134651184,0.12908516824245453,0.047525053832083906,0.4326936031729076,0.847433519003665,0.8148751683664192,-0.6363929762252627,-6.865389163108031,0.0,0.0
1370,6.884999999997293,0.9884880781173706,0.9891640543937683,0.9876734018325806,0.5,0.09234263002872467,0.05168129071506586,0.3513553135532957,0.8474357963753771,0.8148115466320985,-0.554061445261713,-6.858134284244811,0.0,0.0
1371,6.889999999997281,0.9907904267311096,0.9876160621643066,0.9938367009162903,0.8333333134651184,0.15704631805419922,0.052689321946476124,0.5832266707571023,0.8475970159056708,0.8148797615397044,-0.46628502030565355,-6.8596850447308055,0.0,0.0
1372,6.894999999997269,0.9900230169296265,0.9891640543937683,0.990755021572113,1.0,0.16512618958950043,0.06073278239138504,0.5122900706960328,0.8475625545615376,0.8148671493241294,-0.3841010799987758,-6.857513867155533,0.0,0.0
1373,6.899999999997258,0.9884880781173706,0.9876160621643066,0.9892141819000244,1.0,0.16465029120445251,0.06596989563582926,0.36704808251656384,0.8476108029520992,0.8149349917411898,-0.298165752479484,-6.858694398230994,0.0,0.0
1374,6.904999999997246,0.9892555475234985,0.9891640543937683,0.9892141819000244,1.0,0.16294647753238678,0.07002099536058383,0.3738654895242257,0.8475845689282001,0.8149354730052133,-0.22472237084648822,-6.861064428134193,0.0,0.0
1375,6.909999999997234,0.9907904267311096,0.9876160621643066,0.9938367009162903,1.0,0.16683617234230042,0.0738334468857497,0.4312255010519567,0.847531901597018,0.8149368896890324,-0.13478792614641746,-6.86169334969438,0.0,0.0
1376,6.914999999997223,0.9877206087112427,0.9876160621643066,0.9876734018325806,0.8333333134651184,0.13522782921791077,0.07734940063979419,0.3535801940477179,0.8475179255623471,0.8149734063868465,-0.05478838036183887,-6.8656262294275106,0.0,0.0
1377,6.919999999997211,0.9900230169296265,0.9891640543937683,0.990755021572113,0.8333333134651184,0.09343834221363068,0.07946170808281716,0.33960074423016007,0.8474305282349441,0.8151536360695739,0.03868784368551461,-6.881266888874585,0.0,0.0
1378,6.924999999997199,0.9900230169296265,0.9891640543937683,0.990755021572113,1.0,0.15459415316581726,0.08236033666025548,0.5277257654957966,0.8470829580250092,0.8153619889080497,0.12937522317987124,-6.895235765320161,0.0,0.0
1379,6.929999999997188,0.9892555475234985,0.9876160621643066,0.990755021572113,1.0,0.17527705430984497,0.08617931674146127,0.515017193187716,0.8467725385484409,0.8154553884587802,0.22052148981777658,-6.904495445768068,0.0,0.0
1380,6.934999999997176,0.9892555475234985,0.9876160621643066,0.990755021572113,1.0,0.15706497430801392,0.08851040120972531,0.41295548486509154,0.8465667678718207,0.8156810993745675,0.3010919351544492,-6.925428703154952,0.0,0.0
1381,6.939999999997164,0.9892555475234985,0.9876160621643066,0.990755021572113,1.0,0.15661364793777466,0.0904945443669335,0.42143287273351615,0.8461015843743344,0.8159085143758491,0.4064945245377562,-6.941566089768782,0.0,0.0
1382,6.944999999997153,0.9892555475234985,0.99071204662323,0.9876734018325806,1.0,0.14730018377304077,0.09216214266177883,0.40293307466947953,0.845742975782916,0.8161852000109783,0.47858909100231006,-6.964162891058277,0.0,0.0
1383,6.949999999997141,0.9907904267311096,0.9876160621643066,0.9938367009162903,1.0,0.1666828691959381,0.0935016021600015,0.4291289692811266,0.8452408246431494,0.816402294788122,0.5674887905973346,-6.98337277526215,0.0,0.0
1384,6.9549999999971295,0.9892555475234985,0.9876160621643066,0.990755021572113,0.8333333134651184,0.13627952337265015,0.09448858733238306,0.09026040497553786,0.8448139383275077,0.8166786612502515,0.6350954962279242,-7.00841492028532,0.0,0.0
1385,6.959999999997118,0.9892555475234985,0.9891640543937683,0.9892141819000244,1.0,0.16701288521289825,0.09050375257864837,0.3530839091365639,0.8442574462158818,0.816953635466079,0.7347778582622609,-7.026300511211315,0.0,0.0
1386,6.964999999997106,0.9892555475234985,0.9876160621643066,0.990755021572113,1.0,0.15893803536891937,0.09542871647385885,0.15275053410163253,0.8438599886397485,0.8170979587725545,0.8022466340930688,-7.0403933080118435,0.0,0.0
1387,6.9699999999970945,0.9923253655433655,0.99071204662323,0.9938367009162903,1.0,0.16282644867897034,0.09544244117686067,0.4522741739276613,0.8435468153775145,0.8173397453107625,0.9084623803778197,-7.059870098914632,0.0,0.0
1388,6.974999999997083,0.9869531393051147,0.986068069934845,0.9876734018325806,1.0,0.15701034665107727,0.09502365814573331,0.36847421316848217,0.8431139978018971,0.8174483686106173,0.9908095861338191,-7.073671047774626,0.0,0.0
1389,6.979999999997071,0.9900230169296265,0.9891640543937683,0.990755021572113,0.8333333134651184,0.13623616099357605,0.09432431513941913,0.26474167474631827,0.8428073100494528,0.8176625902147593,1.0858467905333997,-7.091568341895278,0.0,0.0
1390,6.98499999999706,0.9892555475234985,0.9876160621643066,0.990755021572113,1.0,0.14980463683605194,0.08833391417741748,0.35582746439998925,0.8424095924023272,0.8177344977224881,1.1387625721708883,-7.0963183723968255,0.0,0.0
1391,6.989999999997048,0.9907904267311096,0.9891640543937683,0.9922958612442017,1.0,0.15211710333824158,0.0919227240600347,0.002259071739357502,0.8423040361689594,0.8179726902510952,1.2013351700104542,-7.115336273285121,0.0,0.0
1392,6.994999999997036,0.9884880781173706,0.9876160621643066,0.9892141819000244,1.0,0.15826773643493652,0.09018440315366899,0.26077218336486824,0.8418814161492195,0.8180919781670001,1.2527199853045274,-7.12775988834129,0.0,0.0
1393,6.999999999997025,0.9900230169296265,0.9891640543937683,0.990755021572113,0.8333333134651184,0.128155916929245,0.08816034457722594,0.14936997659857718,0.841605335814638,0.8183813920016919,1.3099064053172755,-7.150331038514762,0.0,0.0
1394,7.004999999997013,0.9877206087112427,0.9876160621643066,0.9876734018325806,0.8333333134651184,0.14634452760219574,0.08455078011448786,0.16548125658110577,0.8411037546996719,0.8182894985071405,1.3433207890146341,-7.1458163677242545,0.0,0.0
1395,7.009999999997001,0.9907904267311096,0.9891640543937683,0.9922958612442017,1.0,0.13874533772468567,0.07913519521609555,0.264068106325229,0.8412040807172387,0.818390144822079,1.3733233235409168,-7.1544761945883115,0.0,0.0
1396,7.01499999999699,0.9884880781173706,0.986068069934845,0.990755021572113,0.8333333134651184,0.14341072738170624,0.0802178813774105,0.25052789368781136,0.8410116401202598,0.8184218668789457,1.4035498516647946,-7.1610418266302025,0.0,0.0
1397,7.019999999996978,0.9900230169296265,0.99071204662323,0.9892141819000244,0.8333333134651184,0.12921246886253357,0.0759045401513326,0.1388318043858812,0.8408657371859956,0.8185330623902799,1.427856254054285,-7.169669982375135,0.0,0.0
1398,7.024999999996966,0.9884880781173706,0.9876160621643066,0.9892141819000244,0.8333333134651184,0.13175225257873535,0.06991602743133835,0.26530852136359123,0.8406740003916637,0.8186528125682232,1.469759322511954,-7.177850231050499,0.0,0.0
1399,7.029999999996955,0.9915578961372375,0.9891640543937683,0.9938367009162903,1.0,0.16689391434192657,0.06874541873129025,0.16700625380471706,0.8404922170877667,0.8187520117254493,1.5094024695678383,-7.183833783051503,0.0,0.0
1400,7.034999999996943,0.9877206087112427,0.9876160621643066,0.9876734018325806,1.0,0.16381940245628357,0.06570459024971419,0.17158711384832095,0.8403592492655222,0.8187849319846224,1.5335529214233656,-7.185319614155148,0.0,0.0
1401,7.039999999996931,0.9892555475234985,0.9876160621643066,0.990755021572113,1.0,0.16909627616405487,0.061463002684705934,0.18424519847910634,0.8403262307965522,0.8188079987926489,1.5556447178564687,-7.1862416412159265,0.0,0.0
1402,7.04499999999692,0.9907904267311096,0.99071204662323,0.990755021572113,1.0,0.1641218066215515,0.05701298134828342,0.15994743962110397,0.8403057413063127,0.8187724261404589,1.559852796597253,-7.18423176396752,0.0,0.0
1403,7.049999999996908,0.9892555475234985,0.9876160621643066,0.990755021572113,1.0,0.1570916622877121,0.05234776659111797,0.1095581118416233,0.8403504052451662,0.8187244228220181,1.5630819193028431,-7.180556012811021,0.0,0.0
1404,7.054999999996896,0.9892555475234985,0.9876160621643066,0.990755021572113,1.0,0.15257377922534943,0.04749659825869926,0.07869340063409337,0.8404320886041996,0.8186477662423542,1.5515360921780963,-7.175280430031791,0.0,0.0
1405,7.059999999996885,0.9892555475234985,0.9876160621643066,0.990755021572113,0.8333333134651184,0.1378469616174698,0.042475991045731055,0.23255818053203722,0.8405493237770714,0.8185151828347714,1.5152771594016141,-7.168049653133657,0.0,0.0
1406,7.064999999996873,0.9884880781173706,0.9891640543937683,0.9876734018325806,1.0,0.1618974655866623,0.03548889286994459,0.020941252859154186,0.840710007708141,0.8183455829460716,1.4774449086826573,-7.156142733569723,0.0,0.0
1407,7.0699999999968615,0.9915578961372375,0.9891640543937683,0.9938367009162903,1.0,0.1552003026008606,0.03200625753991643,0.2586132577466591,0.8409746059206729,0.8181549494456022,1.4223917650955717,-7.146332565845674,0.0,0.0
1408,7.07499999999685,0.9892555475234985,0.9876160621643066,0.990755021572113,1.0,0.15492825210094452,0.0265797763787112,0.36135769398745754,0.8411926096478739,0.8178820046747504,1.3626937891512663,-7.128083333318502,0.0,0.0
1409,7.079999999996838,0.9884880781173706,0.9876160621643066,0.9892141819000244,0.8333333134651184,0.13705626130104065,0.021058187902479323,0.02826258839036912,0.8415981481484778,0.817639366544499,1.3236119132879687,-7.110825969672643,0.0,0.0
1410,7.0849999999968265,0.9900230169296265,0.9891640543937683,0.990755021572113,1.0,0.1602284461259842,0.01464300606327463,0.29584365747087327,0.8419816451183857,0.8173636656962031,1.290494517965364,-7.086334824609459,0.0,0.0
1411,7.089999999996815,0.9907904267311096,0.9876160621643066,0.9938367009162903,1.0,0.16601940989494324,0.009803588490795758,0.31691993152386816,0.8425258927864565,0.8172328195374029,1.2502829321202513,-7.073311817835129,0.0,0.0
1412,7.094999999996803,0.9884880781173706,0.9891640543937683,0.9876734018325806,0.8333333134651184,0.14047613739967346,0.004099515678538734,0.24727701304574878,0.8428152929369972,0.817030967548097,1.2201340683444923,-7.057520415167661,0.0,0.0
1413,7.0999999999967915,0.9892555475234985,0.9876160621643066,0.990755021572113,0.8333333134651184,0.13654352724552155,0.0015964547359611063,0.15975112176157194,0.8431662129962741,0.8168896218682407,1.1725450217620643,-7.041619083260389,0.0,0.0
1414,7.10499999999678,0.9900230169296265,0.9891640543937683,0.990755021572113,0.8333333134651184,0.13140854239463806,0.0069846426333713485,0.35329207965372494,0.8435195759275469,0.8166928918520031,1.1272389379864358,-7.023441724402738,0.0,0.0
1415,7.109999999996768,0.9907904267311096,0.9891640543937683,0.9922958612442017,0.8333333134651184,0.15463803708553314,0.012858124139658705,0.4219904358018865,0.8439235172354947,0.8163814116749571,1.0698976352387057,-6.99612372676078,0.0,0.0
1416,7.114999999996757,0.9877206087112427,0.986068069934845,0.9892141819000244,1.0,0.17255906760692596,0.01841206864424528,0.3476620147671485,0.8445305838497604,0.8163667338333596,1.0133561945675253,-6.990327788451178,0.0,0.0
1417,7.119999999996745,0.9907904267311096,0.99071204662323,0.990755021572113,1.0,0.17225629091262817,0.024294221333311,0.09517810870240266,0.8446593824788627,0.8163427458686596,0.9513114169675069,-6.984672962942993,0.0,0.0
1418,7.124999999996733,0.9877206087112427,0.9876160621643066,0.9876734018325806,1.0,0.15595687925815582,0.029790353024008023,0.33035505608266347,0.8447850452679335,0.8162475509948557,0.8870870845754752,-6.972170532245005,0.0,0.0
1419,7.129999999996722,0.9915578961372375,0.9891640543937683,0.9938367009162903,1.0,0.16756978631019592,0.03520395983594187,0.3798057572196639,0.8450628770612221,0.8160925068543677,0.825535236086125,-6.960484785651616,0.0,0.0
1420,7.13499999999671,0.9884880781173706,0.986068069934845,0.990755021572113,1.0,0.14596225321292877,0.04047771877082939,0.23865323159348711,0.845322560318853,0.8159998124541968,0.7548616243952228,-6.948235190466508,0.0,0.0
1421,7.139999999996698,0.9892555475234985,0.9891640543937683,0.9892141819000244,1.0,0.1496359407901764,0.04561446562215858,0.2443229341546153,0.8455947735451887,0.8159027623833315,0.6835769127428162,-6.938983145254054,0.0,0.0
1422,7.144999999996687,0.9892555475234985,0.9891640543937683,0.9892141819000244,0.6666666865348816,0.1192404255270958,0.0505863124460018,0.44420515393153726,0.8458003745499099,0.8156014063100228,0.6102105903244863,-6.9174916519865235,0.0,0.0
1423,7.149999999996675,0.9915578961372375,0.9891640543937683,0.9938367009162903,0.8333333134651184,0.1380825638771057,0.051703602050051006,0.35284132931776163,0.8462779632891884,0.8153393799757728,0.538296247413983,-6.89534427589099,0.0,0.0
1424,7.154999999996663,0.9877206087112427,0.9876160621643066,0.9876734018325806,1.0,0.16718944907188416,0.059079260905996425,0.27056244713370875,0.8467701272024224,0.8154996810421457,0.45058526669524207,-6.90617342906477,0.0,0.0
1425,7.159999999996652,0.9892555475234985,0.9876160621643066,0.990755021572113,1.0,0.12506356835365295,0.06436529092692239,0.2538908474668417,0.8465294793541163,0.815338482329855,0.37172176829870274,-6.892677988879822,0.0,0.0
1426,7.16499999999664,0.9900230169296265,0.9891640543937683,0.990755021572113,1.0,0.15280747413635254,0.06853219009488319,0.34436036128410896,0.8468293780248928,0.8154441564146476,0.29246698606371685,-6.899512104667433,0.0,0.0
1427,7.169999999996628,0.9907904267311096,0.9891640543937683,0.9922958612442017,1.0,0.15094628930091858,0.07242331701868157,0.24399997378100505,0.8466775087851681,0.8153404041790266,0.21143721679704078,-6.8932967694097025,0.0,0.0
1428,7.174999999996617,0.9884880781173706,0.9876160621643066,0.9892141819000244,1.0,0.15157054364681244,0.07605406150500403,0.27820205817604665,0.8468156273464511,0.8153746419204254,0.12466187076866243,-6.895781519964008,0.0,0.0
1429,7.179999999996605,0.9892555475234985,0.9876160621643066,0.990755021572113,0.8333333134651184,0.15148168802261353,0.07940352297714717,0.34107775445366256,0.8467604106674664,0.8154605329397614,0.026763237222980248,-6.904695270955703,0.0,0.0
1430,7.1849999999965934,0.9884880781173706,0.9891640543937683,0.9876734018325806,1.0,0.1649446338415146,0.08127593996422648,0.4117018989462031,0.8465623273120955,0.8154710397908096,-0.05746747138742458,-6.905571408754763,0.0,0.0
1431,7.189999999996582,0.9907904267311096,0.9876160621643066,0.9938367009162903,1.0,0.16856256127357483,0.08523370152654784,0.22124941936592052,0.8465428575832274,0.815530052439461,-0.13081585311098937,-6.9124850791629955,0.0,0.0
1432,7.19499999999657,0.9900230169296265,0.9891640543937683,0.990755021572113,1.0,0.15746226906776428,0.0876904897105626,0.33291865346526983,0.8463892204630445,0.8155167061731378,-0.21258428717439332,-6.911941183214999,0.0,0.0
1433,7.1999999999965585,0.9884880781173706,0.9876160621643066,0.9892141819000244,1.0,0.2049623727798462,0.08982923904230351,0.21483600209249168,0.8464013070396667,0.8158331977093619,-0.30372609128933875,-6.9392622117345555,0.0,0.0
1434,7.204999999996547,0.9892555475234985,0.9891640543937683,0.9892141819000244,1.0,0.1495520919561386,0.09158953786680282,0.16022687103917993,0.8457941730725654,0.8161051346953186,-0.38530627269328566,-6.960550143284523,0.0,0.0
1435,7.209999999996535,0.9907904267311096,0.9876160621643066,0.9938367009162903,1.0,0.14504215121269226,0.09305095249697865,0.2415413102108612,0.8453211079270107,0.8161377223409643,-0.4624859032454599,-6.9648889830712495,0.0,0.0
1436,7.2149999999965235,0.9877206087112427,0.9876160621643066,0.9876734018325806,1.0,0.15041832625865936,0.09417750700925158,0.3975277385451246,0.8452246892650833,0.8162854728539772,-0.5434391852194916,-6.978907691987179,0.0,0.0
1437,7.219999999996512,0.9900230169296265,0.9891640543937683,0.990755021572113,1.0,0.15509727597236633,0.09497397747507666,0.3340889775307987,0.8449131624002849,0.8165922595449798,-0.6442371535392952,-7.004003461703645,0.0,0.0
1438,7.2249999999965,0.9900230169296265,0.9891640543937683,0.990755021572113,1.0,0.17550471425056458,0.09539857279000769,0.10389859650633165,0.8443554786288079,0.8167492430417436,-0.7129212492999483,-7.020524910328475,0.0,0.0
1439,7.229999999996489,0.9900230169296265,0.9876160621643066,0.9922958612442017,0.8333333134651184,0.13758966326713562,0.09549901495944849,0.3834094819548752,0.8439883353260339,0.8170853524205449,-0.8041522537601941,-7.044368804935811,0.0,0.0
1440,7.234999999996477,0.9884880781173706,0.9876160621643066,0.9892141819000244,1.0,0.14470461010932922,0.09019465583031816,0.30941140327824623,0.8434584710014265,0.8173074240036063,-0.8811491197027691,-7.0597131187035265,0.0,0.0
1441,7.239999999996465,0.9892555475234985,0.9876160621643066,0.990755021572113,1.0,0.1652659922838211,0.09462704804278803,0.08571114024649235,0.8431174862510328,0.8174491627647018,-0.9478672019557361,-7.074302347247486,0.0,0.0
1442,7.244999999996454,0.9892555475234985,0.99071204662323,0.9876734018325806,1.0,0.15281087160110474,0.09370009572190736,0.44078290938387643,0.842793281172278,0.8176649527345785,-1.0207141852216695,-7.091959662349438,0.0,0.0
1443,7.249999999996442,0.9907904267311096,0.9876160621643066,0.9938367009162903,1.0,0.1710583120584488,0.09244689449107321,0.33852578595993027,0.8424008963922347,0.817816065766531,-1.0947984512751079,-7.105684760743164,0.0,0.0
1444,7.25499999999643,0.9892555475234985,0.9876160621643066,0.990755021572113,1.0,0.15446186065673828,0.09084974510883287,0.13083435741317634,0.8420958942057075,0.81816944479142,-1.1743911916742527,-7.1316165034322,0.0,0.0
1445,7.259999999996419,0.9892555475234985,0.9891640543937683,0.9892141819000244,1.0,0.16009178757667542,0.08889981044679524,0.30816850357631925,0.8415196332570622,0.8183499972818162,-1.2508693349352933,-7.143062921373489,0.0,0.0
1446,7.264999999996407,0.9892555475234985,0.9891640543937683,0.9892141819000244,1.0,0.15402378141880035,0.08666669519734872,0.06861918280115209,0.8412652684139225,0.8184690992299942,-1.3108729759015338,-7.157099056130262,0.0,0.0
1447,7.269999999996395,0.9915578961372375,0.9891640543937683,0.9938367009162903,1.0,0.15529212355613708,0.08414314695540476,0.09345777238613108,0.8409533543082164,0.8182476195468308,-1.3596182656425655,-7.1430108073018515,0.0,0.0
1448,7.274999999996384,0.9877206087112427,0.9876160621643066,0.9876734018325806,1.0,0.15806341171264648,0.08133228345101756,0.20825168301599092,0.8412664265044033,0.8180061009506816,-1.4055470374834036,-7.126821834295957,0.0,0.0
1449,7.279999999996372,0.9892555475234985,0.9876160621643066,0.990755021572113,1.0,0.15934018790721893,0.07825254709405575,0.28643649648471453,0.8416261814600898,0.8178678135005043,-1.4267439224083815,-7.12049690550427,0.0,0.0
1450,7.28499999999636,0.9900230169296265,0.9891640543937683,0.990755021572113,1.0,0.15031270682811737,0.07487734375842915,0.09979525491506062,0.8417667354332384,0.8178039925457435,-1.4489460686884257,-7.118065638608909,0.0,0.0
1451,7.289999999996349,0.9900230169296265,0.9876160621643066,0.9922958612442017,1.0,0.15911397337913513,0.07122203186349092,0.17561216420730072,0.8418207635864687,0.8175979295444629,-1.4786353473534446,-7.103770949116108,0.0,0.0
1452,7.294999999996337,0.9892555475234985,0.9891640543937683,0.9892141819000244,1.0,0.1487242877483368,0.06732333445173748,0.11487815122685459,0.8421384233529754,0.8175824726465045,-1.4943471404425976,-7.10325001789411,0.0,0.0
1453,7.299999999996325,0.9892555475234985,0.9876160621643066,0.990755021572113,1.0,0.15641888976097107,0.06315695766202498,0.03927619685556256,0.8421499996023531,0.817449293709735,-1.5094989411296882,-7.094589034632796,0.0,0.0
1454,7.304999999996314,0.9884880781173706,0.9891640543937683,0.9876734018325806,1.0,0.15949708223342896,0.058771075468047086,0.13259966638632437,0.842342465897049,0.8174317272961928,-1.5187234088455572,-7.092329074967025,0.0,0.0
1455,7.309999999996302,0.9907904267311096,0.9876160621643066,0.9938367009162903,1.0,0.15508699417114258,0.05418093653425416,0.1469481403965772,0.842392687222955,0.8174509066643706,-1.5169786633212587,-7.094385355896162,0.0,0.0
1456,7.3149999999962905,0.9892555475234985,0.9876160621643066,0.990755021572113,1.0,0.15859898924827576,0.049376080780772005,0.16004006413064215,0.8423469920911963,0.817394217430777,-1.5153201908954699,-7.0888176660543625,0.0,0.0
1457,7.319999999996279,0.9892555475234985,0.9891640543937683,0.9892141819000244,1.0,0.15198907256126404,0.04440407202818488,0.21883051402125903,0.8424707185321253,0.8174121895380495,-1.4939336263649068,-7.091275534017264,0.0,0.0
1458,7.324999999996267,0.9892555475234985,0.9891640543937683,0.9892141819000244,1.0,0.16352900862693787,0.039263027918124034,0.021780112526406634,0.8424160992440608,0.8172154153285631,-1.4705830884042579,-7.076599123782035,0.0,0.0
1459,7.3299999999962555,0.9907904267311096,0.9876160621643066,0.9938367009162903,0.8333333134651184,0.13263334333896637,0.03400375603102771,0.1810029621389894,0.8427422416937326,0.8172011356921787,-1.431684730618949,-7.076961143369486,0.0,0.0
1460,7.334999999996244,0.9877206087112427,0.9876160621643066,0.9876734018325806,1.0,0.16416433453559875,0.02818688607581157,0.3422907309758416,0.8427341968140114,0.8169846172010239,-1.3771769713193094,-7.062327255107614,0.0,0.0
1461,7.339999999996232,0.9892555475234985,0.9876160621643066,0.990755021572113,1.0,0.1703265756368637,0.023095963232998135,0.18350986713200682,0.8430593943309419,0.8167474442795896,-1.308633866381734,-7.048372868074552,0.0,0.0
1462,7.3449999999962206,0.9907904267311096,0.99071204662323,0.990755021572113,1.0,0.15044622123241425,0.017515628867051238,0.24482574398982745,0.8433694918205655,0.816700304193301,-1.276735361081138,-7.041464775625078,0.0,0.0
1463,7.349999999996209,0.9900230169296265,0.9876160621643066,0.9922958612442017,0.8333333134651184,0.14263200759887695,0.01186185086393325,0.11162748215394042,0.8435230049861093,0.8164841424076772,-1.2478281444194808,-7.023253483865868,0.0,0.0
1464,7.354999999996197,0.9884880781173706,0.9876160621643066,0.9892141819000244,1.0,0.20710083842277527,0.005863470557876858,0.2772457699396724,0.8439277003585363,0.8161322446193724,-1.2011600324780278,-6.996102360748878,0.0,0.0
1465,7.359999999996186,0.9892555475234985,0.9876160621643066,0.990755021572113,1.0,0.15003475546836853,0.0004389704699846812,0.09282552020860342,0.844531058650025,0.8159687739739236,-1.1701204960276754,-6.978097366539815,0.0,0.0
1466,7.364999999996174,0.9892555475234985,0.9891640543937683,0.9892141819000244,1.0,0.17164872586727142,0.005293723665557932,0.23110248137684694,0.8449311696324485,0.8155645240756114,-1.1269792700235883,-6.94436446479269,0.0,0.0
1467,7.369999999996162,0.9907904267311096,0.9891640543937683,0.9922958612442017,1.0,0.16223587095737457,0.01101944245887204,0.16193149673890725,0.8456807896712736,0.8153981071126968,-1.075648166879012,-6.928495382658543,0.0,0.0
1468,7.374999999996151,0.9892555475234985,0.9876160621643066,0.990755021572113,1.0,0.15365268290042877,0.016705888641076434,0.35774762816357614,0.8460334359409213,0.815375490823732,-1.0236928506909586,-6.921375130087264,0.0,0.0
1469,7.379999999996139,0.9884880781173706,0.9876160621643066,0.9892141819000244,0.8333333134651184,0.1455668807029724,0.022329104441701678,0.5038777205293201,0.8461916637758387,0.8152004462171689,-0.9567178313484082,-6.904321158761501,0.0,0.0
1470,7.384999999996127,0.9900230169296265,0.9891640543937683,0.990755021572113,1.0,0.1767462193965912,0.027489878587449716,0.34904172648142007,0.8465706409164111,0.815206615873245,-0.8927549317195188,-6.9011133884295655,0.0,0.0
1471,7.389999999996116,0.9907904267311096,0.9876160621643066,0.9938367009162903,0.8333333134651184,0.14592623710632324,0.03333974242680598,0.3403360380359494,0.8466419247015652,0.8151867260651116,-0.8249477254353703,-6.8953241077393335,0.0,0.0
1472,7.394999999996104,0.9884880781173706,0.9891640543937683,0.9876734018325806,1.0,0.15737448632717133,0.03806205864293857,0.21093075258387167,0.8467705753835704,0.8154288519990431,-0.7500745860959682,-6.905771234106635,0.0,0.0
1473,7.399999999996092,0.9892555475234985,0.9876160621643066,0.990755021572113,1.0,0.16320329904556274,0.043838673232574586,0.2893831161290579,0.8465384170198526,0.8154337167957532,-0.6782867620945628,-6.904490666371522,0.0,0.0
1474,7.404999999996081,0.9900230169296265,0.9891640543937683,0.990755021572113,1.0,0.15585054457187653,0.04887159852021196,0.26565306178909615,0.8465668740806328,0.8153507679288938,-0.6039265355373663,-6.895664071659662,0.0,0.0
1475,7.409999999996069,0.9907904267311096,0.9891640543937683,0.9922958612442017,1.0,0.15510520339012146,0.0537451555726534,0.19120795517858652,0.8467630206297853,0.8151871676534955,-0.5350172744135386,-6.882551467431727,0.0,0.0
1476,7.414999999996057,0.9884880781173706,0.986068069934845,0.990755021572113,1.0,0.15551123023033142,0.058415912911812896,0.3016224758132909,0.8470544118348505,0.8152683675106566,-0.43659459543338414,-6.886459519546421,0.0,0.0
1477,7.419999999996046,0.9907904267311096,0.99071204662323,0.990755021572113,1.0,0.15398579835891724,0.06287098202070368,0.19692603895936894,0.8469675662323017,0.8152588399584273,-0.3598820702572674,-6.88748512684201,0.0,0.0
1478,7.424999999996034,0.9877206087112427,0.9876160621643066,0.9876734018325806,0.8333333134651184,0.12079788744449615,0.06707576113487149,0.5911401772751183,0.8469447749590664,0.8152092493245018,-0.2725035472538802,-6.8808864067789095,0.0,0.0
1479,7.4299999999960225,0.9915578961372375,0.9891640543937683,0.9938367009162903,0.8333333134651184,0.1275702714920044,0.07008097169861888,0.49533366325257433,0.8470914131826909,0.8150952369219054,-0.18913464460740903,-6.874638659852127,0.0,0.0
1480,7.434999999996011,0.9884880781173706,0.986068069934845,0.990755021572113,1.0,0.16421465575695038,0.0737557323828371,0.36075896415412845,0.847230252003286,0.8151155775468495,-0.0888947745038114,-6.87630494372696,0.0,0.0
1481,7.439999999995999,0.9892555475234985,0.9891640543937683,0.9892141819000244,0.8333333134651184,0.13551625609397888,0.07827203711708725,0.46896386592126876,0.8471932234727342,0.8151810971824861,-0.012358613259299904,-6.8835211397993605,0.0,0.0
1482,7.4449999999959875,0.9892555475234985,0.9891640543937683,0.9892141819000244,1.0,0.13058984279632568,0.08017571889259419,0.22959178635851482,0.8470328635600142,0.8151162143899393,0.07791357274192043,-6.877639705949366,0.0,0.0
1483,7.449999999995976,0.9915578961372375,0.9891640543937683,0.9938367009162903,1.0,0.16690443456172943,0.08435179982794183,0.48329257791119246,0.8471635620900141,0.815287647991038,0.16514537409683952,-6.89188452930282,0.0,0.0
1484,7.454999999995964,0.9877206087112427,0.9876160621643066,0.9876734018325806,1.0,0.159665048122406,0.08687544870099467,0.4663349073134084,0.8468470104599373,0.8157011640157421,0.2551892473787515,-6.925567103469279,0.0,0.0
1485,7.4599999999959525,0.9892555475234985,0.9876160621643066,0.990755021572113,1.0,0.1583758443593979,0.08906152882899877,0.3857941678770098,0.8460985088117938,0.8155304510377869,0.3274218091536543,-6.91530998628704,0.0,0.0
1486,7.464999999995941,0.9900230169296265,0.9891640543937683,0.990755021572113,1.0,0.17273518443107605,0.09103782071681808,0.43544921644473883,0.846326444749177,0.8157044472607705,0.44317632989221983,-6.9307007581031295,0.0,0.0
1487,7.469999999995929,0.9907904267311096,0.9891640543937683,0.9922958612442017,1.0,0.16410210728645325,0.09263347188450549,0.4763638507406863,0.8459844275977082,0.8158091925624713,0.5119064930237217,-6.94211779577463,0.0,0.0
1488,7.474999999995918,0.9884880781173706,0.9876160621643066,0.9892141819000244,1.0,0.19953247904777527,0.09387267036958592,0.5242804021493543,0.8457307156494527,0.8159825363438777,0.6085039145773652,-6.959062141612232,0.0,0.0
1489,7.479999999995906,0.9892555475234985,0.9876160621643066,0.990755021572113,1.0,0.11515842378139496,0.09477238263946246,0.3884793269651903,0.8453541746308393,0.8161694687829456,0.6765042165513115,-6.976066611259406,0.0,0.0
1490,7.484999999995894,0.9884880781173706,0.9891640543937683,0.9876734018325806,1.0,0.15715211629867554,0.09532042582763259,0.4758658862717248,0.8449762975275688,0.8164740544445724,0.7989944913817192,-6.99671008955425,0.0,0.0
1491,7.489999999995883,0.9907904267311096,0.9876160621643066,0.9938367009162903,0.8333333134651184,0.1412491351366043,0.09554868394759419,0.26967706313647916,0.8445175535654611,0.8167636067583344,0.8916232158076708,-7.017336413494445,0.0,0.0
1492,7.494999999995871,0.9900230169296265,0.9891640543937683,0.990755021572113,1.0,0.1438797414302826,0.09394786390626361,0.31775030399865395,0.8440591908112345,0.8171090719527009,0.9788166616522018,-7.04232076198629,0.0,0.0
1493,7.499999999995859,0.9884880781173706,0.9876160621643066,0.9892141819000244,1.0,0.18513020873069763,0.09491412152764651,0.21566747056421798,0.8435039830669713,0.8172247097995533,1.0371972897752306,-7.057138522176542,0.0,0.0
1494,7.504999999995848,0.9892555475234985,0.9891640543937683,0.9892141819000244,1.0,0.17110922932624817,0.09410656345755503,0.323222041931026,0.8431746995071879,0.817377754009018,1.1041850810875726,-7.072156193950134,0.0,0.0
1495,7.509999999995836,0.9907904267311096,0.9876160621643066,0.9938367009162903,1.0,0.15895038843154907,0.0929808939648528,0.31956082211431375,0.8428409734677749,0.8175129216181256,1.1642082239342355,-7.0816093585600965,0.0,0.0
1496,7.514999999995824,0.9877206087112427,0.9876160621643066,0.9876734018325806,1.0,0.1470097154378891,0.09149282246888593,0.15978625191952067,0.842630903143109,0.8177617569104193,1.2205434887175317,-7.102249146740498,0.0,0.0
1497,7.519999999995813,0.9900230169296265,0.9891640543937683,0.990755021572113,1.0,0.15362486243247986,0.08968310342510448,0.24157614561225305,0.8421722411835445,0.8178382909049375,1.2592926606501549,-7.111646186385017,0.0,0.0
1498,7.524999999995801,0.9900230169296265,0.9891640543937683,0.990755021572113,1.0,0.19484566152095795,0.08757661102828238,0.12799334589224268,0.8419634180803329,0.817962393130324,1.3124716552102356,-7.1250334762606675,0.0,0.0
1499,7.529999999995789,0.9892555475234985,0.9876160621643066,0.990755021572113,0.8333333134651184,0.13050571084022522,0.08513686709409769,0.39780256552471316,0.8416659227497629,0.8181156662819058,1.362095626040723,-7.135953348248298,0.0,0.0
1500,7.534999999995778,0.9892555475234985,0.9876160621643066,0.990755021572113,1.0,0.1753738969564438,0.0780420639778022,0.20650808862145448,0.8414232589278156,0.8182095407108914,1.405066079451032,-7.142300986045305,0.0,0.0
1501,7.539999999995766,0.9892555475234985,0.9876160621643066,0.990755021572113,1.0,0.15163275599479675,0.07937589953810678,0.015785920619595092,0.8412822003101044,0.8183203497726074,1.4334221490978734,-7.1509189769466825,0.0,0.0
1502,7.544999999995754,0.9892555475234985,0.99071204662323,0.9876734018325806,1.0,0.16547517478466034,0.07606379123652968,0.05226175704909561,0.8410906894011848,0.8183839406119175,1.4581370137946363,-7.158003208553456,0.0,0.0
1503,7.549999999995743,0.9907904267311096,0.9876160621643066,0.9938367009162903,1.0,0.159499853849411,0.07249876185130828,0.10920276080178161,0.8409332620321455,0.8185228810577542,1.4907704545726241,-7.167425995119006,0.0,0.0
1504,7.554999999995731,0.9892555475234985,0.9876160621643066,0.990755021572113,1.0,0.17934010922908783,0.06865150356504382,0.18892221182621927,0.8407238667751332,0.8186337004925338,1.5197337526109045,-7.175348445156073,0.0,0.0
1505,7.5599999999957195,0.9892555475234985,0.9891640543937683,0.9892141819000244,0.8333333134651184,0.1354685127735138,0.06456252966583538,0.04705827409429504,0.8405478123298651,0.8187096087087062,1.534436460103467,-7.179907331209808,0.0,0.0
1506,7.564999999995708,0.9884880781173706,0.9876160621643066,0.9892141819000244,1.0,0.16488780081272125,0.05938715875479558,0.14963562742468106,0.8404465037508931,0.8187096888757855,1.5485251500159334,-7.179356725823193,0.0,0.0
1507,7.569999999995696,0.9923253655433655,0.99071204662323,0.9938367009162903,1.0,0.1621505320072174,0.05574705660042107,0.10987494437897387,0.8404587394261512,0.8187316077076147,1.548971690038854,-7.180046592294001,0.0,0.0
1508,7.5749999999956845,0.9869531393051147,0.986068069934845,0.9876734018325806,1.0,0.15580511093139648,0.051003984130839924,0.22303149844415524,0.8404434090601333,0.818632081392891,1.5316604224966286,-7.174520324773003,0.0,0.0
1509,7.579999999995673,0.9900230169296265,0.9891640543937683,0.990755021572113,1.0,0.15295499563217163,0.046111408363363325,0.050227453104840086,0.8405662150050444,0.8185924999820714,1.5140123442956088,-7.171159372164538,0.0,0.0
1510,7.584999999995661,0.9892555475234985,0.9876160621643066,0.990755021572113,1.0,0.15686149895191193,0.041043273325582864,0.2175901298773614,0.8406409028407881,0.8184224564487116,1.4780627214246451,-7.162239931643553,0.0,0.0
1511,7.58999999999565,0.9907904267311096,0.9891640543937683,0.9922958612442017,1.0,0.18185129761695862,0.03583955439761619,0.2594665130223417,0.8408391126301433,0.8181447558245196,1.4396406991430208,-7.144581437801018,0.0,0.0
1512,7.594999999995638,0.9884880781173706,0.9876160621643066,0.9892141819000244,1.0,0.16166004538536072,0.030498920470773305,0.18435156995468194,0.8412315236044218,0.8179414736643095,1.3859990889878808,-7.1294393165536745,0.0,0.0
1513,7.599999999995626,0.9900230169296265,0.9891640543937683,0.990755021572113,1.0,0.15630897879600525,0.025049492529099042,0.24865938901670284,0.8415680151876961,0.817708583960314,1.3294908379118138,-7.114933143767345,0.0,0.0
1514,7.604999999995615,0.9877206087112427,0.9876160621643066,0.9876734018325806,0.8333333134651184,0.14559531211853027,0.01949803820549037,0.08649553960590389,0.8418903745829479,0.8174870580217751,1.3091147208500955,-7.098632415725253,0.0,0.0
1515,7.609999999995603,0.9907904267311096,0.9891640543937683,0.9922958612442017,1.0,0.15933990478515625,0.013667983088625957,0.039629207267122185,0.8422526129838833,0.8173795754725016,1.2792827834780116,-7.085212592073606,0.0,0.0
1516,7.614999999995591,0.9884880781173706,0.986068069934845,0.990755021572113,0.8333333134651184,0.13018646836280823,0.008205229593853402,0.14713998262071556,0.8425508312872532,0.8170715752026022,1.2443100485888043,-7.060626446376354,0.0,0.0
1517,7.61999999999558,0.9900230169296265,0.99071204662323,0.9892141819000244,1.0,0.15313944220542908,0.0024622234323628945,0.23036277760622356,0.8430971900805255,0.816815489754291,1.2047991378365766,-7.0387436741805915,0.0,0.0
1518,7.624999999995568,0.9884880781173706,0.9876160621643066,0.9892141819000244,0.8333333134651184,0.13675741851329803,0.003226207674861201,0.3490761412599289,0.843583473907098,0.8165393293934645,1.157004943218278,-7.015001524285218,0.0,0.0
1519,7.629999999995556,0.9915578961372375,0.9891640543937683,0.9938367009162903,0.8333333134651184,0.14797410368919373,0.008820958389979079,0.318051499981816,0.8441110772381063,0.8163444318046048,1.1060110616081236,-6.997057782106478,0.0,0.0
1520,7.634999999995545,0.9877206087112427,0.9876160621643066,0.9876734018325806,1.0,0.17306455969810486,0.014409060503903032,0.2503476865915173,0.8445098270643004,0.8159315439286938,1.0609000667339912,-6.964003861678186,0.0,0.0
1521,7.639999999995533,0.9892555475234985,0.9876160621643066,0.990755021572113,1.0,0.12428917735815048,0.02028977435082138,0.380093478263253,0.8452443586293736,0.8155864814428536,1.014684540568418,-6.933370984194121,0.0,0.0
1522,7.644999999995521,0.9907904267311096,0.99071204662323,0.990755021572113,1.0,0.16708217561244965,0.02588259488651935,0.2670299281844816,0.8459250892401307,0.8155134856156939,0.9505253748792387,-6.922667013983184,0.0,0.0
1523,7.64999999999551,0.9892555475234985,0.9876160621643066,0.990755021572113,1.0,0.18256746232509613,0.03136912920922032,0.5505282986662681,0.8461629552448181,0.8155461063368616,0.8761275210586081,-6.921438439281223,0.0,0.0
1524,7.654999999995498,0.9892555475234985,0.9876160621643066,0.990755021572113,1.0,0.16717062890529633,0.03673650505600218,0.21482196112402802,0.8461902569048617,0.8154553876181023,0.8223699115891707,-6.910328256353344,0.0,0.0
1525,7.659999999995486,0.9892555475234985,0.9876160621643066,0.990755021572113,1.0,0.12565085291862488,0.04198281655839173,0.5269682123095505,0.8464371498588146,0.8155532839364439,0.7404881749960702,-6.914723905603627,0.0,0.0
1526,7.664999999995475,0.9884880781173706,0.9891640543937683,0.9876734018325806,1.0,0.16959883272647858,0.047057406451612334,0.4305769961002502,0.8463394687643638,0.8154886678046597,0.6650707179335675,-6.9081567295468185,0.0,0.0
1527,7.669999999995463,0.9915578961372375,0.9891640543937683,0.9938367009162903,1.0,0.18656334280967712,0.05199722652353536,0.263587473640572,0.8464854060100707,0.8154393679603962,0.5967354636639144,-6.904464800073543,0.0,0.0
1528,7.6749999999954515,0.9892555475234985,0.9876160621643066,0.990755021572113,1.0,0.15294650197029114,0.05672952555703876,0.3507836888668407,0.8465674488872545,0.8153890474089701,0.5171548630083354,-6.895904250892577,0.0,0.0
1529,7.67999999999544,0.9884880781173706,0.9876160621643066,0.9892141819000244,0.8333333134651184,0.13599172234535217,0.06126046097375204,0.4507046985630708,0.8467576833134983,0.8154406943009886,0.42113423154065177,-6.8977355575435775,0.0,0.0
1530,7.684999999995428,0.9900230169296265,0.9891640543937683,0.990755021572113,1.0,0.14957699179649353,0.06210989752286676,0.5598878455129291,0.8467169876101427,0.8156449251596042,0.35132566156588046,-6.911382730089492,0.0,0.0
1531,7.6899999999954165,0.9907904267311096,0.9876160621643066,0.9938367009162903,1.0,0.1586015671491623,0.06962582067744813,0.4179579631329922,0.8464137171091224,0.8157987015162408,0.25408501910816195,-6.922707366208109,0.0,0.0
1532,7.694999999995405,0.9884880781173706,0.9891640543937683,0.9876734018325806,0.8333333134651184,0.1332239806652069,0.07341094790662454,0.21796565102143067,0.8461620585287086,0.8156911193645422,0.1943572147355779,-6.917542715534874,0.0,0.0
1533,7.699999999995393,0.9892555475234985,0.9876160621643066,0.990755021572113,1.0,0.1492135226726532,0.07578241551861357,0.5383726707979481,0.8462768285436695,0.8157842654280181,0.09446139929048855,-6.92269837161682,0.0,0.0
1534,7.7049999999953815,0.9900230169296265,0.9891640543937683,0.990755021572113,1.0,0.1687057465314865,0.08024317564524604,0.47504142623929324,0.8461622584085151,0.8157414097413245,0.00945536933781062,-6.922518489704522,0.0,0.0
1535,7.70999999999537,0.9907904267311096,0.9891640543937683,0.9922958612442017,1.0,0.15683546662330627,0.08324428226902852,0.16078215162056597,0.8461662557843439,0.815731106160638,-0.07221264573915075,-6.923167403285615,0.0,0.0
1536,7.714999999995358,0.9877206087112427,0.986068069934845,0.9892141819000244,1.0,0.147456556558609,0.08590696671869989,0.24519073127631424,0.8461518354825419,0.8158609557974322,-0.16052102950711317,-6.934481340831886,0.0,0.0
1537,7.719999999995347,0.9907904267311096,0.99071204662323,0.990755021572113,1.0,0.1486591398715973,0.08827576825678203,0.3610598292514804,0.8459004146481803,0.8159007010953112,-0.23856192820228417,-6.939183245794177,0.0,0.0
1538,7.724999999995335,0.9877206087112427,0.9876160621643066,0.9876734018325806,1.0,0.13628219068050385,0.09030171074899405,0.35650250826620755,0.8457959278712405,0.8162078300882999,-0.35445918372981466,-6.9603130157468245,0.0,0.0
1539,7.729999999995323,0.9915578961372375,0.9891640543937683,0.9938367009162903,1.0,0.12893739342689514,0.09201257955809568,0.46864806864632763,0.8453263774278483,0.8162554814233755,-0.4233725849592786,-6.970129393164156,0.0,0.0
1540,7.734999999995312,0.9884880781173706,0.986068069934845,0.990755021572113,1.0,0.11267751455307007,0.09337549738848418,0.3789372554326609,0.8451082357074632,0.8163359906577617,-0.5231504298577568,-6.980158658008557,0.0,0.0
1541,7.7399999999953,0.9892555475234985,0.9891640543937683,0.9892141819000244,0.8333333134651184,0.17583045363426208,0.09441439678654849,0.3699140973341935,0.8448853631553654,0.816565670667369,-0.5916625781998602,-7.000162410568006,0.0,0.0
1542,7.744999999995288,0.9892555475234985,0.9891640543937683,0.9892141819000244,1.0,0.15776637196540833,0.09361985942116335,0.45308302194023137,0.844440835320711,0.8167769376078172,-0.6677534372131806,-7.016756197822838,0.0,0.0
1543,7.749999999995277,0.9915578961372375,0.9891640543937683,0.9938367009162903,0.8333333134651184,0.14108124375343323,0.09545737501660397,0.18922031879330942,0.8440720844928258,0.8170922643111485,-0.7586445348991981,-7.03948856071536,0.0,0.0
1544,7.754999999995265,0.9877206087112427,0.9876160621643066,0.9876734018325806,1.0,0.16022305190563202,0.09393990800440442,0.28438236760532143,0.843566920872992,0.8173492282059741,-0.8425718033156425,-7.061139204234555,0.0,0.0
1545,7.759999999995253,0.9892555475234985,0.9876160621643066,0.990755021572113,1.0,0.1531231850385666,0.0950538650240639,0.11320856458271403,0.8430857954614543,0.8175159526036909,-0.9396871757634805,-7.075814508042237,0.0,0.0
1546,7.764999999995242,0.9900230169296265,0.9891640543937683,0.990755021572113,1.0,0.1555977761745453,0.09438018501839662,0.05828265060323907,0.8427596775990613,0.8177264115716779,-1.020572102813259,-7.0924102118354115,0.0,0.0
1547,7.76999999999523,0.9900230169296265,0.9891640543937683,0.990755021572113,1.0,0.16357573866844177,0.09336097907366132,0.34171447735568206,0.8423908841814353,0.8178458875182816,-1.0743076079163845,-7.103249400286538,0.0,0.0
1548,7.774999999995218,0.9892555475234985,0.9876160621643066,0.990755021572113,1.0,0.1615753471851349,0.09200967871316733,0.16598068795578988,0.8421500133269658,0.81807975046008,-1.1415880535291145,-7.121752111538072,0.0,0.0
1549,7.779999999995207,0.9892555475234985,0.9876160621643066,0.990755021572113,1.0,0.15626879036426544,0.09031086589547577,0.31611142119455354,0.8417388419658206,0.8181847444526266,-1.187212941263801,-7.132887223342432,0.0,0.0
1550,7.784999999995195,0.9884880781173706,0.9891640543937683,0.9876734018325806,1.0,0.14882148802280426,0.08829848100999385,0.00946161445805265,0.8414913950368348,0.8184273061294,-1.240351301981227,-7.151133247115146,0.0,0.0
1551,7.789999999995183,0.9907904267311096,0.9876160621643066,0.9938367009162903,0.8333333134651184,0.13312417268753052,0.08598141196684449,0.37102022543327534,0.8410859278418856,0.8185882961074471,-1.2905342394882025,-7.165607358045262,0.0,0.0
1552,7.794999999995172,0.9900230169296265,0.9891640543937683,0.990755021572113,1.0,0.15940384566783905,0.07895633709104694,0.33440316259226477,0.8407642809323275,0.818709566465361,-1.3313452558147159,-7.175023260782797,0.0,0.0
1553,7.79999999999516,0.9884880781173706,0.9876160621643066,0.9892141819000244,1.0,0.1592586636543274,0.08042075367944697,0.22726926158896882,0.8405550386492712,0.8186996869692014,-1.3542381470646052,-7.178028799456579,0.0,0.0
1554,7.8049999999951485,0.9892555475234985,0.9891640543937683,0.9892141819000244,1.0,0.16017025709152222,0.07722464321778993,0.2829268929756018,0.8404882489009649,0.8188368037882527,-1.4039393040338703,-7.186378456459433,0.0,0.0
1555,7.809999999995137,0.9907904267311096,0.9876160621643066,0.9938367009162903,1.0,0.1607300341129303,0.0737554797070112,0.11732798265286364,0.8403027009675681,0.8189957906553103,-1.440953791164319,-7.19680473130687,0.0,0.0
1556,7.814999999995125,0.9877206087112427,0.9876160621643066,0.9876734018325806,1.0,0.15281958878040314,0.06998693016803141,0.32903425066461267,0.8400710059709584,0.8191048466699873,-1.4778089609853111,-7.203494509237201,0.0,0.0
1557,7.8199999999951135,0.9900230169296265,0.9891640543937683,0.990755021572113,1.0,0.15709881484508514,0.06600060671527899,0.1949183170312411,0.8399223442391733,0.8191856748661344,-1.5013810544619868,-7.208985675380665,0.0,0.0
1558,7.824999999995102,0.9900230169296265,0.9891640543937683,0.990755021572113,1.0,0.15616512298583984,0.06177812545633705,0.16242638668318626,0.8398003183248741,0.8192210160552482,-1.5192988138532528,-7.211130086278758,0.0,0.0
1559,7.82999999999509,0.9900230169296265,0.9876160621643066,0.9922958612442017,0.8333333134651184,0.13341808319091797,0.05733775565425634,0.009187669734378992,0.8397526647493609,0.8192043046095574,-1.5205824788319329,-7.210655058672024,0.0,0.0
1560,7.834999999995079,0.9884880781173706,0.9876160621643066,0.9892141819000244,1.0,0.16966281831264496,0.05193646444975553,0.1808400220813164,0.8397632209183995,0.8190807310465246,-1.5156137629682906,-7.202826387353931,0.0,0.0
1561,7.839999999995067,0.9892555475234985,0.9876160621643066,0.990755021572113,1.0,0.1607895791530609,0.04785661724980227,0.06510268027335944,0.8399371913921349,0.8190501244469343,-1.5013665894023234,-7.1984520100927245,0.0,0.0
1562,7.844999999995055,0.9892555475234985,0.99071204662323,0.9876734018325806,1.0,0.15468767285346985,0.042852351438682844,0.1959887526013509,0.8400343997757173,0.8189290837110721,-1.468069658457719,-7.193019405941107,0.0,0.0
1563,7.849999999995044,0.9900230169296265,0.9876160621643066,0.9922958612442017,0.8333333134651184,0.14273180067539215,0.03769724912795338,0.3313188694967911,0.8401551243124199,0.818700419510454,-1.4341454143385577,-7.178090110215687,0.0,0.0
1564,7.854999999995032,0.9892555475234985,0.9876160621643066,0.990755021572113,1.0,0.15579596161842346,0.03190777699445746,0.06520818925488374,0.8404868864396514,0.8185138775466742,-1.3819162423730513,-7.1665110955391915,0.0,0.0
1565,7.85999999999502,0.9892555475234985,0.9891640543937683,0.9892141819000244,0.8333333134651184,0.13520202040672302,0.02699710799433584,0.2161101636631666,0.8407441978769068,0.8182767064776444,-1.3247417880417591,-7.150102589977847,0.0,0.0
1566,7.864999999995009,0.9892555475234985,0.9891640543937683,0.9892141819000244,1.0,0.17297790944576263,0.020443521071313576,0.27676344186552543,0.8411088313338256,0.8178930811607678,-1.264091194440948,-7.126547336324706,0.0,0.0
1567,7.869999999994997,0.9915578961372375,0.9891640543937683,0.9938367009162903,1.0,0.167613223195076,0.015905344880132132,0.10740386071274273,0.8416322814150066,0.8176419491098268,-1.2324984834487736,-7.106751082372438,0.0,0.0
1568,7.874999999994985,0.9877206087112427,0.9876160621643066,0.9876734018325806,1.0,0.15403276681900024,0.010248168044694913,0.1138030961371322,0.8420721981695014,0.8173906978671637,-1.210333328663942,-7.084764738139988,0.0,0.0
1569,7.879999999994974,0.9892555475234985,0.9876160621643066,0.990755021572113,1.0,0.17367085814476013,0.004552720388460006,0.5146140852435417,0.8425607835968891,0.8169549565559292,-1.1739266477482833,-7.050844753269113,0.0,0.0
1570,7.884999999994962,0.9900230169296265,0.9891640543937683,0.990755021572113,1.0,0.16339492797851562,0.0011660230653677893,0.26133297795279437,0.8433145610384641,0.8165315312521905,-1.1433373449159623,-7.015342000207789,0.0,0.0
1571,7.88999999999495,0.9900230169296265,0.9876160621643066,0.9922958612442017,1.0,0.14751125872135162,0.006892125810440293,0.20501220618432983,0.8441035111064936,0.8161883564580329,-1.097777194455825,-6.985391117861523,0.0,0.0
1572,7.894999999994939,0.9892555475234985,0.9891640543937683,0.9892141819000244,1.0,0.1510639786720276,0.012601552300825738,0.14434376606324487,0.8447690862697439,0.8157477790251583,-1.0595467258692688,-6.950522933075916,0.0,0.0
1573,7.899999999994927,0.9892555475234985,0.9876160621643066,0.990755021572113,1.0,0.16433711349964142,0.018276635614932823,0.5358546681863008,0.8455439348205351,0.8156333167844595,-0.9967779965489335,-6.936798572682311,0.0,0.0
1574,7.904999999994915,0.9884880781173706,0.9891640543937683,0.9876734018325806,1.0,0.17305603623390198,0.023880173408103743,0.4205250102430317,0.8458489206070597,0.8155310575389817,-0.9384363978375533,-6.9257282998950735,0.0,0.0
1575,7.909999999994904,0.9907904267311096,0.9876160621643066,0.9938367009162903,1.0,0.14329886436462402,0.02940833642343124,0.42454231811519816,0.8460949266689983,0.8155733745360139,-0.873983458284831,-6.923695835018961,0.0,0.0
1576,7.914999999994892,0.9892555475234985,0.9876160621643066,0.990755021572113,0.8333333134651184,0.15333205461502075,0.034819131355816275,0.3361205096859059,0.8461400925551342,0.8154676943134496,-0.8020590411535524,-6.9144525394738805,0.0,0.0
1577,7.9199999999948805,0.9892555475234985,0.9891640543937683,0.9892141819000244,1.0,0.1651625633239746,0.03799194672038254,0.2887155711809801,0.8463454991228027,0.8154684721204798,-0.7325470195581576,-6.910030208412345,0.0,0.0
1578,7.924999999994869,0.9892555475234985,0.9891640543937683,0.9892141819000244,1.0,0.13946589827537537,0.04525825330285006,0.20337392359160303,0.8464437731463923,0.8152932059935394,-0.6549808665617819,-6.895688370794267,0.0,0.0
1579,7.929999999994857,0.9907904267311096,0.9876160621643066,0.9938367009162903,0.8333333134651184,0.1487218290567398,0.05026608266116174,0.5940545180561821,0.8467624806490163,0.8152515359927609,-0.5735436541032488,-6.890006933956982,0.0,0.0
1580,7.9349999999948455,0.9877206087112427,0.9876160621643066,0.9876734018325806,1.0,0.17028823494911194,0.05427848916100576,0.3144877305586015,0.846888734800956,0.8153395263771614,-0.5033003472238856,-6.895895864914682,0.0,0.0
1581,7.939999999994834,0.9892555475234985,0.9876160621643066,0.990755021572113,1.0,0.16159914433956146,0.059654095296716565,0.32880795702533505,0.8467578696685626,0.8152238674438694,-0.4170014148121145,-6.882815844692683,0.0,0.0
1582,7.944999999994822,0.9907904267311096,0.99071204662323,0.990755021572113,1.0,0.163118377327919,0.06407588197542942,0.39154761241166053,0.847048536784607,0.8151906649522825,-0.33692530540150534,-6.880176934609387,0.0,0.0
1583,7.9499999999948106,0.9900230169296265,0.9876160621643066,0.9922958612442017,0.8333333134651184,0.148704394698143,0.06824376142640592,0.31854205346705683,0.8471071792309025,0.8151947644411862,-0.2509095555084048,-6.882800139462147,0.0,0.0
1584,7.954999999994799,0.9884880781173706,0.9876160621643066,0.9892141819000244,1.0,0.16594310104846954,0.06832712529894591,0.3122503315257968,0.84704888578973,0.8152824818554059,-0.16603621818180034,-6.8880790651519135,0.0,0.0
1585,7.959999999994787,0.9892555475234985,0.9876160621643066,0.990755021572113,0.8333333134651184,0.14177609980106354,0.07578230665060394,0.32661653659299,0.8469315763299574,0.8152461186034119,-0.07976448655495239,-6.885661425162772,0.0,0.0
1586,7.964999999994776,0.9884880781173706,0.9891640543937683,0.9876734018325806,1.0,0.16749383509159088,0.07531493649061041,0.41561975664370515,0.8469853016630495,0.815214276040211,-0.0038671107971012626,-6.884920150110105,0.0,0.0
1587,7.969999999994764,0.9915578961372375,0.9891640543937683,0.9938367009162903,1.0,0.15667158365249634,0.08227984315652787,0.1594770517094753,0.8470017744419976,0.8152697329211559,0.08541530395771131,-6.890070559329141,0.0,0.0
1588,7.974999999994752,0.9892555475234985,0.9876160621643066,0.990755021572113,1.0,0.158236563205719,0.08506343377128148,0.4763648777616916,0.8468873209037968,0.8152760055022592,0.1721459072493914,-6.892481276235523,0.0,0.0
1589,7.979999999994741,0.9884880781173706,0.9876160621643066,0.9892141819000244,1.0,0.11376161873340607,0.08753802109550525,0.11922066885044236,0.8468337494169884,0.8154434793144454,0.2560072620067752,-6.907935603663423,0.0,0.0
1590,7.984999999994729,0.9900230169296265,0.9891640543937683,0.990755021572113,0.8333333134651184,0.14076729118824005,0.08968689280820848,0.2045388987730028,0.8464903199185906,0.8154236040535617,0.3375711332971654,-6.907817224643954,0.0,0.0
1591,7.989999999994717,0.9907904267311096,0.9876160621643066,0.9938367009162903,1.0,0.16418078541755676,0.08671466818755355,0.41826074837365046,0.8464929505634677,0.8155733282865574,0.429030738846581,-6.919904956467855,0.0,0.0
1592,7.994999999994706,0.9884880781173706,0.9891640543937683,0.9876734018325806,1.0,0.16117140650749207,0.09303656865430737,0.15746416864742824,0.8462243343007143,0.815858558762519,0.5037509905341104,-6.946537927690098,0.0,0.0
1593,7.999999999994694,0.9892555475234985,0.9876160621643066,0.990755021572113,0.8333333134651184,0.13080522418022156,0.09415703096255047,0.6293461533397294,0.8456324904957756,0.8161310586480981,0.5990896123061266,-6.967490815122716,0.0,0.0
1594,8.004999999994682,0.9900230169296265,0.9891640543937683,0.990755021572113,1.0,0.144011452794075,0.08994092121098865,0.4345995542006487,0.8451668707750508,0.8163244928770195,0.677147619519653,-6.982881590976323,0.0,0.0
1595,8.00999999999467,0.9907904267311096,0.9891640543937683,0.9922958612442017,1.0,0.15386663377285004,0.09544595061055279,0.17814096581144997,0.8448248535338595,0.816601853046097,0.7605472728039343,-7.004435819983404,0.0,0.0
1596,8.014999999994659,0.9884880781173706,0.986068069934845,0.990755021572113,1.0,0.17719192802906036,0.09553903881545962,0.4366951234515244,0.8443458706670355,0.8168686683248245,0.844030122475544,-7.02935395864287,0.0,0.0
1597,8.019999999994647,0.9907904267311096,0.99071204662323,0.990755021572113,0.8333333134651184,0.14313539862632751,0.09531182108135898,0.35455448370161524,0.8437921342523806,0.8169469131651618,0.9062002926175844,-7.038948188972783,0.0,0.0
1598,8.024999999994636,0.9877206087112427,0.9876160621643066,0.9876734018325806,1.0,0.1554034799337387,0.09327778005027272,0.2610007805891044,0.8435789291339382,0.8171488145324208,0.9683429048994318,-7.058330050702455,0.0,0.0
1599,8.029999999994624,0.9915578961372375,0.9891640543937683,0.9938367009162903,0.8333333134651184,0.14444927871227264,0.09385430733882189,0.23317956537923054,0.843148221095501,0.8172225521947313,1.0283195386374195,-7.066248779187649,0.0,0.0
1600,8.034999999994612,0.9884880781173706,0.986068069934845,0.990755021572113,1.0,0.1509592980146408,0.0881240920879652,0.40469549992383647,0.8429722493513856,0.817394733007544,1.086197174881809,-7.08016062265644,0.0,0.0
1601,8.0399999999946,0.9892555475234985,0.9891640543937683,0.9892141819000244,1.0,0.15986689925193787,0.09104610564421807,0.09306639569431141,0.8426630972743013,0.8176063530275103,1.1380982802137458,-7.100026719928667,0.0,0.0
1602,8.04499999999459,0.9892555475234985,0.9891640543937683,0.9892141819000244,0.8333333134651184,0.1324646919965744,0.08913512393458563,0.40877114705570133,0.8422216284460297,0.8177893951727805,1.1981426889576265,-7.113978015253605,0.0,0.0
1603,8.049999999994577,0.9915578961372375,0.9891640543937683,0.9938367009162903,1.0,0.11963804811239243,0.0823490982885709,0.18605220447601337,0.841911599661031,0.8178403293508486,1.2446397322140395,-7.120031787136983,0.0,0.0
1604,8.054999999994566,0.9877206087112427,0.9876160621643066,0.9876734018325806,1.0,0.15299437940120697,0.08441542395174817,0.06860398828850636,0.8417770713969559,0.8180650700703279,1.2832858898049604,-7.138471784422086,0.0,0.0
1605,8.059999999994554,0.9892555475234985,0.9876160621643066,0.990755021572113,0.8333333134651184,0.14778076112270355,0.08157749476445762,0.031573675267729535,0.8413672936795091,0.817959756296707,1.3195695740565248,-7.1327684579167245,0.0,0.0
1606,8.064999999994543,0.9900230169296265,0.9891640543937683,0.990755021572113,1.0,0.15782831609249115,0.0772969926501132,0.3219295685398572,0.8414940342685172,0.817972556584732,1.3410146594903374,-7.135307929429694,0.0,0.0
1607,8.06999999999453,0.9907904267311096,0.9891640543937683,0.9922958612442017,1.0,0.17213410139083862,0.07514320282207412,0.12132329030960332,0.841437601568229,0.8181308667419341,1.3761192443837285,-7.147083086392352,0.0,0.0
1608,8.07499999999452,0.9884880781173706,0.9876160621643066,0.9892141819000244,0.8333333134651184,0.15001998841762543,0.07146605928000489,0.15781343393394742,0.8411759314135033,0.8183190022326849,1.4150984461504905,-7.158592389940003,0.0,0.0
1609,8.079999999994508,0.9892555475234985,0.9876160621643066,0.990755021572113,1.0,0.1648300141096115,0.06426740762175438,0.10860571289625731,0.8409201691124444,0.8184014546670951,1.4409687589151157,-7.162987355762348,0.0,0.0
1610,8.084999999994496,0.9892555475234985,0.9891640543937683,0.9892141819000244,1.0,0.173550546169281,0.06339611487810189,0.08255502249549848,0.8408225032052812,0.8184003379582464,1.460059565582095,-7.161713522185938,0.0,0.0
1611,8.089999999994484,0.9900230169296265,0.9876160621643066,0.9922958612442017,1.0,0.15438975393772125,0.05903571912815114,0.13452271266022986,0.8408508106180903,0.8184665878833953,1.4693106781138483,-7.165313774653787,0.0,0.0
1612,8.094999999994473,0.9900230169296265,0.9891640543937683,0.990755021572113,1.0,0.1621645987033844,0.054453658685841344,0.20832868770859375,0.8407708050076936,0.8184121165735225,1.4625536632285099,-7.162116038268054,0.0,0.0
1613,8.099999999994461,0.9884880781173706,0.9876160621643066,0.9892141819000244,1.0,0.15366677939891815,0.04967407368893437,0.07474329201399556,0.8408418658162655,0.8183469989957158,1.4511271478719834,-7.15776453946889,0.0,0.0
1614,8.10499999999445,0.9892555475234985,0.9891640543937683,0.9892141819000244,1.0,0.16456156969070435,0.04472361989409535,0.2886204969415959,0.8409385657895803,0.8182250901663831,1.418415699508105,-7.1523080967178,0.0,0.0
1615,8.109999999994438,0.9907904267311096,0.9876160621643066,0.9938367009162903,1.0,0.1734422743320465,0.039621063003639,0.2496585057511023,0.8410598200729378,0.8180539093953362,1.3992803560186546,-7.140697858443442,0.0,0.0
1616,8.114999999994426,0.9877206087112427,0.9876160621643066,0.9876734018325806,1.0,0.12016221135854721,0.03436231252974536,0.06088850168767346,0.8413178253679235,0.8179085449586929,1.360248630059262,-7.13114871635955,0.0,0.0
1617,8.119999999994414,0.9900230169296265,0.9891640543937683,0.990755021572113,0.8333333134651184,0.1268179714679718,0.028988310878991095,0.18002195965039383,0.8415300285253433,0.8177531632441077,1.3257506711381981,-7.118444250712152,0.0,0.0
1618,8.124999999994403,0.9900230169296265,0.9891640543937683,0.990755021572113,1.0,0.16975970566272736,0.02317358224220921,0.18674710266194341,0.8418123499841744,0.8174982135464358,1.3051977022703474,-7.099683422020095,0.0,0.0
1619,8.129999999994391,0.9900230169296265,0.9876160621643066,0.9922958612442017,0.8333333134651184,0.1456184685230255,0.01794046261148977,0.15918325150732063,0.8422292572884423,0.8171620349097686,1.2843106727245948,-7.0719487948671835,0.0,0.0
1620,8.13499999999438,0.9884880781173706,0.9876160621643066,0.9892141819000244,1.0,0.16640351712703705,0.01165212637049982,0.29350999328576627,0.8428455823362848,0.816818654101375,1.2646517840440379,-7.044530424399409,0.0,0.0
1621,8.139999999994368,0.9892555475234985,0.9876160621643066,0.990755021572113,1.0,0.1713288128376007,0.006614692120269042,0.30347315864954444,0.843454879457791,0.8164488070429708,1.2327281326677049,-7.015926695930795,0.0,0.0
1622,8.144999999994356,0.9892555475234985,0.99071204662323,0.9876734018325806,1.0,0.15420818328857422,0.0008950082357814874,0.1094387828034715,0.8440905178682045,0.816045538103956,1.2044737997652084,-6.9830954323243795,0.0,0.0
1623,8.149999999994344,0.9907904267311096,0.9876160621643066,0.9938367009162903,1.0,0.1547665148973465,0.004837688254333768,0.10978411895330202,0.8448201015039027,0.8156417836268406,1.1639790433981028,-6.948664971902036,0.0,0.0
1624,8.154999999994333,0.9892555475234985,0.9876160621643066,0.990755021572113,1.0,0.168827623128891,0.010562895237268652,0.40593357685384795,0.8455852228466214,0.8152236293578752,1.1126295778648103,-6.915183325653349,0.0,0.0
1625,8.159999999994321,0.9892555475234985,0.9891640543937683,0.9892141819000244,1.0,0.1739250272512436,0.016259654042114127,0.44893869907430606,0.8463292594299255,0.8150352291004113,1.0483215034991828,-6.895459185048379,0.0,0.0
1626,8.16499999999431,0.9892555475234985,0.9876160621643066,0.990755021572113,1.0,0.15285444259643555,0.021899567755509233,0.3149859800898279,0.8467675736655915,0.8150552378047922,0.9950911291162288,-6.894575574920627,0.0,0.0
1627,8.169999999994298,0.9923253655433655,0.99071204662323,0.9938367009162903,1.0,0.1678227335214615,0.02746391525548738,0.22307868085644716,0.8467872094462083,0.8152111203189809,0.9266934468578164,-6.9007948488531525,0.0,0.0
1628,8.174999999994286,0.9869531393051147,0.986068069934845,0.9876734018325806,1.0,0.18122075498104095,0.03290175715600646,0.30284048362457133,0.8466490033588188,0.815188722496259,0.8595778406389778,-6.896455920728951,0.0,0.0
1629,8.179999999994275,0.9900230169296265,0.9891640543937683,0.990755021572113,1.0,0.16435958445072174,0.038244385497118234,0.42943527961806616,0.846745423983801,0.8149651630024572,0.7871836253416444,-6.874198274289659,0.0,0.0
1630,8.184999999994263,0.9892555475234985,0.9876160621643066,0.990755021572113,0.8333333134651184,0.12676796317100525,0.043466601691526274,0.6507648633500601,0.8472400383491187,0.8151258244562967,0.7027193686521074,-6.881377908199664,0.0,0.0
1631,8.189999999994251,0.9907904267311096,0.9891640543937683,0.9922958612442017,1.0,0.15467604994773865,0.04782287566802847,0.39953216976040995,0.8470804909288964,0.8150158964422228,0.6288796626993626,-6.874420815965201,0.0,0.0
1632,8.19499999999424,0.9884880781173706,0.9876160621643066,0.9892141819000244,1.0,0.1338876187801361,0.05338198750643013,0.31978697336087053,0.847235092978551,0.8150709355837595,0.5500502768607674,-6.873263205010452,0.0,0.0
1633,8.199999999994228,0.9900230169296265,0.9891640543937683,0.990755021572113,1.0,0.15958832204341888,0.058066174231182786,0.3345008796867068,0.8472608176664345,0.8149671410119023,0.47304474610834363,-6.865077194678507,0.0,0.0
1634,8.204999999994216,0.9877206087112427,0.9876160621643066,0.9876734018325806,0.6666666865348816,0.10808002948760986,0.06253392169501303,0.16986903759951463,0.8474427290071442,0.81499554586909,0.39762480614655005,-6.867867448210305,0.0,0.0
1635,8.209999999994205,0.9907904267311096,0.9891640543937683,0.9922958612442017,1.0,0.1834164559841156,0.06480837704165598,0.5465983240976561,0.8473807233731043,0.8148093514398869,0.3071136537645714,-6.852618932029929,0.0,0.0
1636,8.214999999994193,0.9884880781173706,0.986068069934845,0.990755021572113,1.0,0.17289204895496368,0.07081024073472213,0.283839763137446,0.8477195792882238,0.8147671557378565,0.23000398480291606,-6.850810718025321,0.0,0.0
1637,8.219999999994181,0.9900230169296265,0.99071204662323,0.9892141819000244,1.0,0.1523183286190033,0.07457213453255937,0.30409379705770934,0.8477597618216595,0.8146978101939046,0.14457771414384343,-6.844924742780418,0.0,0.0
1638,8.22499999999417,0.9884880781173706,0.9876160621643066,0.9892141819000244,1.0,0.16275347769260406,0.0780571329408843,0.38372735077174747,0.8478905612715463,0.8147165664803406,0.05745617402213788,-6.846931777220059,0.0,0.0
1639,8.229999999994158,0.9915578961372375,0.9891640543937683,0.9938367009162903,1.0,0.16219691932201385,0.0812795004942788,0.35467001794296693,0.847845960506221,0.8147816762020282,-0.02601656582314229,-6.854186106147454,0.0,0.0
1640,8.234999999994146,0.9877206087112427,0.9876160621643066,0.9876734018325806,1.0,0.14071732759475708,0.08415184201798787,0.25018147211387504,0.8476847531967233,0.8148094495063734,-0.10333318488548944,-6.858937902796596,0.0,0.0
1641,8.239999999994135,0.9892555475234985,0.9876160621643066,0.990755021572113,0.8333333134651184,0.1476370394229889,0.08674639674629649,0.39257697129551083,0.8475791577156312,0.8151146913119277,-0.1975002850744065,-6.880513016919309,0.0,0.0
1642,8.244999999994123,0.9907904267311096,0.99071204662323,0.990755021572113,1.0,0.16131749749183655,0.08467916670503517,0.49511195099078814,0.8470997107351265,0.8152161757229982,-0.2742478366397663,-6.889905730661368,0.0,0.0
1643,8.249999999994111,0.9892555475234985,0.9876160621643066,0.990755021572113,0.8333333134651184,0.13519857823848724,0.09095342715052081,0.36359629601931176,0.8468909837630807,0.8154980290177033,-0.36253732276302686,-6.913930074989916,0.0,0.0
1644,8.2549999999941,0.9892555475234985,0.9876160621643066,0.990755021572113,1.0,0.1659693419933319,0.09109282345178704,0.21090949681253493,0.8463571094446685,0.8156950529858344,-0.4445672511616475,-6.931566393419315,0.0,0.0
1645,8.259999999994088,0.9892555475234985,0.9876160621643066,0.990755021572113,1.0,0.15596970915794373,0.09380030965278568,0.46479451405506206,0.8459651912573486,0.8159996378315689,-0.5445423264929402,-6.954513713142069,0.0,0.0
1646,8.264999999994076,0.9884880781173706,0.9891640543937683,0.9876734018325806,1.0,0.15296350419521332,0.09470420225477201,0.09291030020095181,0.8454552508190651,0.8162883256798512,-0.6216626986827797,-6.978405798676193,0.0,0.0
1647,8.269999999994065,0.9915578961372375,0.9891640543937683,0.9938367009162903,1.0,0.15556883811950684,0.09530403394693533,0.3386374260026381,0.8449243155849735,0.8165983082720569,-0.7045617890613805,-7.002541565622266,0.0,0.0
1648,8.274999999994053,0.9892555475234985,0.9876160621643066,0.990755021572113,0.8333333134651184,0.13702455163002014,0.09552507908664502,0.3968222364613796,0.8443879652083941,0.8167918561390292,-0.8152160147866969,-7.018365895837982,0.0,0.0
1649,8.279999999994041,0.9884880781173706,0.9876160621643066,0.9892141819000244,0.8333333134651184,0.14948338270187378,0.09406166061774304,0.3210633821178684,0.8440363134258226,0.8171577589281426,-0.9097902632517895,-7.044250156495664,0.0,0.0
1650,8.28499999999403,0.9900230169296265,0.9891640543937683,0.990755021572113,1.0,0.16808611154556274,0.09033960581670694,0.39425999639704123,0.8434611076334297,0.8173251767612618,-0.9814007966549085,-7.056904822644457,0.0,0.0
1651,8.289999999994018,0.9907904267311096,0.9876160621643066,0.9938367009162903,1.0,0.16027957201004028,0.0942010518241638,0.3139305051810228,0.8431798928301232,0.8176763538144194,-1.0583920265441642,-7.081874719587703,0.0,0.0
1652,8.294999999994007,0.9884880781173706,0.9891640543937683,0.9876734018325806,1.0,0.1604805439710617,0.09304441672594445,0.35949239575200553,0.8426250062313844,0.8177386069684133,-1.1162275376288184,-7.091195125329884,0.0,0.0
1653,8.299999999993995,0.9892555475234985,0.9876160621643066,0.990755021572113,0.8333333134651184,0.12617650628089905,0.09160446630624447,0.24485664486767086,0.8424178861037803,0.8178681856961063,-1.190227829072626,-7.103913956168283,0.0,0.0
1654,8.304999999993983,0.9900230169296265,0.9891640543937683,0.990755021572113,1.0,0.15070916712284088,0.0885636085649283,0.07693220728562238,0.8421352454184826,0.8175965446857962,-1.251933668946125,-7.0866833005143866,0.0,0.0
1655,8.309999999993972,0.9907904267311096,0.9891640543937683,0.9922958612442017,1.0,0.15814711153507233,0.0878254969869215,0.42018691135068786,0.842518148877458,0.8174361619143643,-1.2853308375963002,-7.080114808407405,0.0,0.0
1656,8.31499999999396,0.9877206087112427,0.986068069934845,0.9892141819000244,1.0,0.16388210654258728,0.08543272347363966,0.16813409956641456,0.8426641153687243,0.8176123811222222,-1.3408153689358402,-7.095984716929535,0.0,0.0
1657,8.319999999993948,0.9907904267311096,0.99071204662323,0.990755021572113,1.0,0.1530625969171524,0.08272298301098323,0.10900022878776873,0.8423114507348992,0.8176428650282385,-1.3712005035409651,-7.100880355767021,0.0,0.0
1658,8.324999999993937,0.9877206087112427,0.9876160621643066,0.9876734018325806,1.0,0.15432266891002655,0.07970427718496391,0.19733320857010037,0.8422026587607329,0.817830715633157,-1.4118372976334008,-7.113039724511073,0.0,0.0
1659,8.329999999993925,0.9915578961372375,0.9891640543937683,0.9938367009162903,1.0,0.150613933801651,0.07642892359278834,0.12824236477426515,0.8419324505664206,0.8179723670570384,-1.4388792143719682,-7.12651086725134,0.0,0.0
1660,8.334999999993913,0.9884880781173706,0.986068069934845,0.990755021572113,1.0,0.15773196518421173,0.07284199458002834,0.10803323923394798,0.8416330918388591,0.8178167764774213,-1.468802427623318,-7.116030179835285,0.0,0.0
1661,8.339999999993902,0.9892555475234985,0.9891640543937683,0.9892141819000244,0.8333333134651184,0.12656337022781372,0.06905040135746343,0.08024161768115802,0.8418659960036603,0.8177676275889766,-1.489217834823389,-7.112996205134178,0.0,0.0
1662,8.34499999999389,0.9892555475234985,0.9891640543937683,0.9892141819000244,1.0,0.15528807044029236,0.06407397278314746,0.06764638828942018,0.8419334176636849,0.8176632321114136,-1.5031607489538696,-7.106495458556745,0.0,0.0
1663,8.349999999993878,0.9915578961372375,0.9891640543937683,0.9938367009162903,1.0,0.16678905487060547,0.06073098332723725,0.16822020292269582,0.842077878698739,0.8176011018708481,-1.517225252175171,-7.100681519630214,0.0,0.0
1664,8.354999999993867,0.9877206087112427,0.9876160621643066,0.9876734018325806,1.0,0.1536160409450531,0.05621100539646935,0.1605039656847949,0.8422070773415508,0.8176323290026495,-1.517658688208507,-7.104180404466481,0.0,0.0
1665,8.359999999993855,0.9892555475234985,0.9876160621643066,0.990755021572113,1.0,0.1614513248205185,0.051490355008250534,0.15530742604941375,0.8421293243451893,0.8175478074867639,-1.5200183756772383,-7.0972786354532245,0.0,0.0
1666,8.364999999993843,0.9900230169296265,0.9891640543937683,0.990755021572113,1.0,0.15097174048423767,0.04660339198907013,0.19902324591694895,0.8422826969899283,0.8175661963803778,-1.5031777530764023,-7.099457081684614,0.0,0.0
1667,8.369999999993832,0.9907904267311096,0.9891640543937683,0.9922958612442017,1.0,0.16061247885227203,0.04153950380920674,0.10800857392126442,0.8422342870736752,0.81739127766749,-1.4836653332520333,-7.087831309926783,0.0,0.0
1668,8.37499999999382,0.9884880781173706,0.9876160621643066,0.9892141819000244,1.0,0.15705938637256622,0.03632592561269852,0.3450062594965358,0.8424926375571826,0.8171910364550415,-1.443491386057948,-7.076162844009227,0.0,0.0
1669,8.379999999993808,0.9892555475234985,0.9876160621643066,0.990755021572113,0.8333333134651184,0.14289774000644684,0.030984329111162105,0.30323801502386966,0.842751936799795,0.817038310901628,-1.406408712323953,-7.066354454143086,0.0,0.0
1670,8.384999999993797,0.9884880781173706,0.9891640543937683,0.9876734018325806,1.0,0.16424207389354706,0.02513061616307898,0.28198499802384314,0.8429699010190426,0.8168655904279681,-1.3406328550902193,-7.055199828266275,0.0,0.0
1671,8.389999999993785,0.9907904267311096,0.9876160621643066,0.9938367009162903,1.0,0.1646214872598648,0.019978980514572454,0.2725284445779642,0.8432177815940828,0.8166389792515103,-1.2893482221902817,-7.038668053868068,0.0,0.0
1672,8.394999999993773,0.9900230169296265,0.9891640543937683,0.990755021572113,1.0,0.16866758465766907,0.01435590311286151,0.295317191936436,0.8435851543584874,0.8165113896088103,-1.260261027956652,-7.025938828454665,0.0,0.0
1673,8.399999999993762,0.9884880781173706,0.9876160621643066,0.9892141819000244,0.8333333134651184,0.13251474499702454,0.008672782344273716,0.1892070228573969,0.8438680260343407,0.8164404148647176,-1.224532787530842,-7.016498148567899,0.0,0.0
1674,8.40499999999375,0.9892555475234985,0.9891640543937683,0.9892141819000244,0.8333333134651184,0.14258605241775513,0.0029146026568703715,0.11962699492738028,0.8440778189207133,0.8162309377099436,-1.1892094348030242,-6.999045644523211,0.0,0.0
1675,8.409999999993738,0.9907904267311096,0.9876160621643066,0.9938367009162903,1.0,0.20502272248268127,0.002734772474585385,0.3125351360534958,0.8444656523439287,0.8159052573015041,-1.139546220395681,-6.972903626718685,0.0,0.0
1676,8.414999999993727,0.9877206087112427,0.9876160621643066,0.9876734018325806,1.0,0.15496954321861267,0.00850059294950202,0.24974015680291248,0.8450465860729182,0.8158571730861768,-1.0916902679060638,-6.96312853244749,0.0,0.0
1677,8.419999999993715,0.9900230169296265,0.9891640543937683,0.990755021572113,0.8333333134651184,0.14086581766605377,0.01420024430404781,0.3349640225697285,0.8452638103900558,0.8156568548552295,-1.0366032356954458,-6.94434789608902,0.0,0.0
1678,8.424999999993704,0.9900230169296265,0.9891640543937683,0.990755021572113,1.0,0.17066726088523865,0.019574932181088845,0.4764718084521351,0.8456811578646884,0.8156181956839028,-0.9649637592756045,-6.935010648864162,0.0,0.0
1679,8.429999999993692,0.9900230169296265,0.9876160621643066,0.9922958612442017,0.8333333134651184,0.15158291161060333,0.025442364773546357,0.2588778789007656,0.8458886522474631,0.8156737294042418,-0.9062400910921931,-6.935792439110815,0.0,0.0
1680,8.43499999999368,0.9884880781173706,0.9876160621643066,0.9892141819000244,1.0,0.12305060774087906,0.029423711000749746,0.2634507921044709,0.8458712791308708,0.8155033935029188,-0.8410680188377999,-6.920703876641732,0.0,0.0
1681,8.439999999993669,0.9892555475234985,0.9876160621643066,0.990755021572113,1.0,0.16680178046226501,0.03631328514083616,0.49236982221044545,0.8462065805190726,0.815337445965699,-0.772013817072553,-6.90472272058356,0.0,0.0
1682,8.444999999993657,0.9892555475234985,0.99071204662323,0.9876734018325806,0.6666666865348816,0.11698569357395172,0.04157626876674062,0.33279353899598246,0.8465617173203653,0.8150731605477931,-0.708008088243097,-6.882773975310098,0.0,0.0
1683,8.449999999993645,0.9900230169296265,0.9876160621643066,0.9922958612442017,0.8333333134651184,0.13941100239753723,0.04532271689256684,0.266167885201273,0.8470494672153311,0.8151070362305689,-0.6313655390049895,-6.881116036935451,0.0,0.0
1684,8.454999999993634,0.9892555475234985,0.9876160621643066,0.990755021572113,1.0,0.16152244806289673,0.05084555159799903,0.4783112741531685,0.8470863102903233,0.8151329201190719,-0.5505952177171506,-6.8810136788776814,0.0,0.0
1685,8.459999999993622,0.9892555475234985,0.9891640543937683,0.9892141819000244,1.0,0.18744757771492004,0.05638865080540942,0.479047498436076,0.8470885849138293,0.8152429683081592,-0.47019903169347355,-6.887887208247952,0.0,0.0
1686,8.46499999999361,0.9892555475234985,0.9891640543937683,0.9892141819000244,1.0,0.16026648879051208,0.06092177352760239,0.334644433041317,0.8469358398167122,0.8150340392043163,-0.40108836525836666,-6.872013762503879,0.0,0.0
1687,8.469999999993599,0.9915578961372375,0.9891640543937683,0.9938367009162903,0.8333333134651184,0.1354214996099472,0.06529351546687472,0.3370512617106043,0.8472885830554694,0.8151955484216711,-0.304463559262647,-6.882291868205215,0.0,0.0
1688,8.474999999993587,0.9877206087112427,0.9876160621643066,0.9876734018325806,0.8333333134651184,0.1341840922832489,0.06826700587319638,0.686352493567221,0.8470601807065508,0.8151298631898555,-0.22342993443653286,-6.876179112231792,0.0,0.0
1689,8.479999999993575,0.9892555475234985,0.9876160621643066,0.990755021572113,0.6666666865348816,0.12573912739753723,0.07216053561786227,0.5585349959055923,0.8471960197281824,0.8151157059711288,-0.14994203922851482,-6.875518175853374,0.0,0.0
1690,8.484999999993564,0.9900230169296265,0.9891640543937683,0.990755021572113,1.0,0.16277870535850525,0.07451241285561722,0.40087567691594955,0.8472107072032584,0.8151762126816692,-0.05661226076445029,-6.8813198632955395,0.0,0.0
1691,8.489999999993552,0.9900230169296265,0.9876160621643066,0.9922958612442017,1.0,0.16048669815063477,0.08008385747901836,0.17892029851142852,0.8470817808156547,0.8150088414186363,0.019340775035564774,-6.8708452378530565,0.0,0.0
1692,8.49499999999354,0.9892555475234985,0.9891640543937683,0.9892141819000244,1.0,0.15107055008411407,0.08311678880501439,0.37816761087030265,0.8473145502699321,0.8152473619977797,0.11687321011431984,-6.88601070446814,0.0,0.0
1693,8.499999999993529,0.9892555475234985,0.9876160621643066,0.990755021572113,0.8333333134651184,0.16171076893806458,0.08579537147205901,0.3072100744125709,0.846977539900708,0.8153216732495782,0.187826484629333,-6.8987980553328585,0.0,0.0
1694,8.504999999993517,0.9884880781173706,0.9891640543937683,0.9876734018325806,0.8333333134651184,0.14471907913684845,0.08350063176743507,0.29200154359433583,0.8466933765481587,0.8154905924366554,0.2822320365213433,-6.909756910269982,0.0,0.0
1695,8.509999999993505,0.9907904267311096,0.9876160621643066,0.9938367009162903,1.0,0.16059038043022156,0.08884882340947861,0.4883987488405232,0.8464498464384449,0.815565510958094,0.36028120499740157,-6.919106117365867,0.0,0.0
1696,8.514999999993494,0.9892555475234985,0.9876160621643066,0.990755021572113,1.0,0.15213671326637268,0.09197568402901406,0.25001424657909604,0.8462420862807585,0.8157144684916353,0.45537648110403384,-6.932049611312678,0.0,0.0
1697,8.519999999993482,0.9892555475234985,0.9891640543937683,0.9892141819000244,1.0,0.13521930575370789,0.09337131320661061,0.3775431832802406,0.8459544530819405,0.8159596054861729,0.5656317397110515,-6.948904528427318,0.0,0.0
1698,8.52499999999347,0.9892555475234985,0.9891640543937683,0.9892141819000244,1.0,0.1559678018093109,0.09442096951426296,0.6275354214081016,0.8455798993682818,0.8162183167304975,0.6482554102115023,-6.970890656234373,0.0,0.0
1699,8.529999999993459,0.9907904267311096,0.9876160621643066,0.9938367009162903,1.0,0.19681695103645325,0.09513793898412878,0.27308930235139933,0.8450913187503473,0.8163701797779975,0.7244129816460549,-6.987565963916697,0.0,0.0
1700,8.534999999993447,0.9877206087112427,0.9876160621643066,0.9876734018325806,0.8333333134651184,0.1424139440059662,0.09548192724736174,0.35246009672662937,0.8447207563574067,0.8165507167426033,0.8047204172496256,-7.001529125521652,0.0,0.0
1701,8.539999999993436,0.9892555475234985,0.9876160621643066,0.990755021572113,1.0,0.1633741706609726,0.09087888980077136,0.23799820614439537,0.8444104638772966,0.8166400041445356,0.8694707683730507,-7.012920254683042,0.0,0.0
1702,8.544999999993424,0.9907904267311096,0.99071204662323,0.990755021572113,1.0,0.17459732294082642,0.09522764192670015,0.26404501513302975,0.8441573276737102,0.8167716801350374,0.9466598807028587,-7.0258790146360255,0.0,0.0
1703,8.549999999993412,0.9900230169296265,0.9876160621643066,0.9922958612442017,0.8333333134651184,0.1320100873708725,0.09458213455815424,0.406861456588333,0.8438693552303105,0.8171344381460254,1.0371612696521377,-7.050488586421112,0.0,0.0
1704,8.5549999999934,0.9884880781173706,0.9876160621643066,0.9892141819000244,1.0,0.16681642830371857,0.0886014826596631,0.43216942800419056,0.8433224758573086,0.8172235685954705,1.091868698990294,-7.060020871146619,0.0,0.0
1705,8.559999999993389,0.9892555475234985,0.9876160621643066,0.990755021572113,1.0,0.1552763134241104,0.09222679868490385,0.20138815083080897,0.8431106473078529,0.8174890759121533,1.154835442606448,-7.0802308621697,0.0,0.0
1706,8.564999999993377,0.9892555475234985,0.9891640543937683,0.9892141819000244,1.0,0.17148984968662262,0.0905497560154791,0.10844117230771638,0.8426615363962289,0.8175385834808503,1.2143593123992666,-7.0878651426842065,0.0,0.0
1707,8.569999999993366,0.9907904267311096,0.9891640543937683,0.9922958612442017,0.8333333134651184,0.14962218701839447,0.08859709857276352,0.1654146222514008,0.8424918857181287,0.8177125320707866,1.2661317228840083,-7.102306109629005,0.0,0.0
1708,8.574999999993354,0.9892555475234985,0.9876160621643066,0.990755021572113,1.0,0.16896113753318787,0.08506262988285658,0.42446154169346667,0.8421709753415777,0.8180249220975361,1.3274520208154648,-7.123484781121203,0.0,0.0
1709,8.579999999993342,0.9884880781173706,0.9876160621643066,0.9892141819000244,1.0,0.16629725694656372,0.08365010646598879,0.23455818121592287,0.8417003381973066,0.8180367625927784,1.3612033248508646,-7.127136486070398,0.0,0.0
1710,8.58499999999333,0.9900230169296265,0.9891640543937683,0.990755021572113,1.0,0.15463285148143768,0.08077008101714432,0.07448339056424315,0.8416191891984356,0.8181884461982233,1.3978645811877897,-7.137139345834085,0.0,0.0
1711,8.589999999993319,0.9907904267311096,0.9876160621643066,0.9938367009162903,1.0,0.15969699621200562,0.07759346923147763,0.266245588803351,0.8413969034259092,0.8183636094917354,1.4449466361662688,-7.149297872357342,0.0,0.0
1712,8.594999999993307,0.9884880781173706,0.9891640543937683,0.9876734018325806,0.8333333134651184,0.12625788152217865,0.0741077836744576,0.11356373023939474,0.8411267139476146,0.8183621172280565,1.469307712953838,-7.150201364911007,0.0,0.0
1713,8.599999999993296,0.9892555475234985,0.9876160621643066,0.990755021572113,1.0,0.15459904074668884,0.06938950982169298,0.03777960506986833,0.841106636335311,0.8182397189358436,1.4928128292500118,-7.142746491901907,0.0,0.0
1714,8.604999999993284,0.9900230169296265,0.9891640543937683,0.990755021572113,1.0,0.16625814139842987,0.06644098226919667,0.19700509610428346,0.8412723001799576,0.8181544684985874,1.5161518032356072,-7.135628367793181,0.0,0.0
1715,8.609999999993272,0.9907904267311096,0.9891640543937683,0.9922958612442017,1.0,0.1528436690568924,0.06225565678863815,0.13763408680210507,0.8414304807157071,0.8181640725832279,1.5252479809980137,-7.137949070246045,0.0,0.0
1716,8.61499999999326,0.9884880781173706,0.986068069934845,0.990755021572113,1.0,0.16114486753940582,0.05780930225970761,0.16778352956572223,0.8413789095500879,0.8180906045059342,1.5389845975758396,-7.131904711425477,0.0,0.0
1717,8.619999999993249,0.9907904267311096,0.99071204662323,0.990755021572113,1.0,0.15057465434074402,0.05318658434998482,0.17068226031176792,0.8415132286349893,0.8181408572076813,1.5347157416992896,-7.136261557343729,0.0,0.0
1718,8.624999999993237,0.9877206087112427,0.9876160621643066,0.9876734018325806,1.0,0.16009554266929626,0.048334784735334944,0.08585807269346125,0.841416409836806,0.8179921366114061,1.527435925613747,-7.126481757312313,0.0,0.0
1719,8.629999999993226,0.9915578961372375,0.9891640543937683,0.9938367009162903,0.8333333134651184,0.12946796417236328,0.04335394191352922,0.04507488840958476,0.841633738726393,0.8179291950014225,1.5080825388948231,-7.122751977315386,0.0,0.0
1720,8.634999999993214,0.9884880781173706,0.986068069934845,0.990755021572113,1.0,0.16037055850028992,0.03764455396744776,0.12150728022924664,0.8417166227263247,0.8177068847174865,1.478889266753517,-7.108449697767843,0.0,0.0
1721,8.639999999993202,0.9892555475234985,0.9891640543937683,0.9892141819000244,0.8333333134651184,0.13352864980697632,0.03289787564909297,0.137806782694627,0.8420344511607146,0.8175150094585231,1.4375375317369352,-7.096179662661672,0.0,0.0
1722,8.64499999999319,0.9892555475234985,0.9891640543937683,0.9892141819000244,1.0,0.149043470621109,0.02709447102143609,0.20015712838975433,0.8423071186075184,0.8172960762208564,1.3855886824099388,-7.081308844911478,0.0,0.0
1723,8.64999999999318,0.9915578961372375,0.9891640543937683,0.9938367009162903,1.0,0.17497357726097107,0.021978651083305663,0.2604795857060669,0.8426375812241894,0.8169227595370115,1.3139594121815616,-7.058702516949151,0.0,0.0
1724,8.654999999993167,0.9877206087112427,0.9876160621643066,0.9876734018325806,1.0,0.15694116055965424,0.016379558123716546,0.062457698120124854,0.8431399440677967,0.8167743532499977,1.2851137926342788,-7.045194487226656,0.0,0.0
1725,8.659999999993156,0.9892555475234985,0.9876160621643066,0.990755021572113,1.0,0.15239785611629486,0.010718342669174562,0.08150871805812177,0.8434401225060744,0.8165043791838807,1.2633400747638923,-7.022559551997713,0.0,0.0
1726,8.664999999993144,0.9900230169296265,0.9891640543937683,0.990755021572113,0.8333333134651184,0.13825556635856628,0.00501649308291658,0.21374424741192824,0.8439431210667174,0.8160838762550879,1.2344903073817284,-6.989688900872537,0.0,0.0
1727,8.669999999993133,0.9907904267311096,0.9891640543937683,0.9922958612442017,1.0,0.17326036095619202,0.000700402241179735,0.23810184220971076,0.8446735799806103,0.8157103723628171,1.1974135906642216,-6.958068069870267,0.0,0.0
1728,8.67499999999312,0.9884880781173706,0.9876160621643066,0.9892141819000244,1.0,0.1520339846611023,0.0064460022661233,0.1667429162600019,0.8453762651139941,0.8153374983752281,1.147506505946855,-6.925895724831766,0.0,0.0
1729,8.67999999999311,0.9892555475234985,0.9876160621643066,0.990755021572113,1.0,0.15386031568050385,0.012166772895012097,0.14021417387913176,0.8460912061148497,0.8149600770783396,1.1028515926099103,-6.895673668964091,0.0,0.0
1730,8.684999999993098,0.9884880781173706,0.9891640543937683,0.9876734018325806,0.8333333134651184,0.13064457476139069,0.0178504870551404,0.3207502235439905,0.8467628073563536,0.8145723468287109,1.0529963352992502,-6.8630920428797975,0.0,0.0
1731,8.689999999993086,0.9907904267311096,0.9876160621643066,0.9938367009162903,1.0,0.16599521040916443,0.023153405398552214,0.2704506430053406,0.8474868434915601,0.8142809343657068,0.9995270193873107,-6.838338554375661,0.0,0.0
1732,8.694999999993074,0.9900230169296265,0.9891640543937683,0.990755021572113,1.0,0.15829338133335114,0.029039747754873182,0.3570316256755293,0.8480369210138742,0.8141513386888486,0.9209119518625523,-6.822233221832977,0.0,0.0
1733,8.699999999993063,0.9884880781173706,0.9876160621643066,0.9892141819000244,1.0,0.12617982923984528,0.034481039204541694,0.6013904111797804,0.8483948172926006,0.8141151162386949,0.854366603611693,-6.817734821100648,0.0,0.0
1734,8.704999999993051,0.9892555475234985,0.9891640543937683,0.9892141819000244,1.0,0.16654017567634583,0.03979440728814421,0.47425124768985233,0.8484947817533189,0.8142412275319176,0.7774008852266373,-6.822303010231797,0.0,0.0
1735,8.70999999999304,0.9907904267311096,0.9876160621643066,0.9938367009162903,1.0,0.15899558365345,0.044963820761129585,0.29815138143931713,0.8483932664392934,0.8142969652554408,0.6982656415713222,-6.822807567866146,0.0,0.0
1736,8.714999999993028,0.9877206087112427,0.9876160621643066,0.9876734018325806,1.0,0.15801018476486206,0.04995562098629836,0.22639222134177897,0.848382054047419,0.8143690837194881,0.6189569600973266,-6.825306923999642,0.0,0.0
1737,8.719999999993016,0.9900230169296265,0.9891640543937683,0.990755021572113,1.0,0.11939265578985214,0.0547815993257865,0.2689356308582163,0.8483265128000079,0.8141960828077635,0.5433548824495993,-6.8121081214691825,0.0,0.0
1738,8.724999999993004,0.9900230169296265,0.9891640543937683,0.990755021572113,0.8333333134651184,0.1384378969669342,0.05943399382527174,0.03713035558092896,0.8486198195229071,0.8142110628292313,0.4576378218098078,-6.810766125911733,0.0,0.0
1739,8.729999999992993,0.9892555475234985,0.9876160621643066,0.990755021572113,1.0,0.1580907702445984,0.06286239513633814,0.40078149828926474,0.848649641646406,0.814192149818741,0.36596572192354876,-6.806212999260746,0.0,0.0
1740,8.734999999992981,0.9892555475234985,0.9876160621643066,0.990755021572113,0.6666666865348816,0.12268047034740448,0.06804005437000085,0.2394806186324045,0.8487508222386501,0.8141814015603045,0.2859039707585744,-6.808280444357751,0.0,0.0
1741,8.73999999999297,0.9892555475234985,0.9876160621643066,0.990755021572113,1.0,0.16220006346702576,0.0671583672107658,0.5172485590930243,0.8487048790142722,0.8142615353699445,0.19285301471012564,-6.812679674210906,0.0,0.0
1742,8.744999999992958,0.9892555475234985,0.99071204662323,0.9876734018325806,1.0,0.17323294281959534,0.07564712307560774,0.5434744716597022,0.8486071183508688,0.8141363723568659,0.10890470358684193,-6.806042855669768,0.0,0.0
1743,8.749999999992946,0.9907904267311096,0.9876160621643066,0.9938367009162903,1.0,0.16268636286258698,0.07908394366942302,0.4884730617109018,0.8487546032073385,0.8143320843504848,0.014737699255234321,-6.818765697778836,0.0,0.0
1744,8.754999999992934,0.9892555475234985,0.9876160621643066,0.990755021572113,1.0,0.15894846618175507,0.0821774388366001,0.09316402176483789,0.8484718733826926,0.814295085157361,-0.06359731623646304,-6.818382656352106,0.0,0.0
1745,8.759999999992923,0.9892555475234985,0.9891640543937683,0.9892141819000244,1.0,0.15461888909339905,0.08500342536645815,0.3821835369978224,0.8484803854143976,0.8144189715183205,-0.16075490528597203,-6.826679175110256,0.0,0.0
1746,8.764999999992911,0.9884880781173706,0.9876160621643066,0.9892141819000244,1.0,0.1738147884607315,0.08749494740513715,0.36884099205563775,0.8482960183308832,0.8146476269621298,-0.24375207420339437,-6.848690786085505,0.0,0.0
1747,8.7699999999929,0.9923253655433655,0.99071204662323,0.9938367009162903,1.0,0.16429981589317322,0.08968574743257281,0.4815111034592253,0.8478068714203222,0.8149473905204616,-0.3391692964734605,-6.869534795269501,0.0,0.0
1748,8.774999999992888,0.9869531393051147,0.986068069934845,0.9876734018325806,1.0,0.1690271943807602,0.09148323082935442,0.34659091502659317,0.8473436712162333,0.8150627465897223,-0.44610199057319083,-6.881340524172208,0.0,0.0
1749,8.779999999992876,0.9900230169296265,0.9891640543937683,0.990755021572113,0.6666666865348816,0.11805369704961777,0.09301569600687361,0.30632617870714884,0.8470813216850621,0.8151590140969442,-0.5147930129986871,-6.895287524317021,0.0,0.0
1750,8.784999999992865,0.9892555475234985,0.9876160621643066,0.990755021572113,1.0,0.16023948788642883,0.08789098911099147,0.34500528186805707,0.8467713883485106,0.8152868678022578,-0.5968248330687012,-6.903813960906176,0.0,0.0
1751,8.789999999992853,0.9907904267311096,0.9891640543937683,0.9922958612442017,1.0,0.16047076880931854,0.0950697071294699,0.4959020221231121,0.8465819119798628,0.815690425050738,-0.7115141506817589,-6.9319523341137765,0.0,0.0
1752,8.794999999992841,0.9884880781173706,0.9876160621643066,0.9892141819000244,1.0,0.16193702816963196,0.09551959565428947,0.1525124748935944,0.8459566147974716,0.8159274796905616,-0.7922958602944264,-6.9525924194718,0.0,0.0
1753,8.79999999999283,0.9900230169296265,0.9891640543937683,0.990755021572113,1.0,0.1552605926990509,0.09566655070051969,0.5406171190272177,0.84549794623396,0.8161741255177305,-0.8952240698673675,-6.970946147945555,0.0,0.0
1754,8.804999999992818,0.9877206087112427,0.9876160621643066,0.9876734018325806,1.0,0.1719667762517929,0.09544440960935362,0.2094963760830147,0.8450900856012099,0.816489267270445,-0.9769461897939886,-6.994995631857509,0.0,0.0
1755,8.809999999992806,0.9907904267311096,0.9891640543937683,0.9922958612442017,1.0,0.15504978597164154,0.0949079875807889,0.24895511587244137,0.8445556526253887,0.8167941367380692,-1.048446892249767,-7.017497109644847,0.0,0.0
1756,8.814999999992795,0.9884880781173706,0.986068069934845,0.990755021572113,1.0,0.16901011765003204,0.09400133924562686,0.1870294246880135,0.8440556197856701,0.8168971076996913,-1.100145775003635,-7.030834658663988,0.0,0.0
1757,8.819999999992783,0.9900230169296265,0.99071204662323,0.9892141819000244,1.0,0.15672236680984497,0.09280283549392337,0.3507646127273288,0.843759229807467,0.8173297303254176,-1.2007944023361072,-7.057523536158293,0.0,0.0
1758,8.824999999992771,0.9884880781173706,0.9876160621643066,0.9892141819000244,1.0,0.14973439276218414,0.09121791599269884,0.07413081907399334,0.8431661436409268,0.8175018424036676,-1.2462343910183848,-7.073772004703662,0.0,0.0
1759,8.82999999999276,0.9915578961372375,0.9891640543937683,0.9938367009162903,1.0,0.15439185500144958,0.08937048844296558,0.2579913573197907,0.8428050665621408,0.8176997244952681,-1.302688153760668,-7.089661373925479,0.0,0.0
1760,8.834999999992748,0.9877206087112427,0.9876160621643066,0.9876734018325806,1.0,0.1687789410352707,0.08715358549705798,0.29728403979387474,0.8424519694683227,0.8176954468811207,-1.3492676655572597,-7.093314167370313,0.0,0.0
1761,8.839999999992736,0.9892555475234985,0.9876160621643066,0.990755021572113,0.8333333134651184,0.1316787451505661,0.0846748574711226,0.15135822315129488,0.8423707962806597,0.8178568026373447,-1.3833023107072084,-7.109207532076182,0.0,0.0
1762,8.844999999992725,0.9907904267311096,0.99071204662323,0.990755021572113,1.0,0.1575813591480255,0.07790084067860324,0.2952969519672925,0.842017610398307,0.8179124363204782,-1.415957841001833,-7.114928363743725,0.0,0.0
1763,8.849999999992713,0.9892555475234985,0.9876160621643066,0.990755021572113,1.0,0.16673539578914642,0.07879888660926666,0.3414129804957662,0.8418904808056951,0.8180282561206665,-1.4479453758489818,-7.125586561354666,0.0,0.0
1764,8.854999999992701,0.9892555475234985,0.9876160621643066,0.990755021572113,1.0,0.15377475321292877,0.07542351997431249,0.4172554897277406,0.8416536319698963,0.818162886697931,-1.4902177399127388,-7.134543773138036,0.0,0.0
1765,8.85999999999269,0.9892555475234985,0.9876160621643066,0.990755021572113,1.0,0.1509234756231308,0.0717827308781288,0.12041560507244241,0.8414545828191548,0.8182683993537568,-1.5191389660556749,-7.143082395686316,0.0,0.0
1766,8.864999999992678,0.9884880781173706,0.9891640543937683,0.9876734018325806,1.0,0.1609596163034439,0.0678803661549842,0.14591747204668398,0.8412648356514152,0.8181420941253676,-1.5427732385884978,-7.134239426949231,0.0,0.0
1767,8.869999999992666,0.9915578961372375,0.9891640543937683,0.9938367009162903,1.0,0.14938472211360931,0.06379270131318582,0.1292337014945853,0.8414613460677949,0.8182009161941024,-1.5537069456909618,-7.138707833941333,0.0,0.0
1768,8.874999999992655,0.9892555475234985,0.9876160621643066,0.990755021572113,1.0,0.1574328988790512,0.059428327730745155,0.039451136881872476,0.8413620481346371,0.8181344306533407,-1.5659028234563928,-7.13470947128779,0.0,0.0
1769,8.879999999992643,0.9884880781173706,0.9876160621643066,0.9892141819000244,1.0,0.1604345738887787,0.054859155375861016,0.13164560483320004,0.8414509006380491,0.8181197156054606,-1.570268467129215,-7.13306385693317,0.0,0.0
1770,8.884999999992631,0.9900230169296265,0.9891640543937683,0.990755021572113,1.0,0.15469548106193542,0.05010158222847371,0.15684046143804192,0.8414874698459296,0.8180669835131006,-1.5580693833390002,-7.1310063138555995,0.0,0.0
1771,8.88999999999262,0.9907904267311096,0.9876160621643066,0.9938367009162903,1.0,0.15971574187278748,0.04516643884559407,0.16683876393249186,0.8415331930254311,0.8179097822842853,-1.5448410413920337,-7.119378042630557,0.0,0.0
1772,8.894999999992608,0.9884880781173706,0.9891640543937683,0.9876734018325806,1.0,0.1516912877559662,0.040063607888875946,0.23589671267383333,0.8417915990526543,0.817827310245173,-1.5117429832505769,-7.1157965504141165,0.0,0.0
1773,8.899999999992596,0.9892555475234985,0.9876160621643066,0.990755021572113,1.0,0.11994681507349014,0.034812140934754265,0.027140156070320564,0.8418711877685752,0.8175747010664457,-1.4809876736749472,-7.099127602898022,0.0,0.0
1774,8.904999999992585,0.9900230169296265,0.9891640543937683,0.990755021572113,1.0,0.1825999915599823,0.029448238950743617,0.3037950278832793,0.8422416088244884,0.8173619307283961,-1.4166964553608965,-7.088148896234851,0.0,0.0
1775,8.909999999992573,0.9907904267311096,0.9891640543937683,0.9922958612442017,0.8333333134651184,0.14459170401096344,0.023971182691691247,0.31604960567594825,0.8424855800836699,0.8171057505662594,-1.3557058404703255,-7.0692092435456,0.0,0.0
1776,8.914999999992562,0.9877206087112427,0.986068069934845,0.9892141819000244,1.0,0.12151716649532318,0.01811434664366667,0.04991154146818322,0.8429064612545423,0.816850710290285,-1.3029550750816221,-7.051750592289466,0.0,0.0
1777,8.91999999999255,0.9907904267311096,0.99071204662323,0.990755021572113,1.0,0.1587357521057129,0.0127629044009575,0.32050358375897225,0.8432944312824563,0.8166299224189517,-1.2663894759774492,-7.031698277980713,0.0,0.0
1778,8.924999999992538,0.9877206087112427,0.9876160621643066,0.9876734018325806,1.0,0.18489590287208557,0.007071206783542443,0.2781460487124657,0.8437400382670952,0.8163808283949655,-1.2315615097061816,-7.013169366650625,0.0,0.0
1779,8.929999999992527,0.9915578961372375,0.9891640543937683,0.9938367009162903,0.8333333134651184,0.1356935203075409,0.001351664955427926,0.1772424737968814,0.8441517918522083,0.8163444159766996,-1.1862824617270307,-7.004007352228877,0.0,0.0
1780,8.934999999992515,0.9884880781173706,0.986068069934845,0.990755021572113,0.8333333134651184,0.13975510001182556,0.004166332750924071,0.32766986123611574,0.8443553921726916,0.8161182626673197,-1.1395200730704986,-6.984651543957632,0.0,0.0
1781,8.939999999992503,0.9892555475234985,0.9891640543937683,0.9892141819000244,1.0,0.1735515147447586,0.0099548938007537,0.41741135838163307,0.844785521245386,0.815865813634323,-1.0838098352652656,-6.960575136113086,0.0,0.0
1782,8.944999999992492,0.9892555475234985,0.9891640543937683,0.9892141819000244,1.0,0.1462354212999344,0.01578918283992793,0.28472477708173993,0.8453205525308203,0.8157844732861095,-1.028459073317803,-6.949001334772741,0.0,0.0
1783,8.94999999999248,0.9915578961372375,0.9891640543937683,0.9938367009162903,1.0,0.17204393446445465,0.021429755196494912,0.2809984824965762,0.8455777481161613,0.8157033955048277,-0.9692696614312709,-6.940232690768118,0.0,0.0
1784,8.954999999992468,0.9877206087112427,0.9876160621643066,0.9876734018325806,1.0,0.18821778893470764,0.026982336211205576,0.27672061867191916,0.8457726068718197,0.8155354162001736,-0.9068304099413593,-6.924590039527766,0.0,0.0
1785,8.959999999992457,0.9892555475234985,0.9876160621643066,0.990755021572113,0.8333333134651184,0.14662429690361023,0.03245168538138067,0.20112611120672813,0.8461202213438275,0.815358992286682,-0.8511951309070658,-6.90870212341031,0.0,0.0
1786,8.964999999992445,0.9900230169296265,0.9891640543937683,0.990755021572113,1.0,0.15285232663154602,0.03581368136223603,0.13741406827294833,0.8464732861464376,0.8151992810944342,-0.7765340602367647,-6.891652018451443,0.0,0.0
1787,8.969999999992433,0.9907904267311096,0.9891640543937683,0.9922958612442017,0.8333333134651184,0.13276709616184235,0.043047900341661935,0.35059464482572295,0.8468521773677458,0.8149913578619878,-0.7113134388577579,-6.874981518530638,0.0,0.0
1788,8.974999999992422,0.9884880781173706,0.9876160621643066,0.9892141819000244,0.8333333134651184,0.1571195274591446,0.04743372976511034,0.48774787400210445,0.8472226329215413,0.8149464886810762,-0.634977363251774,-6.8691333165819835,0.0,0.0
1789,8.97999999999241,0.9892555475234985,0.9876160621643066,0.990755021572113,1.0,0.17196956276893616,0.05219201699017828,0.18842902184563273,0.8473525929648448,0.8150254390965029,-0.5629730172662922,-6.872837355667397,0.0,0.0
1790,8.984999999992398,0.9884880781173706,0.9891640543937683,0.9876734018325806,0.6666666865348816,0.1283542364835739,0.057690571606081285,0.14550166326623198,0.8472702809851689,0.8150455988569479,-0.4741136322464295,-6.870662275648092,0.0,0.0
1791,8.989999999992387,0.9907904267311096,0.9876160621643066,0.9938367009162903,1.0,0.1524159014225006,0.060264805052292716,0.4878063861071528,0.847318616096709,0.8150478227941266,-0.402811111596558,-6.870076548646009,0.0,0.0
1792,8.994999999992375,0.9900230169296265,0.9891640543937683,0.990755021572113,1.0,0.15064267814159393,0.06646180155717225,0.33067368050686163,0.8473316322523109,0.8150058626453647,-0.3243397332371411,-6.8684618286826495,0.0,0.0
1793,8.999999999992363,0.9884880781173706,0.9876160621643066,0.9892141819000244,1.0,0.16679808497428894,0.0704783662272289,0.1956146729372232,0.8473675149181633,0.8149082989825953,-0.2506441186888544,-6.858112557094417,0.0,0.0
1794,9.004999999992352,0.9892555475234985,0.9891640543937683,0.9892141819000244,0.8333333134651184,0.13472796976566315,0.07426716789767755,0.2665337904978003,0.8475974987312351,0.8149435787464289,-0.1616709641320969,-6.863466393875381,0.0,0.0
1795,9.00999999999234,0.9907904267311096,0.9876160621643066,0.9938367009162903,1.0,0.15556707978248596,0.07366232456626363,0.4972952236310042,0.8474785245805471,0.8149588811895394,-0.07942294728926766,-6.863317306276146,0.0,0.0
1796,9.014999999992328,0.9877206087112427,0.9876160621643066,0.9876734018325806,1.0,0.1611732840538025,0.08097886119762747,0.4598027529039079,0.8474818376383079,0.8151813955371989,0.02216300250277991,-6.879849260935673,0.0,0.0
1797,9.019999999992317,0.9900230169296265,0.9891640543937683,0.990755021572113,0.8333333134651184,0.1425337791442871,0.0838829124923381,0.3934345688451782,0.8471144608680962,0.8152179687068918,0.10831961817836488,-6.886022910173697,0.0,0.0
1798,9.024999999992305,0.9900230169296265,0.9891640543937683,0.990755021572113,1.0,0.1913616806268692,0.08517137419482816,0.5793965927683019,0.8469772686628068,0.8154134449664706,0.20094528315900023,-6.901528286943729,0.0,0.0
1799,9.029999999992294,0.9900230169296265,0.9876160621643066,0.9922958612442017,0.8333333134651184,0.13599571585655212,0.08879260988127419,0.5984151260735162,0.8466327047345839,0.8156276414964658,0.2802405015125897,-6.920141658100127,0.0,0.0
1800,9.034999999992282,0.9884880781173706,0.9876160621643066,0.9892141819000244,0.8333333134651184,0.1500423401594162,0.08944202396678744,0.33775309819259797,0.8462190742644417,0.815873308987081,0.36848412945300296,-6.940536052430354,0.0,0.0
1801,9.03999999999227,0.9892555475234985,0.9876160621643066,0.990755021572113,1.0,0.17518240213394165,0.09092664658141175,0.3942706309662169,0.8457658655015476,0.8157800743854328,0.4385422234249397,-6.935648259303496,0.0,0.0
1802,9.044999999992259,0.9892555475234985,0.99071204662323,0.9876734018325806,1.0,0.17297062277793884,0.09369601475614839,0.28883934800555094,0.845874483126589,0.816024526592507,0.536148731790847,-6.954836238156483,0.0,0.0
1803,9.049999999992247,0.9900230169296265,0.9876160621643066,0.9922958612442017,0.8333333134651184,0.1437646448612213,0.0946563833669392,0.11578091813776696,0.8454480835965226,0.816376479257074,0.6205411633393915,-6.981439515147037,0.0,0.0
1804,9.054999999992235,0.9892555475234985,0.9876160621643066,0.990755021572113,1.0,0.14943824708461761,0.09377701368357182,0.26104067448885104,0.8448568996633992,0.8166931730515541,0.6992596991321011,-7.0054329695268684,0.0,0.0
1805,9.059999999992224,0.9892555475234985,0.9891640543937683,0.9892141819000244,1.0,0.15991362929344177,0.09549706449939149,0.4681079275173086,0.8443237117882918,0.8170014267346477,0.7978921549368271,-7.02831706524327,0.0,0.0
1806,9.064999999992212,0.9900230169296265,0.9891640543937683,0.990755021572113,1.0,0.16261626780033112,0.0954184306632562,0.12445447148820239,0.8438151763279274,0.8171914809693414,0.8728279531816081,-7.04626105570054,0.0,0.0
1807,9.0699999999922,0.9915578961372375,0.9891640543937683,0.9938367009162903,1.0,0.15518544614315033,0.09502722769877774,0.4235010504661123,0.8434164209844325,0.8173832284964744,0.9808356199704019,-7.060137403538935,0.0,0.0
1808,9.074999999992189,0.9877206087112427,0.9876160621643066,0.9876734018325806,1.0,0.1620875746011734,0.0942503797300629,0.07084851328801589,0.8431080576991348,0.8176878559312246,1.044187421218573,-7.085882801854207,0.0,0.0
1809,9.079999999992177,0.9892555475234985,0.9876160621643066,0.990755021572113,1.0,0.16145075857639313,0.09313136831045875,0.24951338259706862,0.8425359377365732,0.8179928298587634,1.128745892600466,-7.108201629580072,0.0,0.0
1810,9.084999999992165,0.9900230169296265,0.9891640543937683,0.990755021572113,0.8333333134651184,0.16442622244358063,0.09169693881977999,0.5232221667576695,0.8420399637871095,0.8180911111057301,1.2034770292607717,-7.1217350827330375,0.0,0.0
1811,9.089999999992154,0.9900230169296265,0.9876160621643066,0.9922958612442017,1.0,0.15190692245960236,0.08867514228617074,0.07381489070495723,0.8417392203837103,0.8180720005037624,1.265156289585709,-7.122178938160958,0.0,0.0
1812,9.094999999992142,0.9892555475234985,0.9891640543937683,0.9892141819000244,1.0,0.15375258028507233,0.08790801090710973,0.07888616438501404,0.8417293569297565,0.8177488176083627,1.3237127721594881,-7.10132407378771,0.0,0.0
1813,9.09999999999213,0.9892555475234985,0.9876160621643066,0.990755021572113,1.0,0.1564629226922989,0.08559542351287196,0.17489683006700105,0.842192798360273,0.8174406389207396,1.3795895409671675,-7.080792192872817,0.0,0.0
1814,9.104999999992119,0.9884880781173706,0.9891640543937683,0.9876734018325806,1.0,0.17657969892024994,0.08296318801837334,0.2935716041473284,0.8426490623806041,0.8171368163609175,1.4088847384448961,-7.063258807430493,0.0,0.0
1815,9.109999999992107,0.9907904267311096,0.9876160621643066,0.9938367009162903,0.8333333134651184,0.14882110059261322,0.08005143833197388,0.02066744104509822,0.8430386931682112,0.8173840260475345,1.442552720052237,-7.082792100169493,0.0,0.0
1816,9.114999999992095,0.9892555475234985,0.9876160621643066,0.990755021572113,1.0,0.1512058824300766,0.07557036572610919,0.37030851398471365,0.8426046199962335,0.817434277657588,1.4600249736074284,-7.086896351167611,0.0,0.0
1817,9.119999999992084,0.9892555475234985,0.9891640543937683,0.9892141819000244,1.0,0.15616990625858307,0.07321279797061017,0.14200356691032298,0.8425134144184976,0.8176930630001481,1.5009493573267711,-7.104063828385532,0.0,0.0
1818,9.124999999992072,0.9892555475234985,0.9891640543937683,0.9892141819000244,1.0,0.1562575399875641,0.0693865864480818,0.20967316895077223,0.8421319149247659,0.8179136043940246,1.5396368352209446,-7.117691254769102,0.0,0.0
1819,9.12999999999206,0.9907904267311096,0.9876160621643066,0.9938367009162903,0.8333333134651184,0.13832984864711761,0.06533489551258513,0.028868611382024085,0.8418290832273533,0.8180651939711774,1.5658003372571871,-7.12792544555548,0.0,0.0
1820,9.134999999992049,0.9877206087112427,0.9876160621643066,0.9876734018325806,0.8333333134651184,0.13157309591770172,0.06015994098498371,0.15357231559710358,0.8416016567654337,0.8181739253545226,1.5805250313050514,-7.1337826230970425,0.0,0.0
1821,9.139999999992037,0.9892555475234985,0.9876160621643066,0.990755021572113,1.0,0.1635982096195221,0.05378299037927994,0.060382484751398215,0.8414714972645102,0.8182346198572569,1.5892947177577506,-7.137373060202271,0.0,0.0
1822,9.144999999992026,0.9907904267311096,0.99071204662323,0.990755021572113,1.0,0.17508472502231598,0.05183631858564033,0.18475619737900892,0.8413917097732828,0.8182052241867395,1.585473299164492,-7.134562834715998,0.0,0.0
1823,9.149999999992014,0.9900230169296265,0.9876160621643066,0.9922958612442017,1.0,0.1571364849805832,0.04696073403703357,0.07196444329577402,0.8414541592285334,0.8181778749209919,1.5671565209234823,-7.131968936627379,0.0,0.0
1824,9.154999999992002,0.9884880781173706,0.9876160621643066,0.9892141819000244,1.0,0.15517020225524902,0.04190530663415195,0.18363569819301875,0.8415118014082805,0.818077816472248,1.5362019695478815,-7.126581655371325,0.0,0.0
1825,9.15999999999199,0.9892555475234985,0.9876160621643066,0.990755021572113,1.0,0.17929309606552124,0.03670771700099941,0.2742605678006699,0.8416315187695261,0.8179398252491504,1.4985956849083872,-7.117433842601382,0.0,0.0
1826,9.164999999991979,0.9884880781173706,0.9891640543937683,0.9876734018325806,1.0,0.18757358193397522,0.03137662787703526,0.29779760648911385,0.8418348034977471,0.817738734425312,1.4475883866474175,-7.105745261930672,0.0,0.0
1827,9.169999999991967,0.9915578961372375,0.9891640543937683,0.9938367009162903,1.0,0.16152825951576233,0.025944614665431798,0.338956045593612,0.842094549734874,0.8176684817760653,1.3861343182575467,-7.100755221869504,0.0,0.0
1828,9.174999999991956,0.9892555475234985,0.9876160621643066,0.990755021572113,1.0,0.15542420744895935,0.020401179774218806,0.0906052843702202,0.8422054395140111,0.8173717043481876,1.3279121976238477,-7.082830183580599,0.0,0.0
1829,9.179999999991944,0.9884880781173706,0.9876160621643066,0.9892141819000244,1.0,0.12425051629543304,0.014787152804379517,0.11941867438390252,0.8426037736982089,0.8170384319473931,1.2532725915030687,-7.061065080451443,0.0,0.0
1830,9.184999999991932,0.9900230169296265,0.9891640543937683,0.990755021572113,1.0,0.16239885985851288,0.009119316957410533,0.23621869021990116,0.8430874426566346,0.8168238387191356,1.21608802842527,-7.041497619678256,0.0,0.0
1831,9.18999999999192,0.9907904267311096,0.9876160621643066,0.9938367009162903,1.0,0.16691738367080688,0.003411277968087891,0.2927253491432783,0.843522275118261,0.8165963986267376,1.1761304761148843,-7.021916946364353,0.0,0.0
1832,9.194999999991909,0.9884880781173706,0.9891640543937683,0.9876734018325806,1.0,0.12236486375331879,0.002316065307757228,0.17407523881693307,0.8439574011919033,0.8164717781654346,1.1376485741425062,-7.008632960743945,0.0,0.0
1833,9.199999999991897,0.9892555475234985,0.9876160621643066,0.990755021572113,0.8333333134651184,0.1294977366924286,0.008038650363913661,0.3901429795667832,0.8442526008723568,0.8163237043121047,1.0843764274137249,-6.994053641520882,0.0,0.0
1834,9.204999999991886,0.9900230169296265,0.9891640543937683,0.990755021572113,1.0,0.1986728310585022,0.013543055938346472,0.31074718279041585,0.8445765857439804,0.81601054708785,1.035367212444394,-6.970064006752593,0.0,0.0
1835,9.209999999991874,0.9907904267311096,0.9891640543937683,0.9922958612442017,1.0,0.1564866602420807,0.019399354151299363,0.21193866977362014,0.8451096887388313,0.8159507816497147,0.9837162407436321,-6.960063405281071,0.0,0.0
1836,9.214999999991862,0.9884880781173706,0.986068069934845,0.990755021572113,0.8333333134651184,0.13817447423934937,0.02498216782829599,0.35824912193015884,0.8453319243270874,0.8158082943965376,0.9161110049278738,-6.94510768996011,0.0,0.0
1837,9.21999999999185,0.9907904267311096,0.99071204662323,0.990755021572113,1.0,0.1679273545742035,0.03005819123310872,0.4102410937356032,0.845664273556442,0.8156589397045967,0.8500924862535776,-6.930789856736409,0.0,0.0
1838,9.224999999991839,0.9877206087112427,0.9876160621643066,0.9876734018325806,0.8333333134651184,0.1449485719203949,0.03587900487109329,0.3900547600026357,0.8459824476280798,0.8157036857196327,0.7795379866346572,-6.93085912463014,0.0,0.0
1839,9.229999999991827,0.9915578961372375,0.9891640543937683,0.9938367009162903,1.0,0.14847126603126526,0.03914490525342862,0.19297956198550378,0.8459809083415525,0.8154759470828729,0.722438108553326,-6.910963543828969,0.0,0.0
1840,9.234999999991816,0.9884880781173706,0.986068069934845,0.990755021572113,0.8333333134651184,0.1374461054801941,0.04627206124602786,0.2040805090963734,0.8464230323593562,0.8152972239069909,0.6485919987425229,-6.896837390205276,0.0,0.0
1841,9.239999999991804,0.9892555475234985,0.9891640543937683,0.9892141819000244,1.0,0.1668088585138321,0.05043488948733003,0.3540892360372897,0.8467369468843272,0.8150664335177331,0.5757306890684509,-6.876965023981023,0.0,0.0
1842,9.244999999991792,0.9892555475234985,0.9891640543937683,0.9892141819000244,1.0,0.13115881383419037,0.05602363071897722,0.4359724779147429,0.8471785550226439,0.8150895225764502,0.5024226880807214,-6.876800055709626,0.0,0.0
1843,9.24999999999178,0.9915578961372375,0.9891640543937683,0.9938367009162903,1.0,0.15281358361244202,0.06060338535597605,0.25418280667105525,0.8471822209842306,0.8151036992646213,0.4234204832070332,-6.876877591660755,0.0,0.0
1844,9.25499999999177,0.9877206087112427,0.9876160621643066,0.9876734018325806,1.0,0.15187619626522064,0.06493082747037375,0.15130537288113247,0.8471804979630944,0.8149599902586903,0.3504041224583546,-6.866925763786717,0.0,0.0
1845,9.259999999991757,0.9892555475234985,0.9876160621643066,0.990755021572113,0.8333333134651184,0.10643972456455231,0.06905801180332315,0.2596830024164148,0.8474016496936285,0.8150223682102052,0.2626263672815052,-6.870722807790738,0.0,0.0
1846,9.264999999991746,0.9900230169296265,0.9891640543937683,0.990755021572113,0.6666666865348816,0.11741151660680771,0.06937354235266908,0.2563218778631158,0.8473172709379836,0.8150440290247343,0.18536533625377763,-6.873913044025509,0.0,0.0
1847,9.269999999991734,0.9907904267311096,0.9891640543937683,0.9922958612442017,1.0,0.14199420809745789,0.07140480931079204,0.36920488163043064,0.8472463767994332,0.8151633142068188,0.08033657024846225,-6.880347177781678,0.0,0.0
1848,9.274999999991723,0.9884880781173706,0.9876160621643066,0.9892141819000244,1.0,0.14880380034446716,0.07982622198240565,0.21390876387673224,0.8471033960492961,0.8152750459330655,-0.006771833328883642,-6.892247832400607,0.0,0.0
1849,9.27999999999171,0.9892555475234985,0.9876160621643066,0.990755021572113,1.0,0.1681903898715973,0.08283466892742246,0.48712539063102517,0.8468389370577643,0.8152096285913176,-0.08697704364179763,-6.890115614921735,0.0,0.0
1850,9.2849999999917,0.9884880781173706,0.9891640543937683,0.9876734018325806,1.0,0.15553103387355804,0.08556703729496487,0.1843328539714609,0.8468863196684059,0.8154253125209294,-0.1866528956723048,-6.905175842763717,0.0,0.0
1851,9.289999999991688,0.9907904267311096,0.9876160621643066,0.9938367009162903,1.0,0.18569517135620117,0.08797945446712788,0.3566422540674466,0.8465516479385841,0.815452823848257,-0.2585065877180649,-6.909439701258918,0.0,0.0
1852,9.294999999991676,0.9900230169296265,0.9891640543937683,0.990755021572113,1.0,0.1609325408935547,0.09008782941932776,0.27875364930287044,0.8464568955275796,0.8157233300661912,-0.3419642178018329,-6.9306676582154045,0.0,0.0
1853,9.299999999991664,0.9884880781173706,0.9876160621643066,0.9892141819000244,0.8333333134651184,0.14816245436668396,0.09181096282962806,0.40941796603994235,0.8459851631507688,0.8156669406239374,-0.41966620470426486,-6.931186103858972,0.0,0.0
1854,9.304999999991653,0.9892555475234985,0.9891640543937683,0.9892141819000244,0.8333333134651184,0.14606168866157532,0.0918242908335592,0.28402081606412943,0.8459736421364673,0.8160575541215912,-0.5146821284670163,-6.960531814125042,0.0,0.0
1855,9.309999999991641,0.9907904267311096,0.9876160621643066,0.9938367009162903,1.0,0.15903696417808533,0.08974041816584212,0.4347622240795487,0.8453215152416658,0.816196302777864,-0.5814637191753976,-6.97366557812263,0.0,0.0
1856,9.31499999999163,0.9877206087112427,0.9876160621643066,0.9876734018325806,1.0,0.16880182921886444,0.09505400226816962,0.21163724594473934,0.8450296538194971,0.8163698776062962,-0.6524835977541199,-6.989856007278455,0.0,0.0
1857,9.319999999991618,0.9900230169296265,0.9891640543937683,0.990755021572113,1.0,0.15318690240383148,0.09546135577111257,0.35013543430382427,0.8446698665049233,0.8166082598307302,-0.7441960443969012,-7.008740169684254,0.0,0.0
1858,9.324999999991606,0.9900230169296265,0.9891640543937683,0.990755021572113,1.0,0.16594432294368744,0.09551629677386358,0.42166439301410447,0.8442502184514611,0.8169288892968513,-0.841789369064634,-7.0306450763866986,0.0,0.0
1859,9.329999999991594,0.9892555475234985,0.9876160621643066,0.990755021572113,1.0,0.15425747632980347,0.09520846691208279,0.20896661950048848,0.8437634427469622,0.8172019909178052,-0.9128185975972142,-7.052768308898689,0.0,0.0
1860,9.334999999991583,0.9892555475234985,0.9876160621643066,0.990755021572113,1.0,0.15513774752616882,0.09455874816624368,0.483377355129703,0.8432718153578069,0.8174130637521005,-1.0009260370723443,-7.0671072469531735,0.0,0.0
1861,9.339999999991571,0.9892555475234985,0.9876160621643066,0.990755021572113,1.0,0.17260460555553436,0.09358948380633017,0.15889138839939237,0.8429531722899295,0.8176817767096454,-1.0671279421265487,-7.089141131755541,0.0,0.0
1862,9.34499999999156,0.9892555475234985,0.99071204662323,0.9876734018325806,0.8333333134651184,0.13150539994239807,0.09226699744836733,0.44239186067272235,0.8424635304054324,0.8180061127625781,-1.1475741125716417,-7.112200412380131,0.0,0.0
1863,9.349999999991548,0.9907904267311096,0.9876160621643066,0.9938367009162903,0.8333333134651184,0.13262155652046204,0.08584815005515167,0.2692525149870566,0.8419511019471082,0.8181322432245106,-1.2016506109725602,-7.123177249227225,0.0,0.0
1864,9.354999999991536,0.9892555475234985,0.9876160621643066,0.990755021572113,1.0,0.1682814061641693,0.08741640362359666,0.34059715100262555,0.841707172239395,0.8183681298866506,-1.2737001286650815,-7.142623761949661,0.0,0.0
1865,9.359999999991524,0.9892555475234985,0.9891640543937683,0.9892141819000244,1.0,0.14851173758506775,0.08638293620793353,0.2765897627808781,0.8412750275122298,0.8185229948496697,-1.3269631974451246,-7.151421062235363,0.0,0.0
1866,9.364999999991513,0.9892555475234985,0.9876160621643066,0.990755021572113,1.0,0.15451450645923615,0.08380764825858676,0.06029631418708126,0.8410795319503253,0.818615280977163,-1.3670389684967927,-7.160609043874461,0.0,0.0
1867,9.369999999991501,0.9923253655433655,0.99071204662323,0.9938367009162903,1.0,0.15560570359230042,0.0809650570493704,0.21340189411182722,0.8408753545805675,0.818760762047934,-1.406865259384521,-7.172953661536715,0.0,0.0
1868,9.37499999999149,0.9869531393051147,0.986068069934845,0.9876734018325806,0.8333333134651184,0.1392720341682434,0.07776236438089244,0.27372811018135074,0.8406010297436286,0.8187806804340828,-1.4303797094172985,-7.177827864975548,0.0,0.0
1869,9.379999999991478,0.9900230169296265,0.9891640543937683,0.990755021572113,1.0,0.16798023879528046,0.07328155685370216,0.1294306024493816,0.8404927141116545,0.8189591010248821,-1.4805347233823132,-7.188160092717806,0.0,0.0
1870,9.384999999991466,0.9892555475234985,0.9876160621643066,0.990755021572113,1.0,0.1566852629184723,0.0706233456408458,0.19170384161750684,0.8402631090507154,0.8190772177024906,-1.5165490343300094,-7.194602103986476,0.0,0.0
1871,9.389999999991455,0.9907904267311096,0.9891640543937683,0.9922958612442017,1.0,0.17302730679512024,0.06668010615305987,0.05641750565530277,0.840119953244745,0.8191341931401117,-1.5429546698463183,-7.198359338204421,0.0,0.0
1872,9.394999999991443,0.9884880781173706,0.9876160621643066,0.9892141819000244,1.0,0.15233491361141205,0.062480135199994874,0.12331477841909184,0.8400364591510129,0.8191888006427397,-1.5591883124680876,-7.201519618769297,0.0,0.0
1873,9.399999999991431,0.9900230169296265,0.9891640543937683,0.990755021572113,1.0,0.156801238656044,0.058072304426960486,0.24719019131402958,0.8399662306940157,0.8191822364249921,-1.562543880249633,-7.201935780367407,0.0,0.0
1874,9.40499999999142,0.9877206087112427,0.9876160621643066,0.9876734018325806,1.0,0.1553787738084793,0.05344243317944742,0.09967041070944281,0.839956982658502,0.8191193695684637,-1.5605708537151135,-7.197739987157684,0.0,0.0
1875,9.409999999991408,0.9907904267311096,0.9891640543937683,0.9922958612442017,0.8333333134651184,0.1339530348777771,0.04865064103398626,0.06928002439006847,0.840050222507607,0.8190235786989021,-1.543596671915009,-7.192818574038659,0.0,0.0
1876,9.414999999991396,0.9884880781173706,0.986068069934845,0.990755021572113,1.0,0.1695379763841629,0.04304705626986818,0.08336019816346349,0.8401595872435854,0.8188344733378885,-1.5201288430294622,-7.180601142073884,0.0,0.0
1877,9.419999999991385,0.9900230169296265,0.99071204662323,0.9892141819000244,0.8333333134651184,0.14927099645137787,0.03854152434169314,0.347290349062992,0.8404310857316915,0.8186877885445643,-1.4850001164997233,-7.17091296683221,0.0,0.0
1878,9.424999999991373,0.9884880781173706,0.9876160621643066,0.9892141819000244,1.0,0.17426086962223053,0.03150882246402633,0.27284207963396584,0.8406463785148398,0.8184622152057548,-1.436683766770624,-7.15737502353431,0.0,0.0
1879,9.429999999991361,0.9915578961372375,0.9891640543937683,0.9938367009162903,1.0,0.17588858306407928,0.027880033707475643,0.3823773854854013,0.8409472216992375,0.8182197705250631,-1.3790150329545043,-7.140131523580136,0.0,0.0
1880,9.43499999999135,0.9877206087112427,0.9876160621643066,0.9876734018325806,1.0,0.16201052069664001,0.022378237753025807,0.36185533167925593,0.8413304105871081,0.81792594380063,-1.3141867820125996,-7.122550244253371,0.0,0.0
1881,9.439999999991338,0.9892555475234985,0.9876160621643066,0.990755021572113,1.0,0.12416915595531464,0.01679815792310215,0.11535433437383566,0.8417211056832584,0.8175909116650785,-1.2459025462708881,-7.101654335322338,0.0,0.0
1882,9.444999999991326,0.9907904267311096,0.99071204662323,0.990755021572113,1.0,0.17879968881607056,0.011155875808695193,0.27983012969164184,0.8421854592150592,0.8173121859318805,-1.2051923996896619,-7.080168762834765,0.0,0.0
1883,9.449999999991315,0.9892555475234985,0.9876160621643066,0.990755021572113,1.0,0.16713212430477142,0.005463635105668215,0.2391493171079485,0.8426629163814496,0.8171580674229316,-1.1654967563720646,-7.063882891857115,0.0,0.0
1884,9.454999999991303,0.9892555475234985,0.9876160621643066,0.990755021572113,1.0,0.15338650345802307,0.0002541500316364291,0.19811686019338814,0.8430248246253974,0.8169683165953182,-1.1328607913303947,-7.046874822553125,0.0,0.0
1885,9.459999999991291,0.9892555475234985,0.9876160621643066,0.990755021572113,1.0,0.1796073019504547,0.005975840300843936,0.2711787957481647,0.8434027817210417,0.8164860061279744,-1.100276123294113,-7.010632459111838,0.0,0.0
1886,9.46499999999128,0.9884880781173706,0.9891640543937683,0.9876734018325806,1.0,0.14922299981117249,0.011685529102075409,0.1819284109231551,0.8442081675752925,0.8160558560260097,-1.0577368366895386,-6.975426055573951,0.0,0.0
1887,9.469999999991268,0.9915578961372375,0.9891640543937683,0.9938367009162903,1.0,0.16031280159950256,0.01736974154237875,0.13059780601966617,0.8449905320983566,0.8156099323993221,-1.0042605474598707,-6.937380327993262,0.0,0.0
1888,9.474999999991256,0.9892555475234985,0.9876160621643066,0.990755021572113,0.8333333134651184,0.1423053741455078,0.022998590151111248,0.32801288328284606,0.8458359927112609,0.815373978883589,-0.9399919005145657,-6.915997038638641,0.0,0.0
1889,9.479999999991245,0.9884880781173706,0.9876160621643066,0.9892141819000244,0.8333333134651184,0.13565212488174438,0.028094858918791887,0.11393159302902915,0.8463111769191414,0.8151008240861697,-0.882001442990443,-6.891095127371145,0.0,0.0
1890,9.484999999991233,0.9900230169296265,0.9891640543937683,0.990755021572113,1.0,0.15586301684379578,0.033470303578280784,0.5473355772722237,0.8468645527250857,0.8151334578947356,-0.8021273719360736,-6.889128679944307,0.0,0.0
1891,9.489999999991221,0.9907904267311096,0.9876160621643066,0.9938367009162903,1.0,0.1710827797651291,0.03931418665552597,0.24155106669334778,0.8469082515567932,0.8149344439712695,-0.7469810079039428,-6.872003072155725,0.0,0.0
1892,9.49499999999121,0.9884880781173706,0.9891640543937683,0.9876734018325806,0.8333333134651184,0.13943973183631897,0.04449694865099305,0.548612121667826,0.8472888206187617,0.8149527353193602,-0.6662411997028067,-6.87027159135234,0.0,0.0
1893,9.499999999991198,0.9892555475234985,0.9876160621643066,0.990755021572113,1.0,0.15388721227645874,0.04689187957100893,0.4015390872730694,0.847327297969948,0.8149042160132647,-0.5920120012636472,-6.863292222415849,0.0,0.0
1894,9.504999999991186,0.9900230169296265,0.9891640543937683,0.990755021572113,1.0,0.12420948594808578,0.054357225384465566,0.23354366243193925,0.8474823950574255,0.814823574173405,-0.523298475165899,-6.856849010524893,0.0,0.0
1895,9.509999999991175,0.9907904267311096,0.9891640543937683,0.9922958612442017,0.8333333134651184,0.12324775755405426,0.05901623992394834,0.38598685891776413,0.8476255775438912,0.8147534337993751,-0.45099411317535365,-6.8484735582626985,0.0,0.0
1896,9.514999999991163,0.9877206087112427,0.986068069934845,0.9892141819000244,0.8333333134651184,0.172077938914299,0.06036273529499556,0.3645080933816411,0.8478116987052734,0.8148332998824662,-0.3575175057673704,-6.856300607656588,0.0,0.0
1897,9.519999999991152,0.9907904267311096,0.99071204662323,0.990755021572113,0.8333333134651184,0.13460616767406464,0.0643562869181412,0.3023156642744839,0.847637764274298,0.8148549039899794,-0.279777750910217,-6.856791747212245,0.0,0.0
1898,9.52499999999114,0.9877206087112427,0.9876160621643066,0.9876734018325806,1.0,0.14967511594295502,0.06779336032648561,0.3615553441764002,0.8476268500619502,0.8148752290387399,-0.1959949986551034,-6.85517258214559,0.0,0.0
1899,9.529999999991128,0.9915578961372375,0.9891640543937683,0.9938367009162903,0.8333333134651184,0.1640968918800354,0.07530023576035125,0.4801080411945355,0.8476628315078758,0.8147649635458064,-0.12269639754714906,-6.851949201044094,0.0,0.0
1900,9.534999999991117,0.9884880781173706,0.986068069934845,0.990755021572113,1.0,0.1881249099969864,0.07455902581433317,0.28820316707551435,0.8477344621990202,0.814992429437999,-0.026793516191080693,-6.867553602002629,0.0,0.0
1901,9.539999999991105,0.9892555475234985,0.9891640543937683,0.9892141819000244,1.0,0.1691754311323166,0.08183020982904728,0.577331105044737,0.8473876977332749,0.8149418205792411,0.05716375349351714,-6.865300263861159,0.0,0.0
1902,9.544999999991093,0.9892555475234985,0.9891640543937683,0.9892141819000244,1.0,0.14732389152050018,0.08468143025828047,0.27856195353762647,0.8474377719141964,0.8152008090240046,0.14545789062451334,-6.885856698735299,0.0,0.0
1903,9.549999999991082,0.9915578961372375,0.9891640543937683,0.9938367009162903,1.0,0.16590283811092377,0.0872036651465709,0.3114593943741938,0.8469809622503267,0.8152321651460233,0.2267836771691965,-6.889793351849296,0.0,0.0
1904,9.55499999999107,0.9877206087112427,0.9876160621643066,0.9876734018325806,1.0,0.15660759806632996,0.08939838545123703,0.3860172833674589,0.8468934810700156,0.8154005785581749,0.3198424100630533,-6.902805752878078,0.0,0.0
1905,9.559999999991058,0.9892555475234985,0.9876160621643066,0.990755021572113,1.0,0.15726009011268616,0.09127228207137221,0.18682089619357398,0.8466043166027094,0.8154619289212409,0.4129266822953507,-6.911170621560329,0.0,0.0
1906,9.564999999991047,0.9900230169296265,0.9891640543937683,0.990755021572113,1.0,0.193019300699234,0.092837423899891,0.4190079864479186,0.8464184306319927,0.8156063103747051,0.5006911465822141,-6.925819358015667,0.0,0.0
1907,9.569999999991035,0.9907904267311096,0.9891640543937683,0.9922958612442017,1.0,0.14991478621959686,0.09406076436331767,0.38284678468668204,0.8460929031552074,0.8159845240073136,0.572144019332378,-6.956497628438519,0.0,0.0
1908,9.574999999991023,0.9884880781173706,0.9876160621643066,0.9892141819000244,1.0,0.1578238606452942,0.09487256209620187,0.31699335756606173,0.8454111638124774,0.8162762444003099,0.6649428466615486,-6.97862527554096,0.0,0.0
1909,9.579999999991012,0.9892555475234985,0.9876160621643066,0.990755021572113,1.0,0.14780482649803162,0.09537617793602099,0.5621492229009769,0.844919438321312,0.8164946147167816,0.7543209833571497,-6.995327019160165,0.0,0.0
1910,9.584999999991,0.9884880781173706,0.9891640543937683,0.9876734018325806,0.8333333134651184,0.18451055884361267,0.09553995868795027,0.4167473981669521,0.8445482884631075,0.8165564085421083,0.8439381921385967,-7.007410362231486,0.0,0.0
1911,9.589999999990988,0.9907904267311096,0.9876160621643066,0.9938367009162903,0.8333333134651184,0.14421115815639496,0.0940480770272234,0.3211399316212489,0.8442797697281892,0.8168232444639207,0.9238681017087127,-7.027268702761222,0.0,0.0
1912,9.594999999990977,0.9900230169296265,0.9891640543937683,0.990755021572113,1.0,0.1545587182044983,0.09028633844393262,0.3138822923439606,0.8438384732719728,0.8170176438404798,0.9965431155226354,-7.0422511359080335,0.0,0.0
1913,9.599999999990965,0.9884880781173706,0.9876160621643066,0.9892141819000244,1.0,0.15484336018562317,0.09402973269878012,0.04953656940780886,0.8435055303131548,0.8171868257960587,1.059082047457495,-7.058256660012235,0.0,0.0
1914,9.604999999990953,0.9892555475234985,0.9891640543937683,0.9892141819000244,0.8333333134651184,0.1367960423231125,0.09284026920354407,0.2360341343824145,0.8431498519997281,0.8174457010923589,1.1300718906766256,-7.079219662080953,0.0,0.0
1915,9.609999999990942,0.9907904267311096,0.9876160621643066,0.9938367009162903,1.0,0.1938164383172989,0.08649614184323501,0.3023715173836858,0.8426840075093122,0.8174552789711691,1.1761066063440755,-7.086109450892699,0.0,0.0
1916,9.61499999999093,0.9877206087112427,0.9876160621643066,0.9876734018325806,0.8333333134651184,0.1291705071926117,0.08947631681307981,0.2734290266043078,0.8425309010912734,0.8176684844174861,1.2262638525395633,-7.100548795772913,0.0,0.0
1917,9.619999999990918,0.9900230169296265,0.9891640543937683,0.990755021572113,1.0,0.15280252695083618,0.08308260239721565,0.3348952070838871,0.8422100267606019,0.8177647974017839,1.3109958044950611,-7.106226101687857,0.0,0.0
1918,9.624999999990907,0.9900230169296265,0.9891640543937683,0.990755021572113,1.0,0.15697263181209564,0.08487013344939859,0.2691085761941938,0.8420838644069365,0.8175880024941852,1.3617332599826972,-7.0957082064710875,0.0,0.0
1919,9.629999999990895,0.9900230169296265,0.9876160621643066,0.9922958612442017,1.0,0.15929213166236877,0.08214861861372706,0.09756045902203667,0.8423175954117537,0.8175594464762574,1.4041371396525313,-7.0959346929160825,0.0,0.0
1920,9.634999999990884,0.9884880781173706,0.9876160621643066,0.9892141819000244,1.0,0.15405553579330444,0.0790894735316783,0.42289933580766426,0.8423125623796426,0.8178037430477076,1.4567214164322764,-7.111148543972798,0.0,0.0
1921,9.639999999990872,0.9892555475234985,0.9876160621643066,0.990755021572113,1.0,0.12370177358388901,0.07572702119983626,0.08656715649450038,0.8419744768006044,0.8179665792822566,1.493376836316604,-7.12411156091113,0.0,0.0
1922,9.64499999999086,0.9892555475234985,0.99071204662323,0.9876734018325806,1.0,0.15734520554542542,0.07209891948069426,0.3105567567367523,0.8416864097575305,0.8181468734690914,1.517857456651893,-7.136334612112681,0.0,0.0
1923,9.649999999990849,0.9900230169296265,0.9876160621643066,0.9922958612442017,1.0,0.15999843180179596,0.06822342884987483,0.1726897677994359,0.841414786397496,0.8182960510084133,1.5452682802030255,-7.145963337184951,0.0,0.0
1924,9.654999999990837,0.9892555475234985,0.9876160621643066,0.990755021572113,0.8333333134651184,0.14967618882656097,0.06410073772255362,0.10198117459682025,0.8412008147292234,0.8183806253709948,1.5741169334800205,-7.151374145596355,0.0,0.0
1925,9.659999999990825,0.9892555475234985,0.9891640543937683,0.9892141819000244,1.0,0.16212865710258484,0.05685593944491636,0.05231357517721473,0.8410805745423032,0.8183999198805154,1.5818640754889748,-7.152041901614539,0.0,0.0
1926,9.664999999990814,0.9892555475234985,0.9891640543937683,0.9892141819000244,1.0,0.16148430109024048,0.055205974785259224,0.2084230910764373,0.8410657355196769,0.8183646718001656,1.5832649210536922,-7.148631111710897,0.0,0.0
1927,9.669999999990802,0.9915578961372375,0.9891640543937683,0.9938367009162903,1.0,0.15671828389167786,0.050478587830906606,0.08581554945631184,0.841141530850869,0.8183696152923501,1.5727178058542572,-7.148929854785943,0.0,0.0
1928,9.67499999999079,0.9877206087112427,0.9876160621643066,0.9876734018325806,1.0,0.15713709592819214,0.04553508395882573,0.2512305884437455,0.8411348921158679,0.8182458636953319,1.5460320660926063,-7.142371432904606,0.0,0.0
1929,9.679999999990779,0.9892555475234985,0.9876160621643066,0.990755021572113,0.8333333134651184,0.15747274458408356,0.0404486461624396,0.23315057640940373,0.841280634824342,0.8181134858100992,1.513243440358401,-7.135377892539494,0.0,0.0
1930,9.684999999990767,0.9900230169296265,0.9891640543937683,0.990755021572113,1.0,0.161778062582016,0.03350956023875022,0.038998639583214416,0.8414360468324557,0.8180217367781687,1.4761832593331237,-7.127344639073632,0.0,0.0
1931,9.689999999990755,0.9900230169296265,0.9876160621643066,0.9922958612442017,0.8333333134651184,0.13338015973567963,0.029860275817421244,0.11089278144337748,0.8416145635761415,0.8178528429987995,1.4229429568783782,-7.118620815259757,0.0,0.0
1932,9.694999999990744,0.9892555475234985,0.9891640543937683,0.9892141819000244,1.0,0.15175145864486694,0.024041764086354937,0.37949550418471173,0.8418084263275609,0.8175942073400616,1.3668002114737445,-7.1014639455832524,0.0,0.0
1933,9.699999999990732,0.9892555475234985,0.9876160621643066,0.990755021572113,0.8333333134651184,0.15072134137153625,0.018831131588368112,0.28804568317133483,0.8421896900981499,0.8171637463868261,1.2958839519889902,-7.074262306198162,0.0,0.0
1934,9.70499999999072,0.9884880781173706,0.9891640543937683,0.9876734018325806,1.0,0.15871171653270721,0.01256262685308793,0.061849399071315724,0.8427941709733742,0.816890766189344,1.2678467943869232,-7.048951309294,0.0,0.0
1935,9.709999999990709,0.9907904267311096,0.9876160621643066,0.9938367009162903,0.8333333134651184,0.12950527667999268,0.007524219596904726,0.22784179961702547,0.8433566375712445,0.81665098873051,1.233867063082264,-7.0290110168385285,0.0,0.0
1936,9.714999999990697,0.9892555475234985,0.9876160621643066,0.990755021572113,0.6666666865348816,0.11730949580669403,0.0017813734297152258,0.2927137872081857,0.8437997551813661,0.8163445675796073,1.1868233370699928,-7.0038329044557806,0.0,0.0
1937,9.719999999990685,0.9892555475234985,0.9891640543937683,0.9892141819000244,1.0,0.16997362673282623,0.0038063318362687496,0.3221021656651087,0.8443592687898716,0.8162403505728336,1.145672534385698,-6.991249364331524,0.0,0.0
1938,9.724999999990674,0.9892555475234985,0.9891640543937683,0.9892141819000244,1.0,0.16486482322216034,0.00964209436935839,0.2818764176637218,0.844638903014855,0.8159284448452295,1.1010759329088087,-6.9666785167975815,0.0,0.0
1939,9.729999999990662,0.9907904267311096,0.9876160621643066,0.9938367009162903,1.0,0.1881609857082367,0.015338310573135285,0.24708137362198865,0.8451849218489427,0.8157932223382903,1.04102451921332,-6.952614659421654,0.0,0.0
1940,9.73499999999065,0.9877206087112427,0.9876160621643066,0.9876734018325806,1.0,0.15541139245033264,0.020973727695125465,0.30992488423508935,0.8454974520128521,0.8158001625673811,0.9786168393726861,-6.9455524964716,0.0,0.0
1941,9.739999999990639,0.9892555475234985,0.9876160621643066,0.990755021572113,0.8333333134651184,0.13941225409507751,0.026536681059754475,0.35875881270280896,0.8456543889672978,0.8157551587717244,0.9157807338230506,-6.939356288117388,0.0,0.0
1942,9.744999999990627,0.9907904267311096,0.99071204662323,0.990755021572113,0.8333333134651184,0.136154904961586,0.031512861783563426,0.32080844744469317,0.8457920824862802,0.8157226215738286,0.8600221769816191,-6.934607533431631,0.0,0.0
1943,9.749999999990616,0.9900230169296265,0.9876160621643066,0.9922958612442017,0.8333333134651184,0.13186690211296082,0.035397977731410034,0.39566523288774647,0.845897610368186,0.8155965204604835,0.7921164171552861,-6.920918952179635,0.0,0.0
1944,9.754999999990604,0.9884880781173706,0.9876160621643066,0.9892141819000244,0.8333333134651184,0.15281270444393158,0.04199081404035073,0.31382096468703174,0.8462018010626748,0.8154116771249693,0.7157484007442071,-6.903331615069577,0.0,0.0
1945,9.759999999990592,0.9892555475234985,0.9876160621643066,0.990755021572113,1.0,0.15943202376365662,0.04693664493297644,0.30335824605570033,0.8465926307762316,0.815533586732795,0.6467683517199754,-6.910366132803979,0.0,0.0
1946,9.76499999999058,0.9892555475234985,0.9891640543937683,0.9892141819000244,1.0,0.15727496147155762,0.052565176683853305,0.38667161852783516,0.8464363081599116,0.8152809370238666,0.5813930872354701,-6.890729792441411,0.0,0.0
1947,9.769999999990569,0.9907904267311096,0.9891640543937683,0.9922958612442017,0.6666666865348816,0.08689948916435242,0.05731059264836719,0.12724653057371807,0.8468726712790797,0.8153258206871808,0.4977556041312914,-6.893431430811076,0.0,0.0
1948,9.774999999990557,0.9892555475234985,0.9876160621643066,0.990755021572113,1.0,0.12988878786563873,0.05784344187353874,0.15414207936676322,0.846812634870865,0.8151423614830726,0.4189838233759759,-6.875269464536953,0.0,0.0
1949,9.779999999990546,0.9884880781173706,0.9876160621643066,0.9892141819000244,1.0,0.15109238028526306,0.06610626931566879,0.3464728039109059,0.847216234121401,0.8153733379442941,0.33145300399901656,-6.889720352564782,0.0,0.0
1950,9.784999999990534,0.9900230169296265,0.9891640543937683,0.990755021572113,1.0,0.16266778111457825,0.07012870731501403,0.3701352092785384,0.8468951032763381,0.815271188955453,0.26207950847776745,-6.8892536856466915,0.0,0.0
1951,9.789999999990522,0.9907904267311096,0.9876160621643066,0.9938367009162903,0.8333333134651184,0.12610770761966705,0.07393108700312997,0.2899083956214585,0.8469054736522957,0.815410756459914,0.17559076260106354,-6.894255441542325,0.0,0.0
1952,9.79499999999051,0.9884880781173706,0.9891640543937683,0.9876734018325806,1.0,0.15210586786270142,0.07633402813485297,0.2078734019860716,0.8467943235212817,0.8157207498625043,0.091859623014729,-6.919494097929983,0.0,0.0
1953,9.799999999990499,0.9892555475234985,0.9876160621643066,0.990755021572113,1.0,0.1488562673330307,0.08062014609264641,0.4658066252202165,0.8462334644904448,0.8158477706002208,-0.0003977901844979752,-6.92760379922783,0.0,0.0
1954,9.804999999990487,0.9900230169296265,0.9891640543937683,0.990755021572113,1.0,0.15595600008964539,0.08356050637025576,0.18833424948056737,0.8460532489060482,0.8159808773347924,-0.08036867219433307,-6.9395066621276715,0.0,0.0
1955,9.809999999990476,0.9907904267311096,0.9891640543937683,0.9922958612442017,1.0,0.15472477674484253,0.0861980441948942,0.3001657104036095,0.8457887408416073,0.8160013535267353,-0.15561847164627593,-6.9441936690818595,0.0,0.0
1956,9.814999999990464,0.9884880781173706,0.986068069934845,0.990755021572113,0.8333333134651184,0.13772159814834595,0.08851114393377686,0.23606648464162763,0.8456845851315142,0.8160287343741744,-0.24737827157575074,-6.94902763785513,0.0,0.0
1957,9.819999999990452,0.9907904267311096,0.99071204662323,0.990755021572113,1.0,0.15787936747074127,0.08913686255447538,0.41553963383284087,0.8455771636032193,0.8160414046303902,-0.3341937065722209,-6.952395302288036,0.0,0.0
1958,9.82499999999044,0.9877206087112427,0.9876160621643066,0.9876734018325806,0.8333333134651184,0.12086925655603409,0.09219739681060753,0.3439517811082713,0.8455023266158215,0.8161776226251439,-0.41041709781021773,-6.966242862360492,0.0,0.0
1959,9.829999999990429,0.9915578961372375,0.9891640543937683,0.9938367009162903,1.0,0.18615588545799255,0.09222579011804025,0.30386473488858057,0.8451946030586557,0.8162954314497064,-0.4882084143558422,-6.977629083209166,0.0,0.0
1960,9.834999999990417,0.9884880781173706,0.986068069934845,0.990755021572113,1.0,0.15661358833312988,0.09453289437391986,0.46852198537822115,0.8449415759286851,0.8164761751676467,-0.590754940872484,-6.992108464360165,0.0,0.0
1961,9.839999999990406,0.9892555475234985,0.9891640543937683,0.9892141819000244,1.0,0.1718091070652008,0.09517835863133084,0.7015323215662204,0.8446198119031074,0.8167161602102815,-0.6790525970418593,-7.012219416811769,0.0,0.0
1962,9.844999999990394,0.9892555475234985,0.9891640543937683,0.9892141819000244,1.0,0.15345825254917145,0.09546736691684789,0.1582779319654748,0.8441729018486274,0.8170325496820326,-0.7771362530058677,-7.037086572893371,0.0,0.0
1963,9.849999999990382,0.9915578961372375,0.9891640543937683,0.9938367009162903,1.0,0.15935274958610535,0.09542971983182306,0.36440992055152743,0.8436202983801473,0.81719181555568,-0.8845058956928459,-7.048288727290127,0.0,0.0
1964,9.85499999999037,0.9877206087112427,0.9876160621643066,0.9876734018325806,1.0,0.17307470738887787,0.0950298356402011,0.2649955359826474,0.843371361615775,0.817485894691825,-0.9665745583443563,-7.070119317449265,0.0,0.0
1965,9.85999999999036,0.9892555475234985,0.9876160621643066,0.990755021572113,1.0,0.15943357348442078,0.09428626472462578,0.44089174623414684,0.8428862373900163,0.8177219830134531,-1.0438213556446183,-7.087891273782472,0.0,0.0
1966,9.864999999990347,0.9900230169296265,0.9891640543937683,0.990755021572113,1.0,0.1574777066707611,0.0932246401106445,0.16587870165619084,0.8424913050270562,0.817961588724567,-1.1027563137541496,-7.108513748078657,0.0,0.0
1967,9.869999999990336,0.9907904267311096,0.9891640543937683,0.9922958612442017,1.0,0.16485434770584106,0.09182912507786115,0.18563523328835885,0.8420330278204743,0.8181221809975081,-1.1611130731961872,-7.123005543767121,0.0,0.0
1968,9.874999999990324,0.9884880781173706,0.9876160621643066,0.9892141819000244,0.8333333134651184,0.17249341309070587,0.09008843368376414,0.3027537237246444,0.8417109879162862,0.818285473165337,-1.2273964915430662,-7.138276872250641,0.0,0.0
1969,9.879999999990313,0.9892555475234985,0.9876160621643066,0.990755021572113,0.8333333134651184,0.14790377020835876,0.0867871487191745,0.2458019573018382,0.8413716250610969,0.8184699885825835,-1.2918380077853353,-7.1501743840447824,0.0,0.0
1970,9.8849999999903,0.9884880781173706,0.9891640543937683,0.9876734018325806,1.0,0.1594795286655426,0.08150258416514936,0.27000633174294053,0.8411072359101159,0.818602824146158,-1.3389591079214918,-7.159845293334021,0.0,0.0
1971,9.88999999999029,0.9907904267311096,0.9876160621643066,0.9938367009162903,1.0,0.14887556433677673,0.08302552163396865,0.16055279546157256,0.8408923268147995,0.818672022965376,-1.3757864064655103,-7.168852832702313,0.0,0.0
1972,9.894999999990278,0.9900230169296265,0.9891640543937683,0.990755021572113,1.0,0.16271114349365234,0.08007536086445616,0.4674397853696179,0.8406921592732819,0.818789106735286,-1.4226375711730364,-7.1765539431070176,0.0,0.0
1973,9.899999999990266,0.9884880781173706,0.9876160621643066,0.9892141819000244,1.0,0.15072840452194214,0.0768241029114717,0.09644390200034189,0.8405210234865107,0.8189003463224029,-1.4627752003471701,-7.185600249710693,0.0,0.0
1974,9.904999999990254,0.9892555475234985,0.9891640543937683,0.9892141819000244,1.0,0.16008830070495605,0.07330614042703179,0.172798674015402,0.8403199944508735,0.8187170406060491,-1.4958830343330953,-7.17282306605968,0.0,0.0
1975,9.909999999990243,0.9907904267311096,0.9876160621643066,0.9938367009162903,1.0,0.1491178423166275,0.06958015781236294,0.10947664174169057,0.8406039318653404,0.8187179624987259,-1.5145621895908588,-7.173459135197563,0.0,0.0
1976,9.914999999990231,0.9877206087112427,0.9876160621643066,0.9876734018325806,1.0,0.1567905992269516,0.06554801664530654,0.03289708334643055,0.8405897969956098,0.8185980583068492,-1.5328248675798497,-7.165768514055543,0.0,0.0
1977,9.91999999999022,0.9900230169296265,0.9891640543937683,0.990755021572113,1.0,0.15987634658813477,0.06131751267502501,0.14927895159370969,0.8407606996876547,0.8185841868743856,-1.5465410344691555,-7.163965860818663,0.0,0.0
1978,9.924999999990208,0.9900230169296265,0.9891640543937683,0.990755021572113,1.0,0.15522709488868713,0.05685371542865295,0.13180854465937608,0.8408007586484741,0.8185971629963231,-1.5493214826092094,-7.165840342401714,0.0,0.0
1979,9.929999999990196,0.9892555475234985,0.9876160621643066,0.990755021572113,1.0,0.15897220373153687,0.05217277149563093,0.17092931897794458,0.8407591035021841,0.8185083928986974,-1.5508801080260595,-7.158422138494451,0.0,0.0
1980,9.934999999990184,0.9892555475234985,0.9876160621643066,0.990755021572113,1.0,0.15209950506687164,0.04731693676540674,0.20299720358203244,0.8409239524779011,0.818493089858001,-1.5324062450467988,-7.158983112392624,0.0,0.0
1981,9.939999999990173,0.9892555475234985,0.9876160621643066,0.990755021572113,1.0,0.16289301216602325,0.04228056051231739,0.13199379056908558,0.840911486391275,0.8182919140426863,-1.5129305233131627,-7.145197422341569,0.0,0.0
1982,9.944999999990161,0.9892555475234985,0.99071204662323,0.9876734018325806,1.0,0.1553984135389328,0.0371070812671347,0.3065655373841823,0.8412178350590762,0.8180908937663306,-1.4696989508129492,-7.133835723845514,0.0,0.0
1983,9.94999999999015,0.9907904267311096,0.9876160621643066,0.9938367009162903,0.8333333134651184,0.13813450932502747,0.03180038867318727,0.1108988973890273,0.8414703172478775,0.8179292616064566,-1.4262558404690808,-7.123022462567971,0.0,0.0
1984,9.954999999990138,0.9892555475234985,0.9876160621643066,0.990755021572113,1.0,0.16349002718925476,0.02497669333793687,0.06068891110114641,0.841710611942934,0.8177661246328993,-1.3684812286489736,-7.11192901430501,0.0,0.0
1985,9.959999999990126,0.9892555475234985,0.9891640543937683,0.9892141819000244,1.0,0.16170832514762878,0.020837656592499643,0.2589263655352605,0.8419571330154443,0.8174463310973136,-1.2972943443089033,-7.092810578961274,0.0,0.0
1986,9.964999999990114,0.9884880781173706,0.9876160621643066,0.9892141819000244,1.0,0.15488600730895996,0.015231745398572171,0.2441325907795275,0.8423819871341939,0.8171847163284236,-1.227446557233917,-7.07451589595872,0.0,0.0
1987,9.969999999990103,0.9923253655433655,0.99071204662323,0.9938367009162903,1.0,0.1616777926683426,0.00957177894638884,0.29850295414339456,0.8427885356453617,0.8168794037978492,-1.1951478414340968,-7.0480587696043,0.0,0.0
1988,9.974999999990091,0.9869531393051147,0.986068069934845,0.9876734018325806,1.0,0.1623033583164215,0.0038650918303402637,0.2599426286590786,0.8433764717865712,0.816698171636406,-1.1569848439483639,-7.033097367378332,0.0,0.0
1989,9.97999999999008,0.9900230169296265,0.9891640543937683,0.990755021572113,1.0,0.18317531049251556,0.0018593803271691276,0.21338949680517744,0.8437089473915926,0.8164884159691744,-1.1128027188132605,-7.013910962203238,0.0,0.0
1990,9.984999999990068,0.9892555475234985,0.9876160621643066,0.990755021572113,1.0,0.17779844999313354,0.007582799560462456,0.350809082744503,0.8441353119510391,0.8162491632156147,-1.065101756218646,-6.992033520318306,0.0,0.0
1991,9.989999999990056,0.9907904267311096,0.9891640543937683,0.9922958612442017,1.0,0.15259671211242676,0.013288127876512146,0.33198837568988926,0.8446214773262599,0.8161580297299044,-1.0109166832044991,-6.980597923594196,0.0,0.0
1992,9.994999999990045,0.9884880781173706,0.9876160621643066,0.9892141819000244,1.0,0.16303864121437073,0.018942505443324605,0.28417712106397075,0.8448756016979068,0.8159427623577857,-0.9547219705402523,-6.96178915588624,0.0,0.0
1993,9.999999999990033,0.9900230169296265,0.9891640543937683,0.990755021572113,1.0,0.1723141372203827,0.024540839153524556,0.46830471235953863,0.8452935743136392,0.8156681041325368,-0.8897341610723268,-6.936090940700783,0.0,0.0
1994,10.004999999990021,0.9877206087112427,0.9876160621643066,0.9876734018325806,1.0,0.18024292588233948,0.03005287477559494,0.4443003862921843,0.8458646457622048,0.815604414493931,-0.832583821844635,-6.928652268656445,0.0,0.0
1995,10.00999999999001,0.9915578961372375,0.9891640543937683,0.9938367009162903,1.0,0.16805674135684967,0.03546450464208425,0.23326560812152108,0.8460299495854123,0.8156845023938631,-0.768165446918228,-6.930260453594671,0.0,0.0
1996,10.014999999989998,0.9884880781173706,0.986068069934845,0.990755021572113,1.0,0.15170572698116302,0.04072505058959524,0.34160680306921243,0.8459942121423407,0.8154399898567662,-0.6985965219039211,-6.9084697186669235,0.0,0.0
1997,10.019999999989986,0.9900230169296265,0.99071204662323,0.9892141819000244,1.0,0.15717309713363647,0.04587557579433311,0.3924103892053736,0.8464784506962906,0.8155468653719871,-0.619599657474106,-6.913063432962027,0.0,0.0
1998,10.024999999989975,0.9884880781173706,0.9876160621643066,0.9892141819000244,1.0,0.15648382902145386,0.05082136956095633,0.060439649640594666,0.8463763681563994,0.8154406418238146,-0.5500006498461575,-6.902823796072762,0.0,0.0
1999,10.029999999989963,0.9915578961372375,0.9891640543937683,0.9938367009162903,1.0,0.1232122927904129,0.05562791774126806,0.21430503968416906,0.8466039156428276,0.8152491266070208,-0.4727301777154596,-6.887785717310116,0.0,0.0
